{
  "aggregate_score": 0.34029775857925415,
  "ptm": 0.704712986946106,
  "iptm": 0.2491939663887024,
  "per_chain_ptm": [
    [
      0.3168756663799286,
      0.0,
      0.7047346234321594
    ]
  ],
  "per_chain_pair_iptm": [
    [
      [
        0.3168756663799286,
        0.0011877192882820964,
        0.24821221828460693
      ],
      [
        0.0,
        0.0,
        0.0
      ],
      [
        0.11319384723901749,
        0.014412191696465015,
        0.7047346234321594
      ]
    ]
  ],
  "has_inter_chain_clashes": false,
  "chain_intra_clashes": [
    [
      0,
      0,
      0
    ]
  ],
  "chain_chain_inter_clashes": [
    [
      [
        0,
        0,
        0
      ],
      [
        0,
        0,
        0
      ],
      [
        0,
        0,
        0
      ]
    ]
  ]
}