{
  "aggregate_score": 0.33687543869018555,
  "ptm": 0.7053664922714233,
  "iptm": 0.2447526901960373,
  "per_chain_ptm": [
    [
      0.31685870885849,
      0.0,
      0.7034701108932495
    ]
  ],
  "per_chain_pair_iptm": [
    [
      [
        0.31685870885849,
        0.0036293917801231146,
        0.24323733150959015
      ],
      [
        0.0,
        0.0,
        0.0
      ],
      [
        0.11382097005844116,
        0.12201900780200958,
        0.7034701108932495
      ]
    ]
  ],
  "has_inter_chain_clashes": false,
  "chain_intra_clashes": [
    [
      0,
      0,
      0
    ]
  ],
  "chain_chain_inter_clashes": [
    [
      [
        0,
        0,
        0
      ],
      [
        0,
        0,
        0
      ],
      [
        0,
        0,
        0
      ]
    ]
  ]
}