{
  "aggregate_score": 0.3408828377723694,
  "ptm": 0.7017031311988831,
  "iptm": 0.2506777346134186,
  "per_chain_ptm": [
    [
      0.31746429204940796,
      0.0,
      0.6996928453445435
    ]
  ],
  "per_chain_pair_iptm": [
    [
      [
        0.31746429204940796,
        0.003538696328178048,
        0.24919027090072632
      ],
      [
        0.0,
        0.0,
        0.0
      ],
      [
        0.11360102146863937,
        0.12543943524360657,
        0.6996928453445435
      ]
    ]
  ],
  "has_inter_chain_clashes": false,
  "chain_intra_clashes": [
    [
      0,
      0,
      0
    ]
  ],
  "chain_chain_inter_clashes": [
    [
      [
        0,
        0,
        0
      ],
      [
        0,
        0,
        0
      ],
      [
        0,
        0,
        0
      ]
    ]
  ]
}