{
  "aggregate_score": 0.3356475532054901,
  "ptm": 0.7047321796417236,
  "iptm": 0.24337640404701233,
  "per_chain_ptm": [
    [
      0.3165872097015381,
      0.0,
      0.7028173804283142
    ]
  ],
  "per_chain_pair_iptm": [
    [
      [
        0.3165872097015381,
        0.003704616567119956,
        0.24187900125980377
      ],
      [
        0.0,
        0.0,
        0.0
      ],
      [
        0.1135256290435791,
        0.12289465963840485,
        0.7028173804283142
      ]
    ]
  ],
  "has_inter_chain_clashes": false,
  "chain_intra_clashes": [
    [
      0,
      0,
      0
    ]
  ],
  "chain_chain_inter_clashes": [
    [
      [
        0,
        0,
        0
      ],
      [
        0,
        0,
        0
      ],
      [
        0,
        0,
        0
      ]
    ]
  ]
}