{
  "aggregate_score": 0.3403497338294983,
  "ptm": 0.7060739398002625,
  "iptm": 0.24891865253448486,
  "per_chain_ptm": [
    [
      0.3174711763858795,
      0.0,
      0.7041470408439636
    ]
  ],
  "per_chain_pair_iptm": [
    [
      [
        0.3174711763858795,
        0.003532427130267024,
        0.2474135458469391
      ],
      [
        0.0,
        0.0,
        0.0
      ],
      [
        0.11452746391296387,
        0.12235352396965027,
        0.7041470408439636
      ]
    ]
  ],
  "has_inter_chain_clashes": false,
  "chain_intra_clashes": [
    [
      0,
      0,
      0
    ]
  ],
  "chain_chain_inter_clashes": [
    [
      [
        0,
        0,
        0
      ],
      [
        0,
        0,
        0
      ],
      [
        0,
        0,
        0
      ]
    ]
  ]
}