{
  "aggregate_score": 0.9424399137496948,
  "ptm": 0.9828824996948242,
  "iptm": 0.9323292970657349,
  "per_chain_ptm": [
    [
      0.9777994751930237,
      0.9071287512779236
    ]
  ],
  "per_chain_pair_iptm": [
    [
      [
        0.9777994751930237,
        0.9323292970657349
      ],
      [
        0.9022637009620667,
        0.9071287512779236
      ]
    ]
  ],
  "has_inter_chain_clashes": false,
  "chain_intra_clashes": [
    [
      0,
      0
    ]
  ],
  "chain_chain_inter_clashes": [
    [
      [
        0,
        0
      ],
      [
        0,
        0
      ]
    ]
  ]
}