{
  "aggregate_score": 0.9408968687057495,
  "ptm": 0.982437252998352,
  "iptm": 0.9305117130279541,
  "per_chain_ptm": [
    [
      0.9773609638214111,
      0.9083407521247864
    ]
  ],
  "per_chain_pair_iptm": [
    [
      [
        0.9773609638214111,
        0.9305117130279541
      ],
      [
        0.9003732800483704,
        0.9083407521247864
      ]
    ]
  ],
  "has_inter_chain_clashes": false,
  "chain_intra_clashes": [
    [
      0,
      0
    ]
  ],
  "chain_chain_inter_clashes": [
    [
      [
        0,
        0
      ],
      [
        0,
        0
      ]
    ]
  ]
}