hgvs	count
p.(G1A)	122
p.(G1R)	110
p.(G1N)	46
p.(G1D)	100
p.(G1C)	103
p.(G1Q)	91
p.(G1E)	212
p.(G1G)	0
p.(G1H)	125
p.(G1I)	119
p.(G1K)	80
p.(G1M)	97
p.(G1F)	89
p.(G1P)	38
p.(G1L)	72
p.(G1S)	91
p.(G1T)	79
p.(G1W)	3087
p.(G1Y)	123
p.(G1V)	120
p.(K2A)	39
p.(K2R)	68
p.(K2N)	138
p.(K2D)	81
p.(K2C)	107
p.(K2Q)	141
p.(K2E)	318
p.(K2G)	107
p.(K2H)	59
p.(K2I)	178
p.(K2K)	0
p.(K2M)	111
p.(K2F)	97
p.(K2P)	58
p.(K2L)	79
p.(K2S)	108
p.(K2T)	45
p.(K2W)	128
p.(K2Y)	111
p.(K2V)	95
p.(F3A)	114
p.(F3R)	78
p.(F3N)	109
p.(F3D)	93
p.(F3C)	95
p.(F3Q)	111
p.(F3E)	137
p.(F3G)	71
p.(F3H)	162
p.(F3I)	114
p.(F3K)	120
p.(F3M)	113
p.(F3F)	0
p.(F3P)	110
p.(F3L)	139
p.(F3S)	121
p.(F3T)	113
p.(F3W)	262
p.(F3Y)	151
p.(F3V)	108
p.(G4A)	80
p.(G4R)	83
p.(G4N)	70
p.(G4D)	1349
p.(G4C)	99
p.(G4Q)	61
p.(G4E)	174
p.(G4G)	0
p.(G4H)	56
p.(G4I)	60
p.(G4K)	76
p.(G4M)	74
p.(G4F)	65
p.(G4P)	102
p.(G4L)	110
p.(G4S)	77
p.(G4T)	200
p.(G4W)	178
p.(G4Y)	93
p.(G4V)	344
p.(Q5A)	85
p.(Q5R)	121
p.(Q5N)	51
p.(Q5D)	102
p.(Q5C)	67
p.(Q5Q)	0
p.(Q5E)	62
p.(Q5G)	97
p.(Q5H)	169
p.(Q5I)	62
p.(Q5K)	100
p.(Q5M)	97
p.(Q5F)	128
p.(Q5P)	102
p.(Q5L)	108
p.(Q5S)	85
p.(Q5T)	101
p.(Q5W)	106
p.(Q5Y)	92
p.(Q5V)	89
p.(Q6A)	97
p.(Q6R)	88
p.(Q6N)	82
p.(Q6D)	93
p.(Q6C)	114
p.(Q6Q)	0
p.(Q6E)	100
p.(Q6G)	130
p.(Q6H)	64
p.(Q6I)	69
p.(Q6K)	115
p.(Q6M)	92
p.(Q6F)	128
p.(Q6P)	128
p.(Q6L)	70
p.(Q6S)	52
p.(Q6T)	53
p.(Q6W)	99
p.(Q6Y)	127
p.(Q6V)	247
p.(S7A)	80
p.(S7R)	78
p.(S7N)	110
p.(S7D)	104
p.(S7C)	99
p.(S7Q)	99
p.(S7E)	141
p.(S7G)	129
p.(S7H)	64
p.(S7I)	112
p.(S7K)	105
p.(S7M)	66
p.(S7F)	92
p.(S7P)	304
p.(S7L)	18
p.(S7S)	0
p.(S7T)	85
p.(S7W)	136
p.(S7Y)	94
p.(S7V)	93
p.(G8A)	99
p.(G8R)	124
p.(G8N)	139
p.(G8D)	103
p.(G8C)	107
p.(G8Q)	73
p.(G8E)	235
p.(G8G)	0
p.(G8H)	116
p.(G8I)	87
p.(G8K)	120
p.(G8M)	83
p.(G8F)	80
p.(G8P)	128
p.(G8L)	100
p.(G8S)	64
p.(G8T)	105
p.(G8W)	120
p.(G8Y)	109
p.(G8V)	449
p.(A9A)	0
p.(A9R)	111
p.(A9N)	101
p.(A9D)	192
p.(A9C)	93
p.(A9Q)	177
p.(A9E)	82
p.(A9G)	102
p.(A9H)	89
p.(A9I)	117
p.(A9K)	131
p.(A9M)	126
p.(A9F)	95
p.(A9P)	68
p.(A9L)	58
p.(A9S)	277
p.(A9T)	220
p.(A9W)	106
p.(A9Y)	300
p.(A9V)	145
p.(I10A)	113
p.(I10R)	114
p.(I10N)	94
p.(I10D)	63
p.(I10C)	101
p.(I10Q)	133
p.(I10E)	44
p.(I10G)	103
p.(I10H)	34
p.(I10I)	0
p.(I10K)	80
p.(I10M)	119
p.(I10F)	65
p.(I10P)	105
p.(I10L)	93
p.(I10S)	1586
p.(I10T)	44
p.(I10W)	72
p.(I10Y)	68
p.(I10V)	53
p.(Y11A)	116
p.(Y11R)	93
p.(Y11N)	215
p.(Y11D)	93
p.(Y11C)	188
p.(Y11Q)	74
p.(Y11E)	126
p.(Y11G)	86
p.(Y11H)	106
p.(Y11I)	129
p.(Y11K)	111
p.(Y11M)	99
p.(Y11F)	183
p.(Y11P)	75
p.(Y11L)	132
p.(Y11S)	78
p.(Y11T)	1594
p.(Y11W)	87
p.(Y11Y)	0
p.(Y11V)	125
p.(V12A)	108
p.(V12R)	271
p.(V12N)	118
p.(V12D)	162
p.(V12C)	65
p.(V12Q)	102
p.(V12E)	147
p.(V12G)	140
p.(V12H)	101
p.(V12I)	99
p.(V12K)	141
p.(V12M)	504
p.(V12F)	100
p.(V12P)	90
p.(V12L)	314
p.(V12S)	83
p.(V12T)	101
p.(V12W)	1648
p.(V12Y)	38
p.(V12V)	0
p.(G13A)	99
p.(G13R)	117
p.(G13N)	96
p.(G13D)	105
p.(G13C)	57
p.(G13Q)	107
p.(G13E)	57
p.(G13G)	0
p.(G13H)	88
p.(G13I)	119
p.(G13K)	127
p.(G13M)	125
p.(G13F)	40
p.(G13P)	103
p.(G13L)	78
p.(G13S)	152
p.(G13T)	122
p.(G13W)	116
p.(G13Y)	104
p.(G13V)	323
p.(N14A)	89
p.(N14R)	105
p.(N14N)	0
p.(N14D)	447
p.(N14C)	70
p.(N14Q)	61
p.(N14E)	119
p.(N14G)	117
p.(N14H)	100
p.(N14I)	138
p.(N14K)	92
p.(N14M)	105
p.(N14F)	97
p.(N14P)	86
p.(N14L)	88
p.(N14S)	107
p.(N14T)	1949
p.(N14W)	108
p.(N14Y)	112
p.(N14V)	130
p.(F15A)	57
p.(F15R)	101
p.(F15N)	117
p.(F15D)	123
p.(F15C)	131
p.(F15Q)	122
p.(F15E)	181
p.(F15G)	116
p.(F15H)	121
p.(F15I)	108
p.(F15K)	167
p.(F15M)	105
p.(F15F)	0
p.(F15P)	100
p.(F15L)	143
p.(F15S)	74
p.(F15T)	137
p.(F15W)	89
p.(F15Y)	142
p.(F15V)	95
p.(R16A)	109
p.(R16R)	0
p.(R16N)	146
p.(R16D)	59
p.(R16C)	135
p.(R16Q)	33
p.(R16E)	89
p.(R16G)	111
p.(R16H)	107
p.(R16I)	125
p.(R16K)	101
p.(R16M)	96
p.(R16F)	66
p.(R16P)	90
p.(R16L)	105
p.(R16S)	63
p.(R16T)	108
p.(R16W)	85
p.(R16Y)	110
p.(R16V)	111
p.(V17A)	60
p.(V17R)	113
p.(V17N)	84
p.(V17D)	94
p.(V17C)	76
p.(V17Q)	100
p.(V17E)	110
p.(V17G)	152
p.(V17H)	114
p.(V17I)	90
p.(V17K)	115
p.(V17M)	208
p.(V17F)	124
p.(V17P)	117
p.(V17L)	266
p.(V17S)	133
p.(V17T)	77
p.(V17W)	2219
p.(V17Y)	91
p.(V17V)	0
p.(V18A)	117
p.(V18R)	138
p.(V18N)	108
p.(V18D)	85
p.(V18C)	165
p.(V18Q)	128
p.(V18E)	84
p.(V18G)	95
p.(V18H)	101
p.(V18I)	233
p.(V18K)	120
p.(V18M)	86
p.(V18F)	268
p.(V18P)	113
p.(V18L)	107
p.(V18S)	62
p.(V18T)	108
p.(V18W)	68
p.(V18Y)	124
p.(V18V)	0
p.(N19A)	114
p.(N19R)	96
p.(N19N)	0
p.(N19D)	267
p.(N19C)	136
p.(N19Q)	150
p.(N19E)	122
p.(N19G)	110
p.(N19H)	169
p.(N19I)	167
p.(N19K)	191
p.(N19M)	120
p.(N19F)	176
p.(N19P)	112
p.(N19L)	101
p.(N19S)	96
p.(N19T)	85
p.(N19W)	109
p.(N19Y)	189
p.(N19V)	119
p.(R20A)	86
p.(R20R)	0
p.(R20N)	116
p.(R20D)	145
p.(R20C)	818
p.(R20Q)	116
p.(R20E)	187
p.(R20G)	107
p.(R20H)	140
p.(R20I)	106
p.(R20K)	107
p.(R20M)	104
p.(R20F)	91
p.(R20P)	153
p.(R20L)	128
p.(R20S)	104
p.(R20T)	111
p.(R20W)	104
p.(R20Y)	150
p.(R20V)	63
p.(H21A)	96
p.(H21R)	119
p.(H21N)	124
p.(H21D)	76
p.(H21C)	140
p.(H21Q)	139
p.(H21E)	120
p.(H21G)	204
p.(H21H)	0
p.(H21I)	145
p.(H21K)	99
p.(H21M)	110
p.(H21F)	85
p.(H21P)	150
p.(H21L)	123
p.(H21S)	159
p.(H21T)	102
p.(H21W)	105
p.(H21Y)	633
p.(H21V)	130
p.(L22A)	116
p.(L22R)	141
p.(L22N)	119
p.(L22D)	157
p.(L22C)	127
p.(L22Q)	92
p.(L22E)	164
p.(L22G)	67
p.(L22H)	80
p.(L22I)	122
p.(L22K)	93
p.(L22M)	171
p.(L22F)	84
p.(L22P)	259
p.(L22L)	0
p.(L22S)	114
p.(L22T)	111
p.(L22W)	106
p.(L22Y)	118
p.(L22V)	99
p.(A23A)	0
p.(A23R)	94
p.(A23N)	149
p.(A23D)	225
p.(A23C)	149
p.(A23Q)	154
p.(A23E)	116
p.(A23G)	146
p.(A23H)	146
p.(A23I)	93
p.(A23K)	108
p.(A23M)	80
p.(A23F)	108
p.(A23P)	184
p.(A23L)	77
p.(A23S)	94
p.(A23T)	98
p.(A23W)	135
p.(A23Y)	158
p.(A23V)	137
p.(T24A)	290
p.(T24R)	98
p.(T24N)	300
p.(T24D)	114
p.(T24C)	84
p.(T24Q)	117
p.(T24E)	129
p.(T24G)	122
p.(T24H)	68
p.(T24I)	137
p.(T24K)	97
p.(T24M)	118
p.(T24F)	130
p.(T24P)	108
p.(T24L)	76
p.(T24S)	135
p.(T24T)	0
p.(T24W)	95
p.(T24Y)	169
p.(T24V)	113
p.(H25A)	78
p.(H25R)	83
p.(H25N)	416
p.(H25D)	104
p.(H25C)	100
p.(H25Q)	172
p.(H25E)	106
p.(H25G)	71
p.(H25H)	0
p.(H25I)	2777
p.(H25K)	133
p.(H25M)	108
p.(H25F)	100
p.(H25P)	133
p.(H25L)	76
p.(H25S)	183
p.(H25T)	110
p.(H25W)	92
p.(H25Y)	1527
p.(H25V)	111
p.(N26A)	104
p.(N26R)	143
p.(N26N)	0
p.(N26D)	358
p.(N26C)	120
p.(N26Q)	100
p.(N26E)	79
p.(N26G)	102
p.(N26H)	98
p.(N26I)	106
p.(N26K)	92
p.(N26M)	2805
p.(N26F)	129
p.(N26P)	119
p.(N26L)	141
p.(N26S)	82
p.(N26T)	140
p.(N26W)	130
p.(N26Y)	173
p.(N26V)	100
p.(D27A)	115
p.(D27R)	95
p.(D27N)	93
p.(D27D)	0
p.(D27C)	119
p.(D27Q)	95
p.(D27E)	261
p.(D27G)	94
p.(D27H)	126
p.(D27I)	104
p.(D27K)	91
p.(D27M)	94
p.(D27F)	73
p.(D27P)	50
p.(D27L)	93
p.(D27S)	73
p.(D27T)	70
p.(D27W)	91
p.(D27Y)	462
p.(D27V)	116
p.(W28A)	36
p.(W28R)	246
p.(W28N)	68
p.(W28D)	99
p.(W28C)	780
p.(W28Q)	102
p.(W28E)	61
p.(W28G)	101
p.(W28H)	89
p.(W28I)	77
p.(W28K)	99
p.(W28M)	119
p.(W28F)	151
p.(W28P)	62
p.(W28L)	361
p.(W28S)	98
p.(W28T)	102
p.(W28W)	0
p.(W28Y)	72
p.(W28V)	85
p.(A29A)	0
p.(A29R)	94
p.(A29N)	80
p.(A29D)	75
p.(A29C)	90
p.(A29Q)	48
p.(A29E)	92
p.(A29G)	126
p.(A29H)	100
p.(A29I)	119
p.(A29K)	168
p.(A29M)	109
p.(A29F)	144
p.(A29P)	130
p.(A29L)	78
p.(A29S)	105
p.(A29T)	94
p.(A29W)	96
p.(A29Y)	127
p.(A29V)	566
p.(N30A)	125
p.(N30R)	77
p.(N30N)	0
p.(N30D)	111
p.(N30C)	119
p.(N30Q)	138
p.(N30E)	44
p.(N30G)	101
p.(N30H)	118
p.(N30I)	96
p.(N30K)	200
p.(N30M)	93
p.(N30F)	78
p.(N30P)	108
p.(N30L)	79
p.(N30S)	121
p.(N30T)	89
p.(N30W)	141
p.(N30Y)	80
p.(N30V)	105
p.(L31A)	74
p.(L31R)	104
p.(L31N)	101
p.(L31D)	77
p.(L31C)	211
p.(L31Q)	111
p.(L31E)	94
p.(L31G)	116
p.(L31H)	200
p.(L31I)	293
p.(L31K)	187
p.(L31M)	114
p.(L31F)	370
p.(L31P)	82
p.(L31L)	0
p.(L31S)	79
p.(L31T)	109
p.(L31W)	88
p.(L31Y)	90
p.(L31V)	56
p.(V32A)	236
p.(V32R)	80
p.(V32N)	63
p.(V32D)	126
p.(V32C)	101
p.(V32Q)	78
p.(V32E)	104
p.(V32G)	105
p.(V32H)	92
p.(V32I)	196
p.(V32K)	120
p.(V32M)	96
p.(V32F)	2956
p.(V32P)	38
p.(V32L)	104
p.(V32S)	86
p.(V32T)	78
p.(V32W)	81
p.(V32Y)	112
p.(V32V)	0
p.(W33A)	117
p.(W33R)	124
p.(W33N)	107
p.(W33D)	127
p.(W33C)	145
p.(W33Q)	129
p.(W33E)	91
p.(W33G)	2687
p.(W33H)	68
p.(W33I)	116
p.(W33K)	105
p.(W33M)	92
p.(W33F)	94
p.(W33P)	120
p.(W33L)	133
p.(W33S)	79
p.(W33T)	74
p.(W33W)	0
p.(W33Y)	119
p.(W33V)	155
p.(E34A)	140
p.(E34R)	102
p.(E34N)	93
p.(E34D)	128
p.(E34C)	118
p.(E34Q)	152
p.(E34E)	0
p.(E34G)	123
p.(E34H)	101
p.(E34I)	70
p.(E34K)	2749
p.(E34M)	62
p.(E34F)	90
p.(E34P)	99
p.(E34L)	77
p.(E34S)	82
p.(E34T)	133
p.(E34W)	80
p.(E34Y)	100
p.(E34V)	78
p.(D35A)	108
p.(D35R)	99
p.(D35N)	126
p.(D35D)	0
p.(D35C)	101
p.(D35Q)	238
p.(D35E)	122
p.(D35G)	115
p.(D35H)	139
p.(D35I)	127
p.(D35K)	99
p.(D35M)	79
p.(D35F)	134
p.(D35P)	175
p.(D35L)	96
p.(D35S)	68
p.(D35T)	87
p.(D35W)	91
p.(D35Y)	451
p.(D35V)	129
p.(S36A)	109
p.(S36R)	116
p.(S36N)	86
p.(S36D)	126
p.(S36C)	116
p.(S36Q)	257
p.(S36E)	117
p.(S36G)	103
p.(S36H)	107
p.(S36I)	119
p.(S36K)	106
p.(S36M)	126
p.(S36F)	104
p.(S36P)	124
p.(S36L)	142
p.(S36S)	0
p.(S36T)	103
p.(S36W)	147
p.(S36Y)	163
p.(S36V)	103
p.(S37A)	120
p.(S37R)	105
p.(S37N)	88
p.(S37D)	97
p.(S37C)	115
p.(S37Q)	116
p.(S37E)	100
p.(S37G)	119
p.(S37H)	115
p.(S37I)	129
p.(S37K)	109
p.(S37M)	102
p.(S37F)	115
p.(S37P)	231
p.(S37L)	252
p.(S37S)	0
p.(S37T)	30
p.(S37W)	108
p.(S37Y)	357
p.(S37V)	110
p.(R38A)	2891
p.(R38R)	0
p.(R38N)	100
p.(R38D)	75
p.(R38C)	88
p.(R38Q)	60
p.(R38E)	106
p.(R38G)	77
p.(R38H)	438
p.(R38I)	114
p.(R38K)	101
p.(R38M)	135
p.(R38F)	137
p.(R38P)	286
p.(R38L)	51
p.(R38S)	83
p.(R38T)	107
p.(R38W)	93
p.(R38Y)	86
p.(R38V)	102
p.(D39A)	128
p.(D39R)	145
p.(D39N)	353
p.(D39D)	0
p.(D39C)	90
p.(D39Q)	125
p.(D39E)	88
p.(D39G)	210
p.(D39H)	128
p.(D39I)	117
p.(D39K)	125
p.(D39M)	105
p.(D39F)	84
p.(D39P)	110
p.(D39L)	125
p.(D39S)	117
p.(D39T)	95
p.(D39W)	133
p.(D39Y)	51
p.(D39V)	98
p.(L40A)	104
p.(L40R)	116
p.(L40N)	128
p.(L40D)	133
p.(L40C)	139
p.(L40Q)	83
p.(L40E)	113
p.(L40G)	71
p.(L40H)	125
p.(L40I)	120
p.(L40K)	102
p.(L40M)	161
p.(L40F)	282
p.(L40P)	93
p.(L40L)	0
p.(L40S)	148
p.(L40T)	92
p.(L40W)	149
p.(L40Y)	143
p.(L40V)	119
p.(L41A)	93
p.(L41R)	116
p.(L41N)	67
p.(L41D)	90
p.(L41C)	86
p.(L41Q)	121
p.(L41E)	75
p.(L41G)	85
p.(L41H)	197
p.(L41I)	112
p.(L41K)	110
p.(L41M)	121
p.(L41F)	698
p.(L41P)	339
p.(L41L)	0
p.(L41S)	2882
p.(L41T)	97
p.(L41W)	126
p.(L41Y)	100
p.(L41V)	55
p.(V42A)	96
p.(V42R)	137
p.(V42N)	131
p.(V42D)	177
p.(V42C)	91
p.(V42Q)	138
p.(V42E)	163
p.(V42G)	145
p.(V42H)	106
p.(V42I)	619
p.(V42K)	139
p.(V42M)	99
p.(V42F)	90
p.(V42P)	91
p.(V42L)	115
p.(V42S)	123
p.(V42T)	72
p.(V42W)	132
p.(V42Y)	104
p.(V42V)	0
p.(S43A)	101
p.(S43R)	105
p.(S43N)	98
p.(S43D)	133
p.(S43C)	62
p.(S43Q)	100
p.(S43E)	119
p.(S43G)	128
p.(S43H)	2797
p.(S43I)	528
p.(S43K)	102
p.(S43M)	99
p.(S43F)	82
p.(S43P)	69
p.(S43L)	100
p.(S43S)	0
p.(S43T)	118
p.(S43W)	115
p.(S43Y)	176
p.(S43V)	123
p.(S44A)	112
p.(S44R)	165
p.(S44N)	88
p.(S44D)	53
p.(S44C)	113
p.(S44Q)	174
p.(S44E)	73
p.(S44G)	67
p.(S44H)	83
p.(S44I)	74
p.(S44K)	99
p.(S44M)	105
p.(S44F)	406
p.(S44P)	82
p.(S44L)	76
p.(S44S)	0
p.(S44T)	83
p.(S44W)	120
p.(S44Y)	278
p.(S44V)	91
p.(T45A)	58
p.(T45R)	62
p.(T45N)	199
p.(T45D)	92
p.(T45C)	159
p.(T45Q)	88
p.(T45E)	127
p.(T45G)	88
p.(T45H)	272
p.(T45I)	131
p.(T45K)	97
p.(T45M)	31
p.(T45F)	125
p.(T45P)	100
p.(T45L)	93
p.(T45S)	111
p.(T45T)	0
p.(T45W)	60
p.(T45Y)	336
p.(T45V)	81
p.(T46A)	73
p.(T46R)	75
p.(T46N)	122
p.(T46D)	110
p.(T46C)	80
p.(T46Q)	103
p.(T46E)	71
p.(T46G)	67
p.(T46H)	304
p.(T46I)	108
p.(T46K)	102
p.(T46M)	131
p.(T46F)	149
p.(T46P)	125
p.(T46L)	2871
p.(T46S)	112
p.(T46T)	0
p.(T46W)	90
p.(T46Y)	71
p.(T46V)	66
p.(A47A)	0
p.(A47R)	66
p.(A47N)	38
p.(A47D)	49
p.(A47C)	90
p.(A47Q)	75
p.(A47E)	135
p.(A47G)	65
p.(A47H)	97
p.(A47I)	99
p.(A47K)	70
p.(A47M)	112
p.(A47F)	64
p.(A47P)	114
p.(A47L)	2781
p.(A47S)	84
p.(A47T)	100
p.(A47W)	115
p.(A47Y)	78
p.(A47V)	86
p.(Q48A)	129
p.(Q48R)	82
p.(Q48N)	118
p.(Q48D)	120
p.(Q48C)	67
p.(Q48Q)	0
p.(Q48E)	115
p.(Q48G)	124
p.(Q48H)	152
p.(Q48I)	106
p.(Q48K)	2862
p.(Q48M)	117
p.(Q48F)	115
p.(Q48P)	88
p.(Q48L)	87
p.(Q48S)	91
p.(Q48T)	91
p.(Q48W)	98
p.(Q48Y)	71
p.(Q48V)	83
p.(G49A)	109
p.(G49R)	103
p.(G49N)	95
p.(G49D)	212
p.(G49C)	339
p.(G49Q)	88
p.(G49E)	69
p.(G49G)	0
p.(G49H)	47
p.(G49I)	101
p.(G49K)	90
p.(G49M)	80
p.(G49F)	95
p.(G49P)	80
p.(G49L)	417
p.(G49S)	107
p.(G49T)	52
p.(G49W)	127
p.(G49Y)	64
p.(G49V)	84
p.(C50A)	93
p.(C50R)	103
p.(C50N)	73
p.(C50D)	103
p.(C50C)	0
p.(C50Q)	97
p.(C50E)	57
p.(C50G)	113
p.(C50H)	130
p.(C50I)	103
p.(C50K)	99
p.(C50M)	55
p.(C50F)	71
p.(C50P)	63
p.(C50L)	100
p.(C50S)	77
p.(C50T)	144
p.(C50W)	146
p.(C50Y)	303
p.(C50V)	109
p.(D51A)	130
p.(D51R)	135
p.(D51N)	379
p.(D51D)	0
p.(D51C)	116
p.(D51Q)	113
p.(D51E)	13
p.(D51G)	93
p.(D51H)	145
p.(D51I)	81
p.(D51K)	106
p.(D51M)	88
p.(D51F)	91
p.(D51P)	122
p.(D51L)	106
p.(D51S)	111
p.(D51T)	2838
p.(D51W)	93
p.(D51Y)	75
p.(D51V)	95
p.(T52A)	427
p.(T52R)	3020
p.(T52N)	116
p.(T52D)	74
p.(T52C)	174
p.(T52Q)	113
p.(T52E)	58
p.(T52G)	110
p.(T52H)	80
p.(T52I)	130
p.(T52K)	79
p.(T52M)	453
p.(T52F)	98
p.(T52P)	134
p.(T52L)	101
p.(T52S)	115
p.(T52T)	0
p.(T52W)	38
p.(T52Y)	81
p.(T52V)	131
p.(I53A)	98
p.(I53R)	121
p.(I53N)	157
p.(I53D)	58
p.(I53C)	119
p.(I53Q)	151
p.(I53E)	97
p.(I53G)	114
p.(I53H)	163
p.(I53I)	0
p.(I53K)	127
p.(I53M)	190
p.(I53F)	137
p.(I53P)	88
p.(I53L)	2991
p.(I53S)	110
p.(I53T)	241
p.(I53W)	145
p.(I53Y)	128
p.(I53V)	100
p.(A54A)	0
p.(A54R)	6
p.(A54N)	59
p.(A54D)	88
p.(A54C)	53
p.(A54Q)	70
p.(A54E)	76
p.(A54G)	83
p.(A54H)	70
p.(A54I)	66
p.(A54K)	57
p.(A54M)	71
p.(A54F)	35
p.(A54P)	94
p.(A54L)	72
p.(A54S)	64
p.(A54T)	56
p.(A54W)	77
p.(A54Y)	152
p.(A54V)	595
p.(R55A)	119
p.(R55R)	0
p.(R55N)	56
p.(R55D)	255
p.(R55C)	901
p.(R55Q)	244
p.(R55E)	191
p.(R55G)	116
p.(R55H)	368
p.(R55I)	271
p.(R55K)	236
p.(R55M)	180
p.(R55F)	105
p.(R55P)	218
p.(R55L)	291
p.(R55S)	183
p.(R55T)	161
p.(R55W)	191
p.(R55Y)	278
p.(R55V)	73
p.(C56A)	219
p.(C56R)	584
p.(C56N)	176
p.(C56D)	188
p.(C56C)	0
p.(C56Q)	256
p.(C56E)	195
p.(C56G)	196
p.(C56H)	263
p.(C56I)	344
p.(C56K)	290
p.(C56M)	193
p.(C56F)	207
p.(C56P)	269
p.(C56L)	284
p.(C56S)	270
p.(C56T)	313
p.(C56W)	427
p.(C56Y)	291
p.(C56V)	283
p.(N57A)	118
p.(N57R)	177
p.(N57N)	0
p.(N57D)	415
p.(N57C)	235
p.(N57Q)	169
p.(N57E)	187
p.(N57G)	205
p.(N57H)	143
p.(N57I)	114
p.(N57K)	120
p.(N57M)	106
p.(N57F)	85
p.(N57P)	215
p.(N57L)	146
p.(N57S)	232
p.(N57T)	114
p.(N57W)	164
p.(N57Y)	157
p.(N57V)	101
p.(C58A)	75
p.(C58R)	50
p.(C58N)	46
p.(C58D)	71
p.(C58C)	0
p.(C58Q)	78
p.(C58E)	118
p.(C58G)	152
p.(C58H)	66
p.(C58I)	90
p.(C58K)	109
p.(C58M)	74
p.(C58F)	41
p.(C58P)	189
p.(C58L)	45
p.(C58S)	131
p.(C58T)	39
p.(C58W)	110
p.(C58Y)	60
p.(C58V)	48
p.(Q59A)	62
p.(Q59R)	424
p.(Q59N)	85
p.(Q59D)	209
p.(Q59C)	86
p.(Q59Q)	0
p.(Q59E)	86
p.(Q59G)	65
p.(Q59H)	86
p.(Q59I)	76
p.(Q59K)	288
p.(Q59M)	58
p.(Q59F)	85
p.(Q59P)	99
p.(Q59L)	204
p.(Q59S)	34
p.(Q59T)	94
p.(Q59W)	75
p.(Q59Y)	51
p.(Q59V)	42
p.(T60A)	84
p.(T60R)	51
p.(T60N)	84
p.(T60D)	73
p.(T60C)	98
p.(T60Q)	56
p.(T60E)	66
p.(T60G)	52
p.(T60H)	62
p.(T60I)	82
p.(T60K)	165
p.(T60M)	120
p.(T60F)	92
p.(T60P)	116
p.(T60L)	86
p.(T60S)	65
p.(T60T)	0
p.(T60W)	51
p.(T60Y)	92
p.(T60V)	80
p.(G61A)	71
p.(G61R)	254
p.(G61N)	70
p.(G61D)	47
p.(G61C)	88
p.(G61Q)	114
p.(G61E)	340
p.(G61G)	0
p.(G61H)	89
p.(G61I)	68
p.(G61K)	114
p.(G61M)	71
p.(G61F)	57
p.(G61P)	90
p.(G61L)	96
p.(G61S)	222
p.(G61T)	81
p.(G61W)	88
p.(G61Y)	57
p.(G61V)	21
p.(V62A)	263
p.(V62R)	91
p.(V62N)	279
p.(V62D)	121
p.(V62C)	3374
p.(V62Q)	164
p.(V62E)	138
p.(V62G)	130
p.(V62H)	175
p.(V62I)	156
p.(V62K)	184
p.(V62M)	233
p.(V62F)	265
p.(V62P)	251
p.(V62L)	118
p.(V62S)	211
p.(V62T)	124
p.(V62W)	80
p.(V62Y)	148
p.(V62V)	0
p.(Y63A)	239
p.(Y63R)	146
p.(Y63N)	255
p.(Y63D)	318
p.(Y63C)	396
p.(Y63Q)	126
p.(Y63E)	236
p.(Y63G)	333
p.(Y63H)	551
p.(Y63I)	345
p.(Y63K)	272
p.(Y63M)	261
p.(Y63F)	331
p.(Y63P)	183
p.(Y63L)	24
p.(Y63S)	293
p.(Y63T)	330
p.(Y63W)	269
p.(Y63Y)	0
p.(Y63V)	230
p.(Y64A)	214
p.(Y64R)	134
p.(Y64N)	78
p.(Y64D)	270
p.(Y64C)	174
p.(Y64Q)	360
p.(Y64E)	270
p.(Y64G)	137
p.(Y64H)	152
p.(Y64I)	3312
p.(Y64K)	154
p.(Y64M)	250
p.(Y64F)	279
p.(Y64P)	73
p.(Y64L)	375
p.(Y64S)	261
p.(Y64T)	257
p.(Y64W)	297
p.(Y64Y)	0
p.(Y64V)	137
p.(C65A)	68
p.(C65R)	120
p.(C65N)	63
p.(C65D)	75
p.(C65C)	0
p.(C65Q)	91
p.(C65E)	73
p.(C65G)	45
p.(C65H)	65
p.(C65I)	62
p.(C65K)	56
p.(C65M)	29
p.(C65F)	173
p.(C65P)	118
p.(C65L)	98
p.(C65S)	73
p.(C65T)	86
p.(C65W)	53
p.(C65Y)	49
p.(C65V)	70
p.(N66A)	56
p.(N66R)	74
p.(N66N)	0
p.(N66D)	249
p.(N66C)	65
p.(N66Q)	71
p.(N66E)	83
p.(N66G)	53
p.(N66H)	239
p.(N66I)	104
p.(N66K)	56
p.(N66M)	59
p.(N66F)	67
p.(N66P)	55
p.(N66L)	40
p.(N66S)	50
p.(N66T)	69
p.(N66W)	34
p.(N66Y)	59
p.(N66V)	47
p.(S67A)	59
p.(S67R)	40
p.(S67N)	90
p.(S67D)	48
p.(S67C)	30
p.(S67Q)	3072
p.(S67E)	13
p.(S67G)	63
p.(S67H)	42
p.(S67I)	54
p.(S67K)	43
p.(S67M)	35
p.(S67F)	58
p.(S67P)	48
p.(S67L)	81
p.(S67S)	0
p.(S67T)	220
p.(S67W)	52
p.(S67Y)	56
p.(S67V)	30
p.(M68A)	64
p.(M68R)	37
p.(M68N)	86
p.(M68D)	48
p.(M68C)	67
p.(M68Q)	75
p.(M68E)	34
p.(M68G)	39
p.(M68H)	70
p.(M68I)	50
p.(M68K)	98
p.(M68M)	0
p.(M68F)	60
p.(M68P)	77
p.(M68L)	46
p.(M68S)	53
p.(M68T)	79
p.(M68W)	64
p.(M68Y)	45
p.(M68V)	33
p.(R69A)	59
p.(R69R)	0
p.(R69N)	47
p.(R69D)	50
p.(R69C)	41
p.(R69Q)	78
p.(R69E)	127
p.(R69G)	60
p.(R69H)	50
p.(R69I)	44
p.(R69K)	653
p.(R69M)	63
p.(R69F)	52
p.(R69P)	59
p.(R69L)	55
p.(R69S)	49
p.(R69T)	67
p.(R69W)	33
p.(R69Y)	33
p.(R69V)	49
p.(K70A)	81
p.(K70R)	208
p.(K70N)	368
p.(K70D)	60
p.(K70C)	62
p.(K70Q)	87
p.(K70E)	208
p.(K70G)	49
p.(K70H)	79
p.(K70I)	74
p.(K70K)	0
p.(K70M)	32
p.(K70F)	48
p.(K70P)	62
p.(K70L)	62
p.(K70S)	52
p.(K70T)	59
p.(K70W)	47
p.(K70Y)	56
p.(K70V)	31
p.(H71A)	38
p.(H71R)	63
p.(H71N)	35
p.(H71D)	46
p.(H71C)	71
p.(H71Q)	44
p.(H71E)	68
p.(H71G)	45
p.(H71H)	0
p.(H71I)	46
p.(H71K)	47
p.(H71M)	77
p.(H71F)	41
p.(H71P)	73
p.(H71L)	141
p.(H71S)	74
p.(H71T)	41
p.(H71W)	74
p.(H71Y)	214
p.(H71V)	69
p.(Y72A)	37
p.(Y72R)	51
p.(Y72N)	111
p.(Y72D)	62
p.(Y72C)	159
p.(Y72Q)	44
p.(Y72E)	56
p.(Y72G)	41
p.(Y72H)	196
p.(Y72I)	56
p.(Y72K)	72
p.(Y72M)	60
p.(Y72F)	60
p.(Y72P)	59
p.(Y72L)	52
p.(Y72S)	54
p.(Y72T)	38
p.(Y72W)	64
p.(Y72Y)	0
p.(Y72V)	52
p.(P73A)	55
p.(P73R)	55
p.(P73N)	39
p.(P73D)	52
p.(P73C)	45
p.(P73Q)	241
p.(P73E)	59
p.(P73G)	173
p.(P73H)	48
p.(P73I)	50
p.(P73K)	55
p.(P73M)	28
p.(P73F)	47
p.(P73P)	0
p.(P73L)	625
p.(P73S)	40
p.(P73T)	47
p.(P73W)	38
p.(P73Y)	34
p.(P73V)	70
p.(V74A)	38
p.(V74R)	38
p.(V74N)	57
p.(V74D)	107
p.(V74C)	56
p.(V74Q)	148
p.(V74E)	65
p.(V74G)	53
p.(V74H)	47
p.(V74I)	53
p.(V74K)	39
p.(V74M)	52
p.(V74F)	180
p.(V74P)	56
p.(V74L)	58
p.(V74S)	120
p.(V74T)	80
p.(V74W)	35
p.(V74Y)	33
p.(V74V)	0
p.(S75A)	66
p.(S75R)	87
p.(S75N)	52
p.(S75D)	27
p.(S75C)	73
p.(S75Q)	62
p.(S75E)	66
p.(S75G)	59
p.(S75H)	78
p.(S75I)	178
p.(S75K)	68
p.(S75M)	80
p.(S75F)	47
p.(S75P)	59
p.(S75L)	72
p.(S75S)	0
p.(S75T)	44
p.(S75W)	60
p.(S75Y)	54
p.(S75V)	52
p.(F76A)	67
p.(F76R)	46
p.(F76N)	62
p.(F76D)	54
p.(F76C)	45
p.(F76Q)	60
p.(F76E)	54
p.(F76G)	74
p.(F76H)	59
p.(F76I)	54
p.(F76K)	42
p.(F76M)	35
p.(F76F)	0
p.(F76P)	79
p.(F76L)	61
p.(F76S)	59
p.(F76T)	90
p.(F76W)	42
p.(F76Y)	87
p.(F76V)	36
p.(S77A)	61
p.(S77R)	78
p.(S77N)	43
p.(S77D)	61
p.(S77C)	39
p.(S77Q)	49
p.(S77E)	30
p.(S77G)	55
p.(S77H)	33
p.(S77I)	59
p.(S77K)	48
p.(S77M)	24
p.(S77F)	96
p.(S77P)	52
p.(S77L)	42
p.(S77S)	0
p.(S77T)	71
p.(S77W)	69
p.(S77Y)	62
p.(S77V)	55
p.(K78A)	66
p.(K78R)	68
p.(K78N)	578
p.(K78D)	52
p.(K78C)	49
p.(K78Q)	43
p.(K78E)	244
p.(K78G)	50
p.(K78H)	35
p.(K78I)	55
p.(K78K)	0
p.(K78M)	57
p.(K78F)	53
p.(K78P)	71
p.(K78L)	53
p.(K78S)	41
p.(K78T)	63
p.(K78W)	60
p.(K78Y)	58
p.(K78V)	50
p.(P79A)	44
p.(P79R)	59
p.(P79N)	87
p.(P79D)	32
p.(P79C)	58
p.(P79Q)	36
p.(P79E)	32
p.(P79G)	76
p.(P79H)	165
p.(P79I)	43
p.(P79K)	24
p.(P79M)	54
p.(P79F)	50
p.(P79P)	0
p.(P79L)	45
p.(P79S)	66
p.(P79T)	49
p.(P79W)	53
p.(P79Y)	38
p.(P79V)	51
p.(S80A)	81
p.(S80R)	99
p.(S80N)	56
p.(S80D)	64
p.(S80C)	138
p.(S80Q)	135
p.(S80E)	34
p.(S80G)	53
p.(S80H)	37
p.(S80I)	64
p.(S80K)	101
p.(S80M)	56
p.(S80F)	28
p.(S80P)	66
p.(S80L)	41
p.(S80S)	0
p.(S80T)	43
p.(S80W)	34
p.(S80Y)	43
p.(S80V)	43
p.(L81A)	29
p.(L81R)	68
p.(L81N)	33
p.(L81D)	226
p.(L81C)	62
p.(L81Q)	38
p.(L81E)	24
p.(L81G)	29
p.(L81H)	72
p.(L81I)	55
p.(L81K)	54
p.(L81M)	63
p.(L81F)	70
p.(L81P)	54
p.(L81L)	0
p.(L81S)	30
p.(L81T)	53
p.(L81W)	78
p.(L81Y)	50
p.(L81V)	36
p.(I82A)	60
p.(I82R)	60
p.(I82N)	64
p.(I82D)	162
p.(I82C)	24
p.(I82Q)	60
p.(I82E)	41
p.(I82G)	74
p.(I82H)	31
p.(I82I)	0
p.(I82K)	28
p.(I82M)	54
p.(I82F)	48
p.(I82P)	65
p.(I82L)	50
p.(I82S)	82
p.(I82T)	181
p.(I82W)	24
p.(I82Y)	26
p.(I82V)	58
p.(F83A)	30
p.(F83R)	69
p.(F83N)	64
p.(F83D)	77
p.(F83C)	48
p.(F83Q)	53
p.(F83E)	55
p.(F83G)	38
p.(F83H)	64
p.(F83I)	90
p.(F83K)	37
p.(F83M)	67
p.(F83F)	0
p.(F83P)	26
p.(F83L)	186
p.(F83S)	48
p.(F83T)	46
p.(F83W)	53
p.(F83Y)	56
p.(F83V)	92
p.(V84A)	61
p.(V84R)	32
p.(V84N)	70
p.(V84D)	56
p.(V84C)	49
p.(V84Q)	65
p.(V84E)	46
p.(V84G)	62
p.(V84H)	114
p.(V84I)	81
p.(V84K)	37
p.(V84M)	264
p.(V84F)	78
p.(V84P)	45
p.(V84L)	80
p.(V84S)	37
p.(V84T)	42
p.(V84W)	150
p.(V84Y)	71
p.(V84V)	0
p.(E85A)	52
p.(E85R)	65
p.(E85N)	87
p.(E85D)	63
p.(E85C)	53
p.(E85Q)	80
p.(E85E)	0
p.(E85G)	52
p.(E85H)	81
p.(E85I)	72
p.(E85K)	207
p.(E85M)	76
p.(E85F)	99
p.(E85P)	34
p.(E85L)	50
p.(E85S)	57
p.(E85T)	55
p.(E85W)	54
p.(E85Y)	74
p.(E85V)	89
p.(A86A)	0
p.(A86R)	59
p.(A86N)	50
p.(A86D)	130
p.(A86C)	81
p.(A86Q)	45
p.(A86E)	82
p.(A86G)	25
p.(A86H)	61
p.(A86I)	54
p.(A86K)	35
p.(A86M)	51
p.(A86F)	70
p.(A86P)	82
p.(A86L)	75
p.(A86S)	80
p.(A86T)	384
p.(A86W)	53
p.(A86Y)	65
p.(A86V)	43
p.(S87A)	63
p.(S87R)	79
p.(S87N)	204
p.(S87D)	43
p.(S87C)	130
p.(S87Q)	255
p.(S87E)	64
p.(S87G)	47
p.(S87H)	98
p.(S87I)	42
p.(S87K)	49
p.(S87M)	61
p.(S87F)	61
p.(S87P)	43
p.(S87L)	105
p.(S87S)	0
p.(S87T)	64
p.(S87W)	67
p.(S87Y)	48
p.(S87V)	95
p.(E88A)	48
p.(E88R)	60
p.(E88N)	35
p.(E88D)	62
p.(E88C)	85
p.(E88Q)	41
p.(E88E)	0
p.(E88G)	164
p.(E88H)	48
p.(E88I)	24
p.(E88K)	386
p.(E88M)	5
p.(E88F)	57
p.(E88P)	50
p.(E88L)	27
p.(E88S)	47
p.(E88T)	71
p.(E88W)	86
p.(E88Y)	44
p.(E88V)	47
p.(Y89A)	48
p.(Y89R)	63
p.(Y89N)	73
p.(Y89D)	51
p.(Y89C)	60
p.(Y89Q)	51
p.(Y89E)	59
p.(Y89G)	60
p.(Y89H)	236
p.(Y89I)	41
p.(Y89K)	48
p.(Y89M)	22
p.(Y89F)	74
p.(Y89P)	34
p.(Y89L)	26
p.(Y89S)	90
p.(Y89T)	69
p.(Y89W)	64
p.(Y89Y)	0
p.(Y89V)	98
p.(Y90A)	41
p.(Y90R)	46
p.(Y90N)	61
p.(Y90D)	62
p.(Y90C)	53
p.(Y90Q)	31
p.(Y90E)	98
p.(Y90G)	80
p.(Y90H)	209
p.(Y90I)	64
p.(Y90K)	59
p.(Y90M)	9
p.(Y90F)	75
p.(Y90P)	70
p.(Y90L)	33
p.(Y90S)	314
p.(Y90T)	67
p.(Y90W)	43
p.(Y90Y)	0
p.(Y90V)	68
p.(P91A)	44
p.(P91R)	43
p.(P91N)	55
p.(P91D)	37
p.(P91C)	39
p.(P91Q)	257
p.(P91E)	58
p.(P91G)	54
p.(P91H)	40
p.(P91I)	64
p.(P91K)	52
p.(P91M)	23
p.(P91F)	29
p.(P91P)	0
p.(P91L)	66
p.(P91S)	43
p.(P91T)	159
p.(P91W)	48
p.(P91Y)	39
p.(P91V)	36
p.(A92A)	0
p.(A92R)	49
p.(A92N)	46
p.(A92D)	45
p.(A92C)	62
p.(A92Q)	44
p.(A92E)	51
p.(A92G)	63
p.(A92H)	61
p.(A92I)	46
p.(A92K)	53
p.(A92M)	32
p.(A92F)	58
p.(A92P)	69
p.(A92L)	629
p.(A92S)	50
p.(A92T)	23
p.(A92W)	28
p.(A92Y)	63
p.(A92V)	72
p.(R93A)	78
p.(R93R)	0
p.(R93N)	28
p.(R93D)	694
p.(R93C)	50
p.(R93Q)	43
p.(R93E)	45
p.(R93G)	62
p.(R93H)	76
p.(R93I)	50
p.(R93K)	64
p.(R93M)	46
p.(R93F)	54
p.(R93P)	75
p.(R93L)	75
p.(R93S)	44
p.(R93T)	71
p.(R93W)	65
p.(R93Y)	52
p.(R93V)	99
p.(Y94A)	46
p.(Y94R)	29
p.(Y94N)	71
p.(Y94D)	59
p.(Y94C)	51
p.(Y94Q)	68
p.(Y94E)	53
p.(Y94G)	62
p.(Y94H)	171
p.(Y94I)	52
p.(Y94K)	60
p.(Y94M)	71
p.(Y94F)	99
p.(Y94P)	81
p.(Y94L)	76
p.(Y94S)	54
p.(Y94T)	45
p.(Y94W)	41
p.(Y94Y)	0
p.(Y94V)	79
p.(Q95A)	36
p.(Q95R)	41
p.(Q95N)	47
p.(Q95D)	77
p.(Q95C)	59
p.(Q95Q)	0
p.(Q95E)	78
p.(Q95G)	73
p.(Q95H)	214
p.(Q95I)	54
p.(Q95K)	54
p.(Q95M)	43
p.(Q95F)	43
p.(Q95P)	83
p.(Q95L)	34
p.(Q95S)	51
p.(Q95T)	32
p.(Q95W)	88
p.(Q95Y)	29
p.(Q95V)	105
p.(S96A)	86
p.(S96R)	44
p.(S96N)	45
p.(S96D)	53
p.(S96C)	117
p.(S96Q)	33
p.(S96E)	41
p.(S96G)	44
p.(S96H)	43
p.(S96I)	53
p.(S96K)	39
p.(S96M)	63
p.(S96F)	72
p.(S96P)	80
p.(S96L)	49
p.(S96S)	0
p.(S96T)	53
p.(S96W)	95
p.(S96Y)	44
p.(S96V)	73
p.(H97A)	66
p.(H97R)	77
p.(H97N)	73
p.(H97D)	59
p.(H97C)	87
p.(H97Q)	82
p.(H97E)	66
p.(H97G)	64
p.(H97H)	0
p.(H97I)	830
p.(H97K)	59
p.(H97M)	36
p.(H97F)	49
p.(H97P)	102
p.(H97L)	64
p.(H97S)	75
p.(H97T)	73
p.(H97W)	68
p.(H97Y)	57
p.(H97V)	59
p.(L98A)	63
p.(L98R)	74
p.(L98N)	71
p.(L98D)	51
p.(L98C)	36
p.(L98Q)	62
p.(L98E)	65
p.(L98G)	42
p.(L98H)	155
p.(L98I)	183
p.(L98K)	76
p.(L98M)	42
p.(L98F)	72
p.(L98P)	86
p.(L98L)	0
p.(L98S)	65
p.(L98T)	70
p.(L98W)	44
p.(L98Y)	88
p.(L98V)	58
p.(M99A)	56
p.(M99R)	72
p.(M99N)	56
p.(M99D)	73
p.(M99C)	39
p.(M99Q)	46
p.(M99E)	61
p.(M99G)	60
p.(M99H)	40
p.(M99I)	229
p.(M99K)	52
p.(M99M)	0
p.(M99F)	51
p.(M99P)	39
p.(M99L)	75
p.(M99S)	63
p.(M99T)	41
p.(M99W)	89
p.(M99Y)	48
p.(M99V)	182
p.(L100A)	79
p.(L100R)	51
p.(L100N)	72
p.(L100D)	73
p.(L100C)	164
p.(L100Q)	56
p.(L100E)	18
p.(L100G)	50
p.(L100H)	86
p.(L100I)	150
p.(L100K)	57
p.(L100M)	94
p.(L100F)	71
p.(L100P)	262
p.(L100L)	0
p.(L100S)	66
p.(L100T)	49
p.(L100W)	88
p.(L100Y)	50
p.(L100V)	42
p.(A101A)	0
p.(A101R)	50
p.(A101N)	41
p.(A101D)	67
p.(A101C)	40
p.(A101Q)	34
p.(A101E)	141
p.(A101G)	57
p.(A101H)	45
p.(A101I)	63
p.(A101K)	46
p.(A101M)	40
p.(A101F)	44
p.(A101P)	38
p.(A101L)	72
p.(A101S)	72
p.(A101T)	45
p.(A101W)	35
p.(A101Y)	61
p.(A101V)	59
p.(V102A)	70
p.(V102R)	57
p.(V102N)	53
p.(V102D)	45
p.(V102C)	64
p.(V102Q)	65
p.(V102E)	143
p.(V102G)	63
p.(V102H)	61
p.(V102I)	57
p.(V102K)	48
p.(V102M)	123
p.(V102F)	69
p.(V102P)	58
p.(V102L)	127
p.(V102S)	39
p.(V102T)	58
p.(V102W)	935
p.(V102Y)	43
p.(V102V)	0
p.(G103A)	63
p.(G103R)	60
p.(G103N)	50
p.(G103D)	45
p.(G103C)	393
p.(G103Q)	84
p.(G103E)	69
p.(G103G)	0
p.(G103H)	59
p.(G103I)	49
p.(G103K)	63
p.(G103M)	75
p.(G103F)	32
p.(G103P)	79
p.(G103L)	48
p.(G103S)	363
p.(G103T)	66
p.(G103W)	80
p.(G103Y)	77
p.(G103V)	71
p.(H104A)	64
p.(H104R)	55
p.(H104N)	202
p.(H104D)	62
p.(H104C)	72
p.(H104Q)	80
p.(H104E)	54
p.(H104G)	62
p.(H104H)	0
p.(H104I)	1116
p.(H104K)	47
p.(H104M)	32
p.(H104F)	210
p.(H104P)	62
p.(H104L)	58
p.(H104S)	140
p.(H104T)	52
p.(H104W)	64
p.(H104Y)	90
p.(H104V)	83
p.(S105A)	87
p.(S105R)	69
p.(S105N)	53
p.(S105D)	55
p.(S105C)	78
p.(S105Q)	58
p.(S105E)	60
p.(S105G)	62
p.(S105H)	46
p.(S105I)	27
p.(S105K)	40
p.(S105M)	60
p.(S105F)	61
p.(S105P)	80
p.(S105L)	423
p.(S105S)	0
p.(S105T)	103
p.(S105W)	111
p.(S105Y)	58
p.(S105V)	29
p.(E106A)	38
p.(E106R)	59
p.(E106N)	52
p.(E106D)	127
p.(E106C)	77
p.(E106Q)	47
p.(E106E)	0
p.(E106G)	319
p.(E106H)	64
p.(E106I)	63
p.(E106K)	51
p.(E106M)	63
p.(E106F)	53
p.(E106P)	61
p.(E106L)	68
p.(E106S)	21
p.(E106T)	248
p.(E106W)	54
p.(E106Y)	45
p.(E106V)	77
p.(P107A)	35
p.(P107R)	54
p.(P107N)	62
p.(P107D)	65
p.(P107C)	57
p.(P107Q)	1400
p.(P107E)	74
p.(P107G)	49
p.(P107H)	75
p.(P107I)	53
p.(P107K)	41
p.(P107M)	64
p.(P107F)	69
p.(P107P)	0
p.(P107L)	44
p.(P107S)	34
p.(P107T)	46
p.(P107W)	53
p.(P107Y)	61
p.(P107V)	59
p.(G108A)	76
p.(G108R)	84
p.(G108N)	28
p.(G108D)	60
p.(G108C)	44
p.(G108Q)	40
p.(G108E)	453
p.(G108G)	0
p.(G108H)	90
p.(G108I)	39
p.(G108K)	46
p.(G108M)	44
p.(G108F)	72
p.(G108P)	38
p.(G108L)	42
p.(G108S)	72
p.(G108T)	30
p.(G108W)	362
p.(G108Y)	68
p.(G108V)	71
p.(D109A)	89
p.(D109R)	76
p.(D109N)	93
p.(D109D)	0
p.(D109C)	99
p.(D109Q)	85
p.(D109E)	104
p.(D109G)	60
p.(D109H)	103
p.(D109I)	78
p.(D109K)	52
p.(D109M)	65
p.(D109F)	84
p.(D109P)	76
p.(D109L)	129
p.(D109S)	67
p.(D109T)	79
p.(D109W)	36
p.(D109Y)	304
p.(D109V)	75
p.(C110A)	59
p.(C110R)	61
p.(C110N)	84
p.(C110D)	78
p.(C110C)	0
p.(C110Q)	75
p.(C110E)	49
p.(C110G)	104
p.(C110H)	212
p.(C110I)	61
p.(C110K)	56
p.(C110M)	58
p.(C110F)	242
p.(C110P)	77
p.(C110L)	311
p.(C110S)	96
p.(C110T)	58
p.(C110W)	255
p.(C110Y)	90
p.(C110V)	67
p.(G111A)	61
p.(G111R)	281
p.(G111N)	77
p.(G111D)	52
p.(G111C)	72
p.(G111Q)	70
p.(G111E)	88
p.(G111G)	0
p.(G111H)	94
p.(G111I)	83
p.(G111K)	86
p.(G111M)	108
p.(G111F)	105
p.(G111P)	83
p.(G111L)	91
p.(G111S)	63
p.(G111T)	74
p.(G111W)	384
p.(G111Y)	74
p.(G111V)	96
p.(G112A)	79
p.(G112R)	60
p.(G112N)	49
p.(G112D)	98
p.(G112C)	507
p.(G112Q)	65
p.(G112E)	84
p.(G112G)	0
p.(G112H)	92
p.(G112I)	60
p.(G112K)	82
p.(G112M)	92
p.(G112F)	72
p.(G112P)	88
p.(G112L)	89
p.(G112S)	171
p.(G112T)	85
p.(G112W)	284
p.(G112Y)	108
p.(G112V)	83
p.(I113A)	44
p.(I113R)	71
p.(I113N)	149
p.(I113D)	97
p.(I113C)	92
p.(I113Q)	74
p.(I113E)	79
p.(I113G)	90
p.(I113H)	352
p.(I113I)	0
p.(I113K)	74
p.(I113M)	64
p.(I113F)	1919
p.(I113P)	82
p.(I113L)	43
p.(I113S)	84
p.(I113T)	249
p.(I113W)	67
p.(I113Y)	63
p.(I113V)	88
p.(L114A)	87
p.(L114R)	66
p.(L114N)	85
p.(L114D)	70
p.(L114C)	76
p.(L114Q)	72
p.(L114E)	69
p.(L114G)	99
p.(L114H)	128
p.(L114I)	196
p.(L114K)	90
p.(L114M)	71
p.(L114F)	83
p.(L114P)	89
p.(L114L)	0
p.(L114S)	82
p.(L114T)	62
p.(L114W)	52
p.(L114Y)	76
p.(L114V)	95
p.(R115A)	89
p.(R115R)	0
p.(R115N)	75
p.(R115D)	86
p.(R115C)	60
p.(R115Q)	62
p.(R115E)	65
p.(R115G)	289
p.(R115H)	83
p.(R115I)	238
p.(R115K)	244
p.(R115M)	115
p.(R115F)	69
p.(R115P)	64
p.(R115L)	76
p.(R115S)	119
p.(R115T)	115
p.(R115W)	128
p.(R115Y)	72
p.(R115V)	78
p.(C116A)	62
p.(C116R)	87
p.(C116N)	71
p.(C116D)	116
p.(C116C)	0
p.(C116Q)	107
p.(C116E)	73
p.(C116G)	82
p.(C116H)	131
p.(C116I)	51
p.(C116K)	74
p.(C116M)	102
p.(C116F)	122
p.(C116P)	84
p.(C116L)	43
p.(C116S)	104
p.(C116T)	76
p.(C116W)	88
p.(C116Y)	468
p.(C116V)	80
p.(Q117A)	69
p.(Q117R)	113
p.(Q117N)	86
p.(Q117D)	92
p.(Q117C)	80
p.(Q117Q)	0
p.(Q117E)	164
p.(Q117G)	48
p.(Q117H)	152
p.(Q117I)	48
p.(Q117K)	331
p.(Q117M)	89
p.(Q117F)	35
p.(Q117P)	166
p.(Q117L)	84
p.(Q117S)	75
p.(Q117T)	99
p.(Q117W)	39
p.(Q117Y)	181
p.(Q117V)	88
p.(H118A)	64
p.(H118R)	101
p.(H118N)	79
p.(H118D)	84
p.(H118C)	86
p.(H118Q)	80
p.(H118E)	89
p.(H118G)	90
p.(H118H)	0
p.(H118I)	55
p.(H118K)	88
p.(H118M)	2014
p.(H118F)	83
p.(H118P)	38
p.(H118L)	83
p.(H118S)	108
p.(H118T)	54
p.(H118W)	89
p.(H118Y)	111
p.(H118V)	110
p.(G119A)	2087
p.(G119R)	71
p.(G119N)	82
p.(G119D)	87
p.(G119C)	347
p.(G119Q)	83
p.(G119E)	149
p.(G119G)	0
p.(G119H)	65
p.(G119I)	80
p.(G119K)	76
p.(G119M)	108
p.(G119F)	71
p.(G119P)	61
p.(G119L)	84
p.(G119S)	58
p.(G119T)	70
p.(G119W)	83
p.(G119Y)	127
p.(G119V)	80
p.(V120A)	151
p.(V120R)	94
p.(V120N)	88
p.(V120D)	111
p.(V120C)	82
p.(V120Q)	77
p.(V120E)	115
p.(V120G)	101
p.(V120H)	76
p.(V120I)	81
p.(V120K)	83
p.(V120M)	103
p.(V120F)	186
p.(V120P)	40
p.(V120L)	84
p.(V120S)	76
p.(V120T)	84
p.(V120W)	75
p.(V120Y)	72
p.(V120V)	0
p.(V121A)	92
p.(V121R)	65
p.(V121N)	64
p.(V121D)	82
p.(V121C)	54
p.(V121Q)	105
p.(V121E)	141
p.(V121G)	86
p.(V121H)	84
p.(V121I)	326
p.(V121K)	38
p.(V121M)	94
p.(V121F)	84
p.(V121P)	23
p.(V121L)	38
p.(V121S)	8
p.(V121T)	59
p.(V121W)	107
p.(V121Y)	50
p.(V121V)	0
p.(G122A)	97
p.(G122R)	86
p.(G122N)	77
p.(G122D)	94
p.(G122C)	108
p.(G122Q)	124
p.(G122E)	81
p.(G122G)	0
p.(G122H)	91
p.(G122I)	112
p.(G122K)	76
p.(G122M)	85
p.(G122F)	91
p.(G122P)	96
p.(G122L)	108
p.(G122S)	122
p.(G122T)	114
p.(G122W)	402
p.(G122Y)	64
p.(G122V)	67
p.(I123A)	57
p.(I123R)	99
p.(I123N)	99
p.(I123D)	89
p.(I123C)	97
p.(I123Q)	77
p.(I123E)	70
p.(I123G)	86
p.(I123H)	90
p.(I123I)	0
p.(I123K)	112
p.(I123M)	216
p.(I123F)	75
p.(I123P)	81
p.(I123L)	72
p.(I123S)	174
p.(I123T)	71
p.(I123W)	37
p.(I123Y)	47
p.(I123V)	207
p.(V124A)	77
p.(V124R)	65
p.(V124N)	121
p.(V124D)	63
p.(V124C)	36
p.(V124Q)	61
p.(V124E)	71
p.(V124G)	47
p.(V124H)	59
p.(V124I)	161
p.(V124K)	105
p.(V124M)	60
p.(V124F)	212
p.(V124P)	50
p.(V124L)	101
p.(V124S)	159
p.(V124T)	90
p.(V124W)	95
p.(V124Y)	68
p.(V124V)	0
p.(S125A)	92
p.(S125R)	81
p.(S125N)	76
p.(S125D)	89
p.(S125C)	136
p.(S125Q)	66
p.(S125E)	128
p.(S125G)	70
p.(S125H)	85
p.(S125I)	102
p.(S125K)	63
p.(S125M)	79
p.(S125F)	306
p.(S125P)	129
p.(S125L)	72
p.(S125S)	0
p.(S125T)	73
p.(S125W)	51
p.(S125Y)	105
p.(S125V)	144
p.(T126A)	172
p.(T126R)	84
p.(T126N)	59
p.(T126D)	84
p.(T126C)	57
p.(T126Q)	51
p.(T126E)	50
p.(T126G)	49
p.(T126H)	58
p.(T126I)	320
p.(T126K)	67
p.(T126M)	72
p.(T126F)	47
p.(T126P)	317
p.(T126L)	87
p.(T126S)	83
p.(T126T)	0
p.(T126W)	77
p.(T126Y)	70
p.(T126V)	73
p.(G127A)	113
p.(G127R)	761
p.(G127N)	108
p.(G127D)	83
p.(G127C)	108
p.(G127Q)	76
p.(G127E)	80
p.(G127G)	0
p.(G127H)	69
p.(G127I)	148
p.(G127K)	55
p.(G127M)	78
p.(G127F)	122
p.(G127P)	86
p.(G127L)	81
p.(G127S)	91
p.(G127T)	65
p.(G127W)	587
p.(G127Y)	67
p.(G127V)	394
p.(G128A)	82
p.(G128R)	71
p.(G128N)	101
p.(G128D)	84
p.(G128C)	104
p.(G128Q)	97
p.(G128E)	1575
p.(G128G)	0
p.(G128H)	124
p.(G128I)	62
p.(G128K)	79
p.(G128M)	90
p.(G128F)	83
p.(G128P)	249
p.(G128L)	60
p.(G128S)	77
p.(G128T)	108
p.(G128W)	107
p.(G128Y)	91
p.(G128V)	293
p.(N129A)	53
p.(N129R)	182
p.(N129N)	0
p.(N129D)	70
p.(N129C)	93
p.(N129Q)	60
p.(N129E)	82
p.(N129G)	74
p.(N129H)	90
p.(N129I)	97
p.(N129K)	89
p.(N129M)	82
p.(N129F)	230
p.(N129P)	68
p.(N129L)	80
p.(N129S)	89
p.(N129T)	77
p.(N129W)	39
p.(N129Y)	115
p.(N129V)	103
p.(G130A)	105
p.(G130R)	94
p.(G130N)	90
p.(G130D)	334
p.(G130C)	357
p.(G130Q)	61
p.(G130E)	79
p.(G130G)	0
p.(G130H)	75
p.(G130I)	121
p.(G130K)	79
p.(G130M)	87
p.(G130F)	191
p.(G130P)	168
p.(G130L)	86
p.(G130S)	78
p.(G130T)	69
p.(G130W)	87
p.(G130Y)	58
p.(G130V)	69
p.(L131A)	63
p.(L131R)	52
p.(L131N)	80
p.(L131D)	68
p.(L131C)	65
p.(L131Q)	118
p.(L131E)	78
p.(L131G)	191
p.(L131H)	91
p.(L131I)	66
p.(L131K)	32
p.(L131M)	761
p.(L131F)	82
p.(L131P)	395
p.(L131L)	0
p.(L131S)	78
p.(L131T)	69
p.(L131W)	1435
p.(L131Y)	81
p.(L131V)	64
p.(V132A)	104
p.(V132R)	53
p.(V132N)	46
p.(V132D)	91
p.(V132C)	78
p.(V132Q)	76
p.(V132E)	76
p.(V132G)	638
p.(V132H)	61
p.(V132I)	96
p.(V132K)	87
p.(V132M)	203
p.(V132F)	55
p.(V132P)	102
p.(V132L)	118
p.(V132S)	82
p.(V132T)	82
p.(V132W)	1545
p.(V132Y)	94
p.(V132V)	0
p.(G133A)	80
p.(G133R)	259
p.(G133N)	94
p.(G133D)	85
p.(G133C)	99
p.(G133Q)	104
p.(G133E)	318
p.(G133G)	0
p.(G133H)	86
p.(G133I)	67
p.(G133K)	65
p.(G133M)	81
p.(G133F)	62
p.(G133P)	99
p.(G133L)	81
p.(G133S)	99
p.(G133T)	85
p.(G133W)	344
p.(G133Y)	72
p.(G133V)	92
p.(F134A)	77
p.(F134R)	91
p.(F134N)	90
p.(F134D)	52
p.(F134C)	56
p.(F134Q)	66
p.(F134E)	44
p.(F134G)	62
p.(F134H)	58
p.(F134I)	85
p.(F134K)	97
p.(F134M)	97
p.(F134F)	0
p.(F134P)	73
p.(F134L)	274
p.(F134S)	74
p.(F134T)	102
p.(F134W)	46
p.(F134Y)	84
p.(F134V)	68
p.(A135A)	0
p.(A135R)	57
p.(A135N)	79
p.(A135D)	138
p.(A135C)	69
p.(A135Q)	94
p.(A135E)	88
p.(A135G)	57
p.(A135H)	107
p.(A135I)	82
p.(A135K)	70
p.(A135M)	32
p.(A135F)	85
p.(A135P)	110
p.(A135L)	55
p.(A135S)	77
p.(A135T)	63
p.(A135W)	48
p.(A135Y)	76
p.(A135V)	55
p.(D136A)	48
p.(D136R)	99
p.(D136N)	459
p.(D136D)	0
p.(D136C)	247
p.(D136Q)	91
p.(D136E)	80
p.(D136G)	56
p.(D136H)	121
p.(D136I)	80
p.(D136K)	58
p.(D136M)	1652
p.(D136F)	85
p.(D136P)	71
p.(D136L)	54
p.(D136S)	55
p.(D136T)	82
p.(D136W)	72
p.(D136Y)	2897
p.(D136V)	106
p.(V137A)	65
p.(V137R)	75
p.(V137N)	70
p.(V137D)	92
p.(V137C)	645
p.(V137Q)	89
p.(V137E)	40
p.(V137G)	63
p.(V137H)	77
p.(V137I)	125
p.(V137K)	41
p.(V137M)	246
p.(V137F)	57
p.(V137P)	77
p.(V137L)	104
p.(V137S)	58
p.(V137T)	83
p.(V137W)	74
p.(V137Y)	61
p.(V137V)	0
p.(R138A)	61
p.(R138R)	0
p.(R138N)	85
p.(R138D)	92
p.(R138C)	103
p.(R138Q)	60
p.(R138E)	95
p.(R138G)	247
p.(R138H)	34
p.(R138I)	118
p.(R138K)	260
p.(R138M)	911
p.(R138F)	90
p.(R138P)	89
p.(R138L)	67
p.(R138S)	108
p.(R138T)	63
p.(R138W)	199
p.(R138Y)	93
p.(R138V)	133
p.(D139A)	40
p.(D139R)	56
p.(D139N)	109
p.(D139D)	0
p.(D139C)	64
p.(D139Q)	95
p.(D139E)	85
p.(D139G)	199
p.(D139H)	140
p.(D139I)	172
p.(D139K)	51
p.(D139M)	77
p.(D139F)	68
p.(D139P)	114
p.(D139L)	82
p.(D139S)	220
p.(D139T)	61
p.(D139W)	74
p.(D139Y)	63
p.(D139V)	93
p.(L140A)	53
p.(L140R)	64
p.(L140N)	77
p.(L140D)	93
p.(L140C)	82
p.(L140Q)	36
p.(L140E)	31
p.(L140G)	78
p.(L140H)	52
p.(L140I)	160
p.(L140K)	68
p.(L140M)	84
p.(L140F)	500
p.(L140P)	36
p.(L140L)	0
p.(L140S)	838
p.(L140T)	42
p.(L140W)	91
p.(L140Y)	77
p.(L140V)	115
p.(L141A)	79
p.(L141R)	92
p.(L141N)	75
p.(L141D)	51
p.(L141C)	66
p.(L141Q)	132
p.(L141E)	69
p.(L141G)	69
p.(L141H)	68
p.(L141I)	75
p.(L141K)	72
p.(L141M)	266
p.(L141F)	62
p.(L141P)	373
p.(L141L)	0
p.(L141S)	77
p.(L141T)	71
p.(L141W)	61
p.(L141Y)	63
p.(L141V)	92
p.(W142A)	64
p.(W142R)	67
p.(W142N)	84
p.(W142D)	64
p.(W142C)	302
p.(W142Q)	89
p.(W142E)	90
p.(W142G)	106
p.(W142H)	77
p.(W142I)	82
p.(W142K)	57
p.(W142M)	87
p.(W142F)	84
p.(W142P)	71
p.(W142L)	122
p.(W142S)	57
p.(W142T)	90
p.(W142W)	0
p.(W142Y)	88
p.(W142V)	623
p.(L143A)	64
p.(L143R)	47
p.(L143N)	70
p.(L143D)	356
p.(L143C)	86
p.(L143Q)	106
p.(L143E)	72
p.(L143G)	53
p.(L143H)	67
p.(L143I)	97
p.(L143K)	67
p.(L143M)	120
p.(L143F)	103
p.(L143P)	98
p.(L143L)	0
p.(L143S)	90
p.(L143T)	70
p.(L143W)	320
p.(L143Y)	81
p.(L143V)	78
p.(D144A)	131
p.(D144R)	56
p.(D144N)	36
p.(D144D)	0
p.(D144C)	45
p.(D144Q)	74
p.(D144E)	93
p.(D144G)	93
p.(D144H)	73
p.(D144I)	42
p.(D144K)	63
p.(D144M)	370
p.(D144F)	81
p.(D144P)	91
p.(D144L)	84
p.(D144S)	73
p.(D144T)	35
p.(D144W)	361
p.(D144Y)	84
p.(D144V)	68
p.(D145A)	46
p.(D145R)	42
p.(D145N)	63
p.(D145D)	0
p.(D145C)	79
p.(D145Q)	61
p.(D145E)	81
p.(D145G)	88
p.(D145H)	411
p.(D145I)	67
p.(D145K)	77
p.(D145M)	439
p.(D145F)	48
p.(D145P)	62
p.(D145L)	77
p.(D145S)	92
p.(D145T)	95
p.(D145W)	82
p.(D145Y)	116
p.(D145V)	86
p.(E146A)	84
p.(E146R)	70
p.(E146N)	64
p.(E146D)	131
p.(E146C)	81
p.(E146Q)	101
p.(E146E)	0
p.(E146G)	59
p.(E146H)	23
p.(E146I)	81
p.(E146K)	474
p.(E146M)	130
p.(E146F)	93
p.(E146P)	62
p.(E146L)	60
p.(E146S)	97
p.(E146T)	81
p.(E146W)	76
p.(E146Y)	48
p.(E146V)	61
p.(A147A)	0
p.(A147R)	86
p.(A147N)	65
p.(A147D)	102
p.(A147C)	95
p.(A147Q)	51
p.(A147E)	87
p.(A147G)	67
p.(A147H)	51
p.(A147I)	94
p.(A147K)	80
p.(A147M)	96
p.(A147F)	61
p.(A147P)	87
p.(A147L)	392
p.(A147S)	79
p.(A147T)	232
p.(A147W)	68
p.(A147Y)	52
p.(A147V)	93
p.(M148A)	82
p.(M148R)	63
p.(M148N)	103
p.(M148D)	90
p.(M148C)	52
p.(M148Q)	63
p.(M148E)	83
p.(M148G)	79
p.(M148H)	100
p.(M148I)	345
p.(M148K)	126
p.(M148M)	0
p.(M148F)	102
p.(M148P)	74
p.(M148L)	57
p.(M148S)	75
p.(M148T)	62
p.(M148W)	649
p.(M148Y)	72
p.(M148V)	173
p.(E149A)	127
p.(E149R)	63
p.(E149N)	64
p.(E149D)	223
p.(E149C)	73
p.(E149Q)	166
p.(E149E)	0
p.(E149G)	87
p.(E149H)	101
p.(E149I)	106
p.(E149K)	312
p.(E149M)	75
p.(E149F)	110
p.(E149P)	131
p.(E149L)	83
p.(E149S)	739
p.(E149T)	107
p.(E149W)	125
p.(E149Y)	41
p.(E149V)	105
p.(Q150A)	171
p.(Q150R)	106
p.(Q150N)	79
p.(Q150D)	72
p.(Q150C)	70
p.(Q150Q)	0
p.(Q150E)	94
p.(Q150G)	57
p.(Q150H)	301
p.(Q150I)	46
p.(Q150K)	65
p.(Q150M)	72
p.(Q150F)	81
p.(Q150P)	90
p.(Q150L)	104
p.(Q150S)	47
p.(Q150T)	51
p.(Q150W)	72
p.(Q150Y)	74
p.(Q150V)	89
p.(G151A)	130
p.(G151R)	157
p.(G151N)	113
p.(G151D)	61
p.(G151C)	290
p.(G151Q)	105
p.(G151E)	71
p.(G151G)	0
p.(G151H)	123
p.(G151I)	90
p.(G151K)	57
p.(G151M)	110
p.(G151F)	85
p.(G151P)	95
p.(G151L)	87
p.(G151S)	151
p.(G151T)	97
p.(G151W)	79
p.(G151Y)	135
p.(G151V)	82
p.(V152A)	51
p.(V152R)	104
p.(V152N)	92
p.(V152D)	90
p.(V152C)	848
p.(V152Q)	84
p.(V152E)	83
p.(V152G)	92
p.(V152H)	87
p.(V152I)	87
p.(V152K)	69
p.(V152M)	396
p.(V152F)	50
p.(V152P)	83
p.(V152L)	97
p.(V152S)	68
p.(V152T)	51
p.(V152W)	102
p.(V152Y)	84
p.(V152V)	0
p.(S153A)	60
p.(S153R)	86
p.(S153N)	65
p.(S153D)	72
p.(S153C)	78
p.(S153Q)	71
p.(S153E)	63
p.(S153G)	87
p.(S153H)	58
p.(S153I)	87
p.(S153K)	57
p.(S153M)	43
p.(S153F)	330
p.(S153P)	67
p.(S153L)	50
p.(S153S)	0
p.(S153T)	29
p.(S153W)	56
p.(S153Y)	79
p.(S153V)	81
p.(D154A)	59
p.(D154R)	29
p.(D154N)	384
p.(D154D)	0
p.(D154C)	93
p.(D154Q)	65
p.(D154E)	87
p.(D154G)	76
p.(D154H)	60
p.(D154I)	55
p.(D154K)	73
p.(D154M)	59
p.(D154F)	75
p.(D154P)	41
p.(D154L)	66
p.(D154S)	79
p.(D154T)	64
p.(D154W)	125
p.(D154Y)	79
p.(D154V)	158
p.(Y155A)	58
p.(Y155R)	63
p.(Y155N)	103
p.(Y155D)	85
p.(Y155C)	231
p.(Y155Q)	84
p.(Y155E)	56
p.(Y155G)	96
p.(Y155H)	107
p.(Y155I)	54
p.(Y155K)	76
p.(Y155M)	105
p.(Y155F)	155
p.(Y155P)	86
p.(Y155L)	95
p.(Y155S)	81
p.(Y155T)	93
p.(Y155W)	57
p.(Y155Y)	0
p.(Y155V)	104
p.(I156A)	84
p.(I156R)	93
p.(I156N)	77
p.(I156D)	64
p.(I156C)	71
p.(I156Q)	62
p.(I156E)	60
p.(I156G)	108
p.(I156H)	88
p.(I156I)	0
p.(I156K)	80
p.(I156M)	105
p.(I156F)	88
p.(I156P)	74
p.(I156L)	1140
p.(I156S)	78
p.(I156T)	47
p.(I156W)	45
p.(I156Y)	64
p.(I156V)	183
p.(K157A)	95
p.(K157R)	88
p.(K157N)	135
p.(K157D)	78
p.(K157C)	84
p.(K157Q)	142
p.(K157E)	77
p.(K157G)	346
p.(K157H)	61
p.(K157I)	110
p.(K157K)	0
p.(K157M)	74
p.(K157F)	114
p.(K157P)	74
p.(K157L)	42
p.(K157S)	93
p.(K157T)	53
p.(K157W)	54
p.(K157Y)	82
p.(K157V)	125
p.(G158A)	78
p.(G158R)	63
p.(G158N)	50
p.(G158D)	70
p.(G158C)	59
p.(G158Q)	104
p.(G158E)	199
p.(G158G)	0
p.(G158H)	57
p.(G158I)	44
p.(G158K)	55
p.(G158M)	126
p.(G158F)	46
p.(G158P)	79
p.(G158L)	16
p.(G158S)	76
p.(G158T)	67
p.(G158W)	547
p.(G158Y)	22
p.(G158V)	69
p.(L159A)	110
p.(L159R)	44
p.(L159N)	68
p.(L159D)	34
p.(L159C)	78
p.(L159Q)	60
p.(L159E)	28
p.(L159G)	59
p.(L159H)	88
p.(L159I)	80
p.(L159K)	18
p.(L159M)	39
p.(L159F)	98
p.(L159P)	30
p.(L159L)	0
p.(L159S)	87
p.(L159T)	55
p.(L159W)	102
p.(L159Y)	63
p.(L159V)	57
p.(G160A)	80
p.(G160R)	499
p.(G160N)	108
p.(G160D)	88
p.(G160C)	60
p.(G160Q)	83
p.(G160E)	222
p.(G160G)	0
p.(G160H)	90
p.(G160I)	88
p.(G160K)	84
p.(G160M)	88
p.(G160F)	129
p.(G160P)	60
p.(G160L)	113
p.(G160S)	92
p.(G160T)	56
p.(G160W)	172
p.(G160Y)	89
p.(G160V)	63
p.(D161A)	89
p.(D161R)	85
p.(D161N)	198
p.(D161D)	0
p.(D161C)	93
p.(D161Q)	64
p.(D161E)	128
p.(D161G)	66
p.(D161H)	91
p.(D161I)	83
p.(D161K)	80
p.(D161M)	1821
p.(D161F)	100
p.(D161P)	64
p.(D161L)	73
p.(D161S)	106
p.(D161T)	71
p.(D161W)	137
p.(D161Y)	57
p.(D161V)	136
p.(A162A)	0
p.(A162R)	66
p.(A162N)	78
p.(A162D)	130
p.(A162C)	51
p.(A162Q)	111
p.(A162E)	83
p.(A162G)	72
p.(A162H)	87
p.(A162I)	47
p.(A162K)	41
p.(A162M)	58
p.(A162F)	74
p.(A162P)	65
p.(A162L)	62
p.(A162S)	165
p.(A162T)	274
p.(A162W)	66
p.(A162Y)	47
p.(A162V)	509
p.(F163A)	70
p.(F163R)	79
p.(F163N)	75
p.(F163D)	76
p.(F163C)	95
p.(F163Q)	74
p.(F163E)	90
p.(F163G)	84
p.(F163H)	123
p.(F163I)	105
p.(F163K)	117
p.(F163M)	59
p.(F163F)	0
p.(F163P)	103
p.(F163L)	54
p.(F163S)	80
p.(F163T)	83
p.(F163W)	160
p.(F163Y)	108
p.(F163V)	59
p.(G164A)	76
p.(G164R)	73
p.(G164N)	64
p.(G164D)	111
p.(G164C)	306
p.(G164Q)	50
p.(G164E)	126
p.(G164G)	0
p.(G164H)	78
p.(G164I)	54
p.(G164K)	54
p.(G164M)	22
p.(G164F)	48
p.(G164P)	67
p.(G164L)	80
p.(G164S)	58
p.(G164T)	51
p.(G164W)	232
p.(G164Y)	59
p.(G164V)	43
p.(M165A)	92
p.(M165R)	104
p.(M165N)	50
p.(M165D)	54
p.(M165C)	63
p.(M165Q)	93
p.(M165E)	164
p.(M165G)	169
p.(M165H)	115
p.(M165I)	305
p.(M165K)	96
p.(M165M)	0
p.(M165F)	54
p.(M165P)	68
p.(M165L)	56
p.(M165S)	81
p.(M165T)	80
p.(M165W)	2655
p.(M165Y)	81
p.(M165V)	77
p.(G166A)	78
p.(G166R)	63
p.(G166N)	91
p.(G166D)	95
p.(G166C)	35
p.(G166Q)	78
p.(G166E)	83
p.(G166G)	0
p.(G166H)	32
p.(G166I)	74
p.(G166K)	61
p.(G166M)	78
p.(G166F)	108
p.(G166P)	82
p.(G166L)	79
p.(G166S)	77
p.(G166T)	79
p.(G166W)	275
p.(G166Y)	79
p.(G166V)	339
p.(F167A)	95
p.(F167R)	86
p.(F167N)	102
p.(F167D)	76
p.(F167C)	70
p.(F167Q)	97
p.(F167E)	77
p.(F167G)	42
p.(F167H)	72
p.(F167I)	98
p.(F167K)	52
p.(F167M)	106
p.(F167F)	0
p.(F167P)	53
p.(F167L)	106
p.(F167S)	98
p.(F167T)	52
p.(F167W)	88
p.(F167Y)	265
p.(F167V)	337
p.(T168A)	190
p.(T168R)	69
p.(T168N)	60
p.(T168D)	115
p.(T168C)	70
p.(T168Q)	2941
p.(T168E)	72
p.(T168G)	2
p.(T168H)	24
p.(T168I)	78
p.(T168K)	59
p.(T168M)	87
p.(T168F)	106
p.(T168P)	61
p.(T168L)	67
p.(T168S)	78
p.(T168T)	0
p.(T168W)	53
p.(T168Y)	95
p.(T168V)	89
p.(D169A)	62
p.(D169R)	237
p.(D169N)	60
p.(D169D)	0
p.(D169C)	83
p.(D169Q)	93
p.(D169E)	96
p.(D169G)	29
p.(D169H)	95
p.(D169I)	72
p.(D169K)	93
p.(D169M)	98
p.(D169F)	80
p.(D169P)	70
p.(D169L)	87
p.(D169S)	34
p.(D169T)	2945
p.(D169W)	102
p.(D169Y)	83
p.(D169V)	90
p.(A170A)	0
p.(A170R)	71
p.(A170N)	92
p.(A170D)	96
p.(A170C)	62
p.(A170Q)	86
p.(A170E)	107
p.(A170G)	91
p.(A170H)	62
p.(A170I)	63
p.(A170K)	100
p.(A170M)	42
p.(A170F)	81
p.(A170P)	79
p.(A170L)	73
p.(A170S)	80
p.(A170T)	697
p.(A170W)	85
p.(A170Y)	149
p.(A170V)	186
p.(V171A)	316
p.(V171R)	82
p.(V171N)	74
p.(V171D)	101
p.(V171C)	117
p.(V171Q)	91
p.(V171E)	254
p.(V171G)	113
p.(V171H)	95
p.(V171I)	65
p.(V171K)	57
p.(V171M)	194
p.(V171F)	93
p.(V171P)	76
p.(V171L)	78
p.(V171S)	114
p.(V171T)	66
p.(V171W)	118
p.(V171Y)	102
p.(V171V)	0
p.(S172A)	89
p.(S172R)	62
p.(S172N)	37
p.(S172D)	69
p.(S172C)	54
p.(S172Q)	2910
p.(S172E)	45
p.(S172G)	110
p.(S172H)	62
p.(S172I)	43
p.(S172K)	34
p.(S172M)	77
p.(S172F)	94
p.(S172P)	87
p.(S172L)	78
p.(S172S)	0
p.(S172T)	106
p.(S172W)	54
p.(S172Y)	93
p.(S172V)	340
p.(R173A)	126
p.(R173R)	0
p.(R173N)	88
p.(R173D)	83
p.(R173C)	90
p.(R173Q)	54
p.(R173E)	2793
p.(R173G)	58
p.(R173H)	70
p.(R173I)	449
p.(R173K)	446
p.(R173M)	124
p.(R173F)	95
p.(R173P)	62
p.(R173L)	62
p.(R173S)	153
p.(R173T)	78
p.(R173W)	98
p.(R173Y)	69
p.(R173V)	88
p.(E174A)	61
p.(E174R)	76
p.(E174N)	162
p.(E174D)	57
p.(E174C)	87
p.(E174Q)	98
p.(E174E)	0
p.(E174G)	41
p.(E174H)	70
p.(E174I)	111
p.(E174K)	328
p.(E174M)	106
p.(E174F)	117
p.(E174P)	96
p.(E174L)	97
p.(E174S)	259
p.(E174T)	74
p.(E174W)	106
p.(E174Y)	137
p.(E174V)	102
p.(V175A)	79
p.(V175R)	96
p.(V175N)	70
p.(V175D)	59
p.(V175C)	115
p.(V175Q)	56
p.(V175E)	77
p.(V175G)	47
p.(V175H)	79
p.(V175I)	66
p.(V175K)	85
p.(V175M)	111
p.(V175F)	222
p.(V175P)	64
p.(V175L)	54
p.(V175S)	422
p.(V175T)	103
p.(V175W)	98
p.(V175Y)	38
p.(V175V)	0
p.(E176A)	60
p.(E176R)	102
p.(E176N)	100
p.(E176D)	101
p.(E176C)	99
p.(E176Q)	76
p.(E176E)	0
p.(E176G)	330
p.(E176H)	71
p.(E176I)	70
p.(E176K)	2842
p.(E176M)	75
p.(E176F)	52
p.(E176P)	96
p.(E176L)	94
p.(E176S)	85
p.(E176T)	85
p.(E176W)	68
p.(E176Y)	36
p.(E176V)	73
p.(A177A)	0
p.(A177R)	100
p.(A177N)	98
p.(A177D)	101
p.(A177C)	48
p.(A177Q)	110
p.(A177E)	131
p.(A177G)	86
p.(A177H)	86
p.(A177I)	119
p.(A177K)	81
p.(A177M)	97
p.(A177F)	108
p.(A177P)	42
p.(A177L)	96
p.(A177S)	102
p.(A177T)	53
p.(A177W)	79
p.(A177Y)	46
p.(A177V)	144
p.(L178A)	101
p.(L178R)	62
p.(L178N)	121
p.(L178D)	68
p.(L178C)	69
p.(L178Q)	206
p.(L178E)	129
p.(L178G)	71
p.(L178H)	80
p.(L178I)	105
p.(L178K)	89
p.(L178M)	112
p.(L178F)	126
p.(L178P)	371
p.(L178L)	0
p.(L178S)	64
p.(L178T)	121
p.(L178W)	98
p.(L178Y)	90
p.(L178V)	85
p.(K179A)	88
p.(K179R)	103
p.(K179N)	126
p.(K179D)	71
p.(K179C)	108
p.(K179Q)	184
p.(K179E)	341
p.(K179G)	65
p.(K179H)	88
p.(K179I)	112
p.(K179K)	0
p.(K179M)	103
p.(K179F)	112
p.(K179P)	62
p.(K179L)	71
p.(K179S)	111
p.(K179T)	113
p.(K179W)	69
p.(K179Y)	85
p.(K179V)	88
p.(S180A)	108
p.(S180R)	132
p.(S180N)	146
p.(S180D)	65
p.(S180C)	139
p.(S180Q)	59
p.(S180E)	95
p.(S180G)	89
p.(S180H)	71
p.(S180I)	161
p.(S180K)	104
p.(S180M)	83
p.(S180F)	125
p.(S180P)	116
p.(S180L)	84
p.(S180S)	0
p.(S180T)	105
p.(S180W)	122
p.(S180Y)	74
p.(S180V)	126
p.(H181A)	85
p.(H181R)	81
p.(H181N)	309
p.(H181D)	77
p.(H181C)	105
p.(H181Q)	143
p.(H181E)	62
p.(H181G)	77
p.(H181H)	0
p.(H181I)	89
p.(H181K)	69
p.(H181M)	88
p.(H181F)	79
p.(H181P)	92
p.(H181L)	186
p.(H181S)	82
p.(H181T)	60
p.(H181W)	54
p.(H181Y)	162
p.(H181V)	38
p.(L182A)	101
p.(L182R)	108
p.(L182N)	92
p.(L182D)	107
p.(L182C)	70
p.(L182Q)	40
p.(L182E)	87
p.(L182G)	83
p.(L182H)	127
p.(L182I)	71
p.(L182K)	68
p.(L182M)	176
p.(L182F)	111
p.(L182P)	90
p.(L182L)	0
p.(L182S)	87
p.(L182T)	107
p.(L182W)	102
p.(L182Y)	99
p.(L182V)	87
p.(I183A)	67
p.(I183R)	64
p.(I183N)	117
p.(I183D)	211
p.(I183C)	60
p.(I183Q)	52
p.(I183E)	61
p.(I183G)	73
p.(I183H)	75
p.(I183I)	0
p.(I183K)	77
p.(I183M)	122
p.(I183F)	115
p.(I183P)	50
p.(I183L)	92
p.(I183S)	105
p.(I183T)	94
p.(I183W)	84
p.(I183Y)	66
p.(I183V)	81
p.(G184A)	80
p.(G184R)	205
p.(G184N)	59
p.(G184D)	99
p.(G184C)	67
p.(G184Q)	116
p.(G184E)	114
p.(G184G)	0
p.(G184H)	62
p.(G184I)	86
p.(G184K)	56
p.(G184M)	81
p.(G184F)	96
p.(G184P)	88
p.(G184L)	99
p.(G184S)	474
p.(G184T)	88
p.(G184W)	113
p.(G184Y)	86
p.(G184V)	45
p.(S185A)	62
p.(S185R)	82
p.(S185N)	83
p.(S185D)	149
p.(S185C)	96
p.(S185Q)	81
p.(S185E)	98
p.(S185G)	87
p.(S185H)	39
p.(S185I)	60
p.(S185K)	65
p.(S185M)	88
p.(S185F)	81
p.(S185P)	53
p.(S185L)	70
p.(S185S)	0
p.(S185T)	213
p.(S185W)	72
p.(S185Y)	99
p.(S185V)	49
p.(E186A)	140
p.(E186R)	224
p.(E186N)	79
p.(E186D)	287
p.(E186C)	100
p.(E186Q)	119
p.(E186E)	0
p.(E186G)	48
p.(E186H)	70
p.(E186I)	85
p.(E186K)	168
p.(E186M)	87
p.(E186F)	82
p.(E186P)	127
p.(E186L)	69
p.(E186S)	56
p.(E186T)	81
p.(E186W)	85
p.(E186Y)	98
p.(E186V)	151
p.(G187A)	77
p.(G187R)	84
p.(G187N)	91
p.(G187D)	212
p.(G187C)	207
p.(G187Q)	84
p.(G187E)	85
p.(G187G)	0
p.(G187H)	117
p.(G187I)	94
p.(G187K)	70
p.(G187M)	110
p.(G187F)	97
p.(G187P)	106
p.(G187L)	72
p.(G187S)	109
p.(G187T)	7
p.(G187W)	73
p.(G187Y)	75
p.(G187V)	81
p.(A188A)	0
p.(A188R)	63
p.(A188N)	86
p.(A188D)	63
p.(A188C)	78
p.(A188Q)	65
p.(A188E)	98
p.(A188G)	131
p.(A188H)	112
p.(A188I)	75
p.(A188K)	62
p.(A188M)	91
p.(A188F)	167
p.(A188P)	344
p.(A188L)	37
p.(A188S)	93
p.(A188T)	99
p.(A188W)	60
p.(A188Y)	70
p.(A188V)	89
p.(V189A)	244
p.(V189R)	75
p.(V189N)	71
p.(V189D)	109
p.(V189C)	77
p.(V189Q)	77
p.(V189E)	130
p.(V189G)	104
p.(V189H)	84
p.(V189I)	77
p.(V189K)	81
p.(V189M)	443
p.(V189F)	77
p.(V189P)	52
p.(V189L)	256
p.(V189S)	57
p.(V189T)	96
p.(V189W)	311
p.(V189Y)	77
p.(V189V)	0
p.(E190A)	106
p.(E190R)	48
p.(E190N)	74
p.(E190D)	111
p.(E190C)	89
p.(E190Q)	126
p.(E190E)	0
p.(E190G)	252
p.(E190H)	96
p.(E190I)	110
p.(E190K)	79
p.(E190M)	100
p.(E190F)	118
p.(E190P)	79
p.(E190L)	128
p.(E190S)	103
p.(E190T)	121
p.(E190W)	119
p.(E190Y)	78
p.(E190V)	36
p.(K191A)	105
p.(K191R)	136
p.(K191N)	257
p.(K191D)	93
p.(K191C)	109
p.(K191Q)	75
p.(K191E)	229
p.(K191G)	111
p.(K191H)	144
p.(K191I)	74
p.(K191K)	0
p.(K191M)	142
p.(K191F)	94
p.(K191P)	90
p.(K191L)	80
p.(K191S)	106
p.(K191T)	58
p.(K191W)	117
p.(K191Y)	104
p.(K191V)	81
p.(I192A)	80
p.(I192R)	102
p.(I192N)	81
p.(I192D)	71
p.(I192C)	67
p.(I192Q)	80
p.(I192E)	109
p.(I192G)	105
p.(I192H)	109
p.(I192I)	0
p.(I192K)	169
p.(I192M)	99
p.(I192F)	139
p.(I192P)	49
p.(I192L)	140
p.(I192S)	125
p.(I192T)	86
p.(I192W)	112
p.(I192Y)	72
p.(I192V)	88
p.(L193A)	87
p.(L193R)	124
p.(L193N)	95
p.(L193D)	72
p.(L193C)	142
p.(L193Q)	182
p.(L193E)	128
p.(L193G)	93
p.(L193H)	99
p.(L193I)	85
p.(L193K)	90
p.(L193M)	52
p.(L193F)	74
p.(L193P)	90
p.(L193L)	0
p.(L193S)	116
p.(L193T)	114
p.(L193W)	80
p.(L193Y)	32
p.(L193V)	79
p.(K194A)	112
p.(K194R)	251
p.(K194N)	152
p.(K194D)	101
p.(K194C)	51
p.(K194Q)	98
p.(K194E)	274
p.(K194G)	61
p.(K194H)	91
p.(K194I)	98
p.(K194K)	0
p.(K194M)	135
p.(K194F)	114
p.(K194P)	61
p.(K194L)	70
p.(K194S)	121
p.(K194T)	70
p.(K194W)	58
p.(K194Y)	135
p.(K194V)	103
p.(N195A)	131
p.(N195R)	109
p.(N195N)	0
p.(N195D)	118
p.(N195C)	125
p.(N195Q)	102
p.(N195E)	116
p.(N195G)	63
p.(N195H)	106
p.(N195I)	87
p.(N195K)	171
p.(N195M)	102
p.(N195F)	138
p.(N195P)	75
p.(N195L)	335
p.(N195S)	133
p.(N195T)	96
p.(N195W)	111
p.(N195Y)	65
p.(N195V)	111
p.(L196A)	93
p.(L196R)	79
p.(L196N)	108
p.(L196D)	92
p.(L196C)	105
p.(L196Q)	114
p.(L196E)	90
p.(L196G)	79
p.(L196H)	119
p.(L196I)	132
p.(L196K)	107
p.(L196M)	90
p.(L196F)	145
p.(L196P)	105
p.(L196L)	0
p.(L196S)	117
p.(L196T)	117
p.(L196W)	76
p.(L196Y)	76
p.(L196V)	113
p.(V197A)	150
p.(V197R)	125
p.(V197N)	125
p.(V197D)	189
p.(V197C)	103
p.(V197Q)	121
p.(V197E)	131
p.(V197G)	134
p.(V197H)	108
p.(V197I)	105
p.(V197K)	130
p.(V197M)	79
p.(V197F)	104
p.(V197P)	132
p.(V197L)	169
p.(V197S)	91
p.(V197T)	129
p.(V197W)	140
p.(V197Y)	65
p.(V197V)	0
p.(K198A)	47
p.(K198R)	127
p.(K198N)	299
p.(K198D)	60
p.(K198C)	41
p.(K198Q)	58
p.(K198E)	172
p.(K198G)	44
p.(K198H)	50
p.(K198I)	90
p.(K198K)	0
p.(K198M)	95
p.(K198F)	67
p.(K198P)	78
p.(K198L)	78
p.(K198S)	79
p.(K198T)	61
p.(K198W)	51
p.(K198Y)	55
p.(K198V)	55
p.(L199A)	62
p.(L199R)	111
p.(L199N)	87
p.(L199D)	88
p.(L199C)	96
p.(L199Q)	87
p.(L199E)	103
p.(L199G)	113
p.(L199H)	147
p.(L199I)	141
p.(L199K)	111
p.(L199M)	94
p.(L199F)	358
p.(L199P)	109
p.(L199L)	0
p.(L199S)	75
p.(L199T)	78
p.(L199W)	117
p.(L199Y)	70
p.(L199V)	76
p.(I200A)	131
p.(I200R)	96
p.(I200N)	45
p.(I200D)	97
p.(I200C)	133
p.(I200Q)	131
p.(I200E)	108
p.(I200G)	73
p.(I200H)	160
p.(I200I)	0
p.(I200K)	48
p.(I200M)	91
p.(I200F)	156
p.(I200P)	163
p.(I200L)	131
p.(I200S)	102
p.(I200T)	90
p.(I200W)	96
p.(I200Y)	47
p.(I200V)	106
p.(S201A)	97
p.(S201R)	48
p.(S201N)	54
p.(S201D)	38
p.(S201C)	119
p.(S201Q)	36
p.(S201E)	69
p.(S201G)	100
p.(S201H)	135
p.(S201I)	117
p.(S201K)	60
p.(S201M)	130
p.(S201F)	147
p.(S201P)	94
p.(S201L)	72
p.(S201S)	0
p.(S201T)	89
p.(S201W)	47
p.(S201Y)	1523
p.(S201V)	125
p.(A202A)	0
p.(A202R)	21
p.(A202N)	80
p.(A202D)	106
p.(A202C)	113
p.(A202Q)	65
p.(A202E)	79
p.(A202G)	105
p.(A202H)	83
p.(A202I)	122
p.(A202K)	58
p.(A202M)	72
p.(A202F)	104
p.(A202P)	63
p.(A202L)	67
p.(A202S)	223
p.(A202T)	257
p.(A202W)	79
p.(A202Y)	88
p.(A202V)	1023
p.(L203A)	110
p.(L203R)	97
p.(L203N)	122
p.(L203D)	140
p.(L203C)	112
p.(L203Q)	59
p.(L203E)	57
p.(L203G)	111
p.(L203H)	92
p.(L203I)	102
p.(L203K)	114
p.(L203M)	103
p.(L203F)	74
p.(L203P)	255
p.(L203L)	0
p.(L203S)	110
p.(L203T)	72
p.(L203W)	79
p.(L203Y)	85
p.(L203V)	99
p.(V204A)	147
p.(V204R)	87
p.(V204N)	80
p.(V204D)	106
p.(V204C)	110
p.(V204Q)	119
p.(V204E)	118
p.(V204G)	71
p.(V204H)	95
p.(V204I)	90
p.(V204K)	99
p.(V204M)	117
p.(V204F)	236
p.(V204P)	143
p.(V204L)	87
p.(V204S)	92
p.(V204T)	85
p.(V204W)	138
p.(V204Y)	92
p.(V204V)	0
p.(I205A)	93
p.(I205R)	78
p.(I205N)	113
p.(I205D)	65
p.(I205C)	98
p.(I205Q)	95
p.(I205E)	78
p.(I205G)	57
p.(I205H)	80
p.(I205I)	0
p.(I205K)	77
p.(I205M)	92
p.(I205F)	141
p.(I205P)	107
p.(I205L)	48
p.(I205S)	96
p.(I205T)	88
p.(I205W)	64
p.(I205Y)	76
p.(I205V)	100
p.(V206A)	116
p.(V206R)	86
p.(V206N)	36
p.(V206D)	84
p.(V206C)	95
p.(V206Q)	64
p.(V206E)	53
p.(V206G)	83
p.(V206H)	72
p.(V206I)	69
p.(V206K)	69
p.(V206M)	40
p.(V206F)	78
p.(V206P)	41
p.(V206L)	100
p.(V206S)	112
p.(V206T)	70
p.(V206W)	119
p.(V206Y)	80
p.(V206V)	0
p.(I207A)	88
p.(I207R)	62
p.(I207N)	80
p.(I207D)	101
p.(I207C)	99
p.(I207Q)	85
p.(I207E)	106
p.(I207G)	74
p.(I207H)	145
p.(I207I)	0
p.(I207K)	64
p.(I207M)	86
p.(I207F)	63
p.(I207P)	45
p.(I207L)	65
p.(I207S)	100
p.(I207T)	211
p.(I207W)	111
p.(I207Y)	65
p.(I207V)	108
p.(R208A)	133
p.(R208R)	0
p.(R208N)	117
p.(R208D)	87
p.(R208C)	58
p.(R208Q)	110
p.(R208E)	287
p.(R208G)	99
p.(R208H)	66
p.(R208I)	127
p.(R208K)	99
p.(R208M)	381
p.(R208F)	66
p.(R208P)	241
p.(R208L)	114
p.(R208S)	51
p.(R208T)	58
p.(R208W)	186
p.(R208Y)	83
p.(R208V)	85
p.(S209A)	54
p.(S209R)	78
p.(S209N)	213
p.(S209D)	71
p.(S209C)	95
p.(S209Q)	58
p.(S209E)	195
p.(S209G)	78
p.(S209H)	59
p.(S209I)	127
p.(S209K)	73
p.(S209M)	117
p.(S209F)	76
p.(S209P)	91
p.(S209L)	71
p.(S209S)	0
p.(S209T)	73
p.(S209W)	90
p.(S209Y)	60
p.(S209V)	81
p.(D210A)	108
p.(D210R)	56
p.(D210N)	76
p.(D210D)	0
p.(D210C)	47
p.(D210Q)	78
p.(D210E)	110
p.(D210G)	65
p.(D210H)	61
p.(D210I)	59
p.(D210K)	75
p.(D210M)	94
p.(D210F)	64
p.(D210P)	110
p.(D210L)	77
p.(D210S)	83
p.(D210T)	66
p.(D210W)	90
p.(D210Y)	76
p.(D210V)	105
p.(Y211A)	51
p.(Y211R)	56
p.(Y211N)	109
p.(Y211D)	55
p.(Y211C)	217
p.(Y211Q)	49
p.(Y211E)	75
p.(Y211G)	43
p.(Y211H)	232
p.(Y211I)	30
p.(Y211K)	55
p.(Y211M)	1072
p.(Y211F)	74
p.(Y211P)	120
p.(Y211L)	65
p.(Y211S)	45
p.(Y211T)	79
p.(Y211W)	52
p.(Y211Y)	0
p.(Y211V)	93
p.(D212A)	140
p.(D212R)	102
p.(D212N)	84
p.(D212D)	0
p.(D212C)	83
p.(D212Q)	92
p.(D212E)	447
p.(D212G)	75
p.(D212H)	129
p.(D212I)	139
p.(D212K)	160
p.(D212M)	105
p.(D212F)	134
p.(D212P)	101
p.(D212L)	67
p.(D212S)	64
p.(D212T)	65
p.(D212W)	101
p.(D212Y)	578
p.(D212V)	67
p.(M213A)	68
p.(M213R)	62
p.(M213N)	92
p.(M213D)	70
p.(M213C)	62
p.(M213Q)	71
p.(M213E)	207
p.(M213G)	114
p.(M213H)	69
p.(M213I)	135
p.(M213K)	80
p.(M213M)	0
p.(M213F)	70
p.(M213P)	41
p.(M213L)	109
p.(M213S)	123
p.(M213T)	89
p.(M213W)	1328
p.(M213Y)	63
p.(M213V)	94
p.(V214A)	89
p.(V214R)	65
p.(V214N)	42
p.(V214D)	169
p.(V214C)	109
p.(V214Q)	104
p.(V214E)	60
p.(V214G)	101
p.(V214H)	80
p.(V214I)	53
p.(V214K)	89
p.(V214M)	83
p.(V214F)	256
p.(V214P)	43
p.(V214L)	94
p.(V214S)	84
p.(V214T)	79
p.(V214W)	49
p.(V214Y)	52
p.(V214V)	0
p.(T215A)	82
p.(T215R)	98
p.(T215N)	114
p.(T215D)	58
p.(T215C)	133
p.(T215Q)	100
p.(T215E)	89
p.(T215G)	59
p.(T215H)	154
p.(T215I)	338
p.(T215K)	209
p.(T215M)	89
p.(T215F)	84
p.(T215P)	93
p.(T215L)	100
p.(T215S)	182
p.(T215T)	0
p.(T215W)	88
p.(T215Y)	82
p.(T215V)	96
p.(L216A)	137
p.(L216R)	128
p.(L216N)	96
p.(L216D)	95
p.(L216C)	75
p.(L216Q)	103
p.(L216E)	83
p.(L216G)	95
p.(L216H)	117
p.(L216I)	181
p.(L216K)	123
p.(L216M)	66
p.(L216F)	420
p.(L216P)	126
p.(L216L)	0
p.(L216S)	114
p.(L216T)	133
p.(L216W)	126
p.(L216Y)	90
p.(L216V)	94
p.(T217A)	114
p.(T217R)	64
p.(T217N)	60
p.(T217D)	105
p.(T217C)	85
p.(T217Q)	90
p.(T217E)	60
p.(T217G)	223
p.(T217H)	69
p.(T217I)	93
p.(T217K)	114
p.(T217M)	607
p.(T217F)	96
p.(T217P)	115
p.(T217L)	76
p.(T217S)	121
p.(T217T)	0
p.(T217W)	56
p.(T217Y)	53
p.(T217V)	104
p.(A218A)	0
p.(A218R)	97
p.(A218N)	230
p.(A218D)	76
p.(A218C)	74
p.(A218Q)	87
p.(A218E)	168
p.(A218G)	84
p.(A218H)	69
p.(A218I)	97
p.(A218K)	45
p.(A218M)	128
p.(A218F)	144
p.(A218P)	55
p.(A218L)	66
p.(A218S)	266
p.(A218T)	557
p.(A218W)	80
p.(A218Y)	121
p.(A218V)	550
p.(T219A)	149
p.(T219R)	95
p.(T219N)	77
p.(T219D)	81
p.(T219C)	89
p.(T219Q)	112
p.(T219E)	88
p.(T219G)	142
p.(T219H)	950
p.(T219I)	119
p.(T219K)	108
p.(T219M)	86
p.(T219F)	98
p.(T219P)	99
p.(T219L)	92
p.(T219S)	156
p.(T219T)	0
p.(T219W)	87
p.(T219Y)	78
p.(T219V)	107
p.(L220A)	62
p.(L220R)	121
p.(L220N)	103
p.(L220D)	93
p.(L220C)	74
p.(L220Q)	51
p.(L220E)	101
p.(L220G)	105
p.(L220H)	172
p.(L220I)	101
p.(L220K)	108
p.(L220M)	112
p.(L220F)	96
p.(L220P)	77
p.(L220L)	0
p.(L220S)	95
p.(L220T)	94
p.(L220W)	123
p.(L220Y)	142
p.(L220V)	185
p.(A221A)	0
p.(A221R)	18
p.(A221N)	97
p.(A221D)	146
p.(A221C)	84
p.(A221Q)	83
p.(A221E)	86
p.(A221G)	146
p.(A221H)	108
p.(A221I)	102
p.(A221K)	32
p.(A221M)	80
p.(A221F)	66
p.(A221P)	65
p.(A221L)	97
p.(A221S)	88
p.(A221T)	87
p.(A221W)	94
p.(A221Y)	104
p.(A221V)	100
p.(L222A)	92
p.(L222R)	85
p.(L222N)	46
p.(L222D)	256
p.(L222C)	51
p.(L222Q)	130
p.(L222E)	49
p.(L222G)	100
p.(L222H)	98
p.(L222I)	80
p.(L222K)	85
p.(L222M)	313
p.(L222F)	123
p.(L222P)	83
p.(L222L)	0
p.(L222S)	119
p.(L222T)	102
p.(L222W)	97
p.(L222Y)	102
p.(L222V)	90
p.(I223A)	89
p.(I223R)	75
p.(I223N)	122
p.(I223D)	109
p.(I223C)	81
p.(I223Q)	45
p.(I223E)	105
p.(I223G)	60
p.(I223H)	106
p.(I223I)	0
p.(I223K)	78
p.(I223M)	97
p.(I223F)	110
p.(I223P)	41
p.(I223L)	106
p.(I223S)	71
p.(I223T)	103
p.(I223W)	121
p.(I223Y)	104
p.(I223V)	91
p.(G224A)	107
p.(G224R)	86
p.(G224N)	103
p.(G224D)	102
p.(G224C)	100
p.(G224Q)	77
p.(G224E)	403
p.(G224G)	0
p.(G224H)	81
p.(G224I)	90
p.(G224K)	136
p.(G224M)	93
p.(G224F)	120
p.(G224P)	80
p.(G224L)	106
p.(G224S)	106
p.(G224T)	149
p.(G224W)	431
p.(G224Y)	115
p.(G224V)	86
p.(C225A)	91
p.(C225R)	96
p.(C225N)	99
p.(C225D)	82
p.(C225C)	0
p.(C225Q)	78
p.(C225E)	100
p.(C225G)	121
p.(C225H)	75
p.(C225I)	128
p.(C225K)	77
p.(C225M)	105
p.(C225F)	300
p.(C225P)	268
p.(C225L)	101
p.(C225S)	134
p.(C225T)	98
p.(C225W)	155
p.(C225Y)	428
p.(C225V)	87
p.(H226A)	76
p.(H226R)	122
p.(H226N)	100
p.(H226D)	145
p.(H226C)	139
p.(H226Q)	85
p.(H226E)	79
p.(H226G)	53
p.(H226H)	0
p.(H226I)	110
p.(H226K)	91
p.(H226M)	96
p.(H226F)	95
p.(H226P)	135
p.(H226L)	115
p.(H226S)	101
p.(H226T)	47
p.(H226W)	94
p.(H226Y)	59
p.(H226V)	99
p.(G227A)	95
p.(G227R)	69
p.(G227N)	110
p.(G227D)	99
p.(G227C)	122
p.(G227Q)	89
p.(G227E)	115
p.(G227G)	0
p.(G227H)	137
p.(G227I)	81
p.(G227K)	122
p.(G227M)	109
p.(G227F)	110
p.(G227P)	100
p.(G227L)	106
p.(G227S)	113
p.(G227T)	134
p.(G227W)	448
p.(G227Y)	108
p.(G227V)	99
p.(S228A)	71
p.(S228R)	40
p.(S228N)	110
p.(S228D)	90
p.(S228C)	124
p.(S228Q)	81
p.(S228E)	373
p.(S228G)	48
p.(S228H)	108
p.(S228I)	274
p.(S228K)	124
p.(S228M)	113
p.(S228F)	114
p.(S228P)	51
p.(S228L)	86
p.(S228S)	0
p.(S228T)	83
p.(S228W)	95
p.(S228Y)	79
p.(S228V)	108
p.(P229A)	87
p.(P229R)	99
p.(P229N)	106
p.(P229D)	104
p.(P229C)	119
p.(P229Q)	89
p.(P229E)	116
p.(P229G)	78
p.(P229H)	77
p.(P229I)	52
p.(P229K)	135
p.(P229M)	81
p.(P229F)	126
p.(P229P)	0
p.(P229L)	72
p.(P229S)	51
p.(P229T)	108
p.(P229W)	106
p.(P229Y)	81
p.(P229V)	86
p.(W230A)	144
p.(W230R)	154
p.(W230N)	81
p.(W230D)	89
p.(W230C)	140
p.(W230Q)	108
p.(W230E)	86
p.(W230G)	132
p.(W230H)	121
p.(W230I)	52
p.(W230K)	88
p.(W230M)	122
p.(W230F)	95
p.(W230P)	107
p.(W230L)	75
p.(W230S)	114
p.(W230T)	92
p.(W230W)	0
p.(W230Y)	107
p.(W230V)	122
p.(A231A)	0
p.(A231R)	95
p.(A231N)	139
p.(A231D)	121
p.(A231C)	117
p.(A231Q)	99
p.(A231E)	85
p.(A231G)	411
p.(A231H)	72
p.(A231I)	137
p.(A231K)	111
p.(A231M)	114
p.(A231F)	84
p.(A231P)	113
p.(A231L)	108
p.(A231S)	306
p.(A231T)	348
p.(A231W)	89
p.(A231Y)	112
p.(A231V)	89
p.(W232A)	109
p.(W232R)	82
p.(W232N)	35
p.(W232D)	83
p.(W232C)	386
p.(W232Q)	98
p.(W232E)	104
p.(W232G)	90
p.(W232H)	127
p.(W232I)	96
p.(W232K)	100
p.(W232M)	68
p.(W232F)	74
p.(W232P)	91
p.(W232L)	105
p.(W232S)	126
p.(W232T)	76
p.(W232W)	0
p.(W232Y)	124
p.(W232V)	110
p.(V233A)	103
p.(V233R)	35
p.(V233N)	84
p.(V233D)	115
p.(V233C)	58
p.(V233Q)	118
p.(V233E)	71
p.(V233G)	149
p.(V233H)	100
p.(V233I)	108
p.(V233K)	75
p.(V233M)	125
p.(V233F)	238
p.(V233P)	90
p.(V233L)	94
p.(V233S)	103
p.(V233T)	109
p.(V233W)	123
p.(V233Y)	81
p.(V233V)	0
p.(K234A)	88
p.(K234R)	120
p.(K234N)	246
p.(K234D)	89
p.(K234C)	99
p.(K234Q)	76
p.(K234E)	299
p.(K234G)	14
p.(K234H)	109
p.(K234I)	38
p.(K234K)	0
p.(K234M)	125
p.(K234F)	108
p.(K234P)	75
p.(K234L)	107
p.(K234S)	849
p.(K234T)	50
p.(K234W)	77
p.(K234Y)	102
p.(K234V)	114
p.(S235A)	94
p.(S235R)	842
p.(S235N)	111
p.(S235D)	78
p.(S235C)	46
p.(S235Q)	99
p.(S235E)	116
p.(S235G)	139
p.(S235H)	103
p.(S235I)	79
p.(S235K)	99
p.(S235M)	40
p.(S235F)	74
p.(S235P)	104
p.(S235L)	397
p.(S235S)	0
p.(S235T)	187
p.(S235W)	103
p.(S235Y)	85
p.(S235V)	66
p.(K236A)	54
p.(K236R)	72
p.(K236N)	134
p.(K236D)	85
p.(K236C)	77
p.(K236Q)	115
p.(K236E)	230
p.(K236G)	93
p.(K236H)	98
p.(K236I)	116
p.(K236K)	0
p.(K236M)	157
p.(K236F)	117
p.(K236P)	68
p.(K236L)	114
p.(K236S)	96
p.(K236T)	59
p.(K236W)	88
p.(K236Y)	87
p.(K236V)	77
p.(T237A)	78
p.(T237R)	90
p.(T237N)	73
p.(T237D)	134
p.(T237C)	100
p.(T237Q)	939
p.(T237E)	78
p.(T237G)	83
p.(T237H)	84
p.(T237I)	363
p.(T237K)	103
p.(T237M)	77
p.(T237F)	95
p.(T237P)	104
p.(T237L)	88
p.(T237S)	87
p.(T237T)	0
p.(T237W)	79
p.(T237Y)	81
p.(T237V)	88
p.(A238A)	0
p.(A238R)	63
p.(A238N)	108
p.(A238D)	113
p.(A238C)	57
p.(A238Q)	87
p.(A238E)	118
p.(A238G)	93
p.(A238H)	94
p.(A238I)	112
p.(A238K)	110
p.(A238M)	80
p.(A238F)	86
p.(A238P)	109
p.(A238L)	119
p.(A238S)	103
p.(A238T)	73
p.(A238W)	79
p.(A238Y)	90
p.(A238V)	87
p.(S239A)	96
p.(S239R)	98
p.(S239N)	146
p.(S239D)	120
p.(S239C)	102
p.(S239Q)	1056
p.(S239E)	83
p.(S239G)	76
p.(S239H)	83
p.(S239I)	161
p.(S239K)	83
p.(S239M)	76
p.(S239F)	81
p.(S239P)	273
p.(S239L)	88
p.(S239S)	0
p.(S239T)	104
p.(S239W)	107
p.(S239Y)	126
p.(S239V)	97
p.(I240A)	93
p.(I240R)	100
p.(I240N)	105
p.(I240D)	92
p.(I240C)	134
p.(I240Q)	54
p.(I240E)	103
p.(I240G)	78
p.(I240H)	68
p.(I240I)	0
p.(I240K)	100
p.(I240M)	129
p.(I240F)	70
p.(I240P)	87
p.(I240L)	161
p.(I240S)	94
p.(I240T)	97
p.(I240W)	96
p.(I240Y)	69
p.(I240V)	189
p.(L241A)	122
p.(L241R)	71
p.(L241N)	69
p.(L241D)	115
p.(L241C)	64
p.(L241Q)	103
p.(L241E)	122
p.(L241G)	62
p.(L241H)	125
p.(L241I)	99
p.(L241K)	89
p.(L241M)	155
p.(L241F)	127
p.(L241P)	53
p.(L241L)	0
p.(L241S)	88
p.(L241T)	128
p.(L241W)	998
p.(L241Y)	63
p.(L241V)	109
p.(G242A)	1142
p.(G242R)	101
p.(G242N)	122
p.(G242D)	406
p.(G242C)	110
p.(G242Q)	138
p.(G242E)	85
p.(G242G)	0
p.(G242H)	233
p.(G242I)	80
p.(G242K)	101
p.(G242M)	47
p.(G242F)	111
p.(G242P)	100
p.(G242L)	94
p.(G242S)	142
p.(G242T)	90
p.(G242W)	73
p.(G242Y)	95
p.(G242V)	109
p.(I243A)	122
p.(I243R)	85
p.(I243N)	120
p.(I243D)	132
p.(I243C)	120
p.(I243Q)	76
p.(I243E)	104
p.(I243G)	91
p.(I243H)	100
p.(I243I)	0
p.(I243K)	114
p.(I243M)	257
p.(I243F)	89
p.(I243P)	76
p.(I243L)	88
p.(I243S)	82
p.(I243T)	229
p.(I243W)	83
p.(I243Y)	89
p.(I243V)	235
p.(P244A)	96
p.(P244R)	123
p.(P244N)	66
p.(P244D)	186
p.(P244C)	109
p.(P244Q)	277
p.(P244E)	115
p.(P244G)	78
p.(P244H)	89
p.(P244I)	103
p.(P244K)	83
p.(P244M)	77
p.(P244F)	94
p.(P244P)	0
p.(P244L)	659
p.(P244S)	85
p.(P244T)	201
p.(P244W)	102
p.(P244Y)	93
p.(P244V)	116
p.(M245A)	115
p.(M245R)	99
p.(M245N)	87
p.(M245D)	203
p.(M245C)	93
p.(M245Q)	88
p.(M245E)	60
p.(M245G)	83
p.(M245H)	77
p.(M245I)	373
p.(M245K)	187
p.(M245M)	0
p.(M245F)	66
p.(M245P)	106
p.(M245L)	102
p.(M245S)	105
p.(M245T)	87
p.(M245W)	1268
p.(M245Y)	92
p.(M245V)	60
p.(A246A)	0
p.(A246R)	73
p.(A246N)	104
p.(A246D)	98
p.(A246C)	75
p.(A246Q)	94
p.(A246E)	132
p.(A246G)	113
p.(A246H)	91
p.(A246I)	146
p.(A246K)	97
p.(A246M)	116
p.(A246F)	50
p.(A246P)	100
p.(A246L)	97
p.(A246S)	100
p.(A246T)	73
p.(A246W)	62
p.(A246Y)	97
p.(A246V)	115
p.(Q247A)	96
p.(Q247R)	120
p.(Q247N)	124
p.(Q247D)	102
p.(Q247C)	89
p.(Q247Q)	0
p.(Q247E)	240
p.(Q247G)	92
p.(Q247H)	400
p.(Q247I)	106
p.(Q247K)	73
p.(Q247M)	104
p.(Q247F)	135
p.(Q247P)	107
p.(Q247L)	172
p.(Q247S)	63
p.(Q247T)	110
p.(Q247W)	106
p.(Q247Y)	117
p.(Q247V)	114
p.(K248A)	248
p.(K248R)	119
p.(K248N)	267
p.(K248D)	95
p.(K248C)	95
p.(K248Q)	122
p.(K248E)	279
p.(K248G)	101
p.(K248H)	137
p.(K248I)	98
p.(K248K)	0
p.(K248M)	129
p.(K248F)	86
p.(K248P)	124
p.(K248L)	83
p.(K248S)	64
p.(K248T)	81
p.(K248W)	142
p.(K248Y)	103
p.(K248V)	100
p.(Q249A)	112
p.(Q249R)	99
p.(Q249N)	90
p.(Q249D)	131
p.(Q249C)	112
p.(Q249Q)	0
p.(Q249E)	293
p.(Q249G)	75
p.(Q249H)	364
p.(Q249I)	71
p.(Q249K)	101
p.(Q249M)	104
p.(Q249F)	109
p.(Q249P)	120
p.(Q249L)	83
p.(Q249S)	56
p.(Q249T)	113
p.(Q249W)	125
p.(Q249Y)	96
p.(Q249V)	99
p.(S250A)	82
p.(S250R)	115
p.(S250N)	94
p.(S250D)	97
p.(S250C)	255
p.(S250Q)	66
p.(S250E)	101
p.(S250G)	104
p.(S250H)	141
p.(S250I)	148
p.(S250K)	106
p.(S250M)	126
p.(S250F)	115
p.(S250P)	95
p.(S250L)	71
p.(S250S)	0
p.(S250T)	98
p.(S250W)	87
p.(S250Y)	96
p.(S250V)	69
p.(A251A)	0
p.(A251R)	72
p.(A251N)	75
p.(A251D)	106
p.(A251C)	111
p.(A251Q)	66
p.(A251E)	116
p.(A251G)	147
p.(A251H)	118
p.(A251I)	143
p.(A251K)	103
p.(A251M)	81
p.(A251F)	112
p.(A251P)	131
p.(A251L)	118
p.(A251S)	107
p.(A251T)	107
p.(A251W)	133
p.(A251Y)	74
p.(A251V)	88
p.(S252A)	149
p.(S252R)	98
p.(S252N)	84
p.(S252D)	95
p.(S252C)	119
p.(S252Q)	71
p.(S252E)	110
p.(S252G)	109
p.(S252H)	138
p.(S252I)	87
p.(S252K)	75
p.(S252M)	108
p.(S252F)	838
p.(S252P)	96
p.(S252L)	50
p.(S252S)	0
p.(S252T)	245
p.(S252W)	137
p.(S252Y)	118
p.(S252V)	94
p.(W253A)	70
p.(W253R)	106
p.(W253N)	114
p.(W253D)	112
p.(W253C)	438
p.(W253Q)	57
p.(W253E)	96
p.(W253G)	61
p.(W253H)	83
p.(W253I)	84
p.(W253K)	82
p.(W253M)	77
p.(W253F)	120
p.(W253P)	55
p.(W253L)	37
p.(W253S)	83
p.(W253T)	88
p.(W253W)	0
p.(W253Y)	54
p.(W253V)	125
p.(L254A)	57
p.(L254R)	84
p.(L254N)	108
p.(L254D)	72
p.(L254C)	94
p.(L254Q)	76
p.(L254E)	57
p.(L254G)	60
p.(L254H)	126
p.(L254I)	56
p.(L254K)	67
p.(L254M)	60
p.(L254F)	194
p.(L254P)	96
p.(L254L)	0
p.(L254S)	75
p.(L254T)	89
p.(L254W)	38
p.(L254Y)	90
p.(L254V)	81
p.(K255A)	97
p.(K255R)	308
p.(K255N)	129
p.(K255D)	95
p.(K255C)	65
p.(K255Q)	126
p.(K255E)	284
p.(K255G)	121
p.(K255H)	112
p.(K255I)	114
p.(K255K)	0
p.(K255M)	77
p.(K255F)	83
p.(K255P)	119
p.(K255L)	93
p.(K255S)	117
p.(K255T)	61
p.(K255W)	104
p.(K255Y)	70
p.(K255V)	78
p.(K256A)	99
p.(K256R)	38
p.(K256N)	228
p.(K256D)	63
p.(K256C)	91
p.(K256Q)	97
p.(K256E)	346
p.(K256G)	83
p.(K256H)	104
p.(K256I)	116
p.(K256K)	0
p.(K256M)	164
p.(K256F)	109
p.(K256P)	117
p.(K256L)	98
p.(K256S)	82
p.(K256T)	96
p.(K256W)	113
p.(K256Y)	118
p.(K256V)	90
p.(F257A)	93
p.(F257R)	109
p.(F257N)	90
p.(F257D)	100
p.(F257C)	124
p.(F257Q)	94
p.(F257E)	87
p.(F257G)	92
p.(F257H)	95
p.(F257I)	120
p.(F257K)	96
p.(F257M)	109
p.(F257F)	0
p.(F257P)	102
p.(F257L)	80
p.(F257S)	275
p.(F257T)	96
p.(F257W)	115
p.(F257Y)	120
p.(F257V)	130
p.(N258A)	100
p.(N258R)	82
p.(N258N)	0
p.(N258D)	452
p.(N258C)	97
p.(N258Q)	338
p.(N258E)	92
p.(N258G)	103
p.(N258H)	117
p.(N258I)	104
p.(N258K)	129
p.(N258M)	63
p.(N258F)	105
p.(N258P)	83
p.(N258L)	101
p.(N258S)	99
p.(N258T)	533
p.(N258W)	39
p.(N258Y)	152
p.(N258V)	123
p.(D259A)	116
p.(D259R)	67
p.(D259N)	100
p.(D259D)	0
p.(D259C)	92
p.(D259Q)	95
p.(D259E)	131
p.(D259G)	164
p.(D259H)	112
p.(D259I)	64
p.(D259K)	82
p.(D259M)	574
p.(D259F)	137
p.(D259P)	75
p.(D259L)	60
p.(D259S)	87
p.(D259T)	83
p.(D259W)	102
p.(D259Y)	46
p.(D259V)	74
p.(A260A)	0
p.(A260R)	60
p.(A260N)	125
p.(A260D)	101
p.(A260C)	310
p.(A260Q)	126
p.(A260E)	213
p.(A260G)	129
p.(A260H)	68
p.(A260I)	88
p.(A260K)	86
p.(A260M)	49
p.(A260F)	132
p.(A260P)	94
p.(A260L)	98
p.(A260S)	117
p.(A260T)	106
p.(A260W)	96
p.(A260Y)	104
p.(A260V)	1310
p.(A261A)	0
p.(A261R)	90
p.(A261N)	133
p.(A261D)	108
p.(A261C)	87
p.(A261Q)	88
p.(A261E)	479
p.(A261G)	96
p.(A261H)	108
p.(A261I)	86
p.(A261K)	115
p.(A261M)	62
p.(A261F)	96
p.(A261P)	99
p.(A261L)	86
p.(A261S)	110
p.(A261T)	91
p.(A261W)	78
p.(A261Y)	93
p.(A261V)	702
p.(S262A)	44
p.(S262R)	156
p.(S262N)	262
p.(S262D)	102
p.(S262C)	371
p.(S262Q)	76
p.(S262E)	359
p.(S262G)	263
p.(S262H)	80
p.(S262I)	277
p.(S262K)	121
p.(S262M)	91
p.(S262F)	143
p.(S262P)	103
p.(S262L)	115
p.(S262S)	0
p.(S262T)	55
p.(S262W)	109
p.(S262Y)	143
p.(S262V)	139
p.(A263A)	0
p.(A263R)	85
p.(A263N)	88
p.(A263D)	133
p.(A263C)	104
p.(A263Q)	123
p.(A263E)	52
p.(A263G)	56
p.(A263H)	115
p.(A263I)	77
p.(A263K)	107
p.(A263M)	77
p.(A263F)	99
p.(A263P)	85
p.(A263L)	106
p.(A263S)	75
p.(A263T)	104
p.(A263W)	108
p.(A263Y)	82
p.(A263V)	83
p.(A264A)	0
p.(A264R)	92
p.(A264N)	89
p.(A264D)	71
p.(A264C)	82
p.(A264Q)	142
p.(A264E)	225
p.(A264G)	117
p.(A264H)	95
p.(A264I)	86
p.(A264K)	37
p.(A264M)	91
p.(A264F)	81
p.(A264P)	100
p.(A264L)	72
p.(A264S)	106
p.(A264T)	107
p.(A264W)	104
p.(A264Y)	109
p.(A264V)	119
p.(K265A)	69
p.(K265R)	114
p.(K265N)	112
p.(K265D)	89
p.(K265C)	122
p.(K265Q)	121
p.(K265E)	473
p.(K265G)	75
p.(K265H)	111
p.(K265I)	85
p.(K265K)	0
p.(K265M)	169
p.(K265F)	136
p.(K265P)	59
p.(K265L)	147
p.(K265S)	105
p.(K265T)	100
p.(K265W)	119
p.(K265Y)	66
p.(K265V)	108
p.(G266A)	73
p.(G266R)	97
p.(G266N)	117
p.(G266D)	126
p.(G266C)	82
p.(G266Q)	95
p.(G266E)	377
p.(G266G)	0
p.(G266H)	174
p.(G266I)	149
p.(G266K)	109
p.(G266M)	112
p.(G266F)	78
p.(G266P)	102
p.(G266L)	123
p.(G266S)	142
p.(G266T)	59
p.(G266W)	223
p.(G266Y)	117
p.(G266V)	89
p.(L267A)	92
p.(L267R)	101
p.(L267N)	106
p.(L267D)	110
p.(L267C)	110
p.(L267Q)	104
p.(L267E)	74
p.(L267G)	64
p.(L267H)	104
p.(L267I)	47
p.(L267K)	97
p.(L267M)	71
p.(L267F)	84
p.(L267P)	38
p.(L267L)	0
p.(L267S)	60
p.(L267T)	87
p.(L267W)	102
p.(L267Y)	115
p.(L267V)	51
p.(E268A)	86
p.(E268R)	52
p.(E268N)	88
p.(E268D)	129
p.(E268C)	88
p.(E268Q)	44
p.(E268E)	0
p.(E268G)	79
p.(E268H)	91
p.(E268I)	75
p.(E268K)	97
p.(E268M)	72
p.(E268F)	125
p.(E268P)	95
p.(E268L)	91
p.(E268S)	111
p.(E268T)	91
p.(E268W)	118
p.(E268Y)	68
p.(E268V)	94
p.(W269A)	81
p.(W269R)	84
p.(W269N)	69
p.(W269D)	138
p.(W269C)	98
p.(W269Q)	126
p.(W269E)	55
p.(W269G)	1337
p.(W269H)	86
p.(W269I)	81
p.(W269K)	103
p.(W269M)	85
p.(W269F)	66
p.(W269P)	93
p.(W269L)	91
p.(W269S)	113
p.(W269T)	79
p.(W269W)	0
p.(W269Y)	74
p.(W269V)	88
p.(I270A)	80
p.(I270R)	90
p.(I270N)	147
p.(I270D)	98
p.(I270C)	89
p.(I270Q)	108
p.(I270E)	83
p.(I270G)	97
p.(I270H)	77
p.(I270I)	0
p.(I270K)	108
p.(I270M)	182
p.(I270F)	163
p.(I270P)	94
p.(I270L)	89
p.(I270S)	90
p.(I270T)	114
p.(I270W)	60
p.(I270Y)	87
p.(I270V)	65
p.(S271A)	117
p.(S271R)	91
p.(S271N)	75
p.(S271D)	87
p.(S271C)	125
p.(S271Q)	210
p.(S271E)	144
p.(S271G)	91
p.(S271H)	76
p.(S271I)	120
p.(S271K)	145
p.(S271M)	90
p.(S271F)	485
p.(S271P)	121
p.(S271L)	113
p.(S271S)	0
p.(S271T)	103
p.(S271W)	77
p.(S271Y)	102
p.(S271V)	146
p.(N272A)	97
p.(N272R)	102
p.(N272N)	0
p.(N272D)	294
p.(N272C)	66
p.(N272Q)	297
p.(N272E)	85
p.(N272G)	88
p.(N272H)	160
p.(N272I)	74
p.(N272K)	757
p.(N272M)	114
p.(N272F)	120
p.(N272P)	61
p.(N272L)	112
p.(N272S)	96
p.(N272T)	107
p.(N272W)	122
p.(N272Y)	169
p.(N272V)	99
p.(K273A)	81
p.(K273R)	103
p.(K273N)	87
p.(K273D)	65
p.(K273C)	108
p.(K273Q)	120
p.(K273E)	130
p.(K273G)	69
p.(K273H)	128
p.(K273I)	137
p.(K273K)	0
p.(K273M)	90
p.(K273F)	131
p.(K273P)	74
p.(K273L)	98
p.(K273S)	103
p.(K273T)	83
p.(K273W)	137
p.(K273Y)	111
p.(K273V)	76
p.(I274A)	92
p.(I274R)	130
p.(I274N)	197
p.(I274D)	58
p.(I274C)	70
p.(I274Q)	259
p.(I274E)	68
p.(I274G)	125
p.(I274H)	95
p.(I274I)	0
p.(I274K)	146
p.(I274M)	132
p.(I274F)	91
p.(I274P)	86
p.(I274L)	154
p.(I274S)	112
p.(I274T)	211
p.(I274W)	69
p.(I274Y)	111
p.(I274V)	100
p.(S275A)	92
p.(S275R)	292
p.(S275N)	86
p.(S275D)	106
p.(S275C)	196
p.(S275Q)	125
p.(S275E)	74
p.(S275G)	81
p.(S275H)	99
p.(S275I)	111
p.(S275K)	123
p.(S275M)	149
p.(S275F)	124
p.(S275P)	96
p.(S275L)	84
p.(S275S)	0
p.(S275T)	75
p.(S275W)	98
p.(S275Y)	100
p.(S275V)	81
p.(K276A)	75
p.(K276R)	59
p.(K276N)	3496
p.(K276D)	85
p.(K276C)	77
p.(K276Q)	118
p.(K276E)	70
p.(K276G)	115
p.(K276H)	105
p.(K276I)	155
p.(K276K)	0
p.(K276M)	141
p.(K276F)	126
p.(K276P)	117
p.(K276L)	106
p.(K276S)	97
p.(K276T)	94
p.(K276W)	130
p.(K276Y)	135
p.(K276V)	106
p.(F277A)	148
p.(F277R)	43
p.(F277N)	78
p.(F277D)	103
p.(F277C)	106
p.(F277Q)	90
p.(F277E)	78
p.(F277G)	79
p.(F277H)	64
p.(F277I)	35
p.(F277K)	105
p.(F277M)	101
p.(F277F)	0
p.(F277P)	76
p.(F277L)	193
p.(F277S)	95
p.(F277T)	117
p.(F277W)	98
p.(F277Y)	119
p.(F277V)	126
p.(I278A)	101
p.(I278R)	199
p.(I278N)	119
p.(I278D)	87
p.(I278C)	119
p.(I278Q)	108
p.(I278E)	123
p.(I278G)	62
p.(I278H)	80
p.(I278I)	0
p.(I278K)	90
p.(I278M)	82
p.(I278F)	85
p.(I278P)	85
p.(I278L)	100
p.(I278S)	118
p.(I278T)	100
p.(I278W)	46
p.(I278Y)	86
p.(I278V)	216
p.(D279A)	113
p.(D279R)	103
p.(D279N)	391
p.(D279D)	0
p.(D279C)	109
p.(D279Q)	81
p.(D279E)	138
p.(D279G)	107
p.(D279H)	117
p.(D279I)	86
p.(D279K)	98
p.(D279M)	48
p.(D279F)	106
p.(D279P)	71
p.(D279L)	94
p.(D279S)	95
p.(D279T)	81
p.(D279W)	137
p.(D279Y)	380
p.(D279V)	95
p.(W280A)	126
p.(W280R)	154
p.(W280N)	95
p.(W280D)	65
p.(W280C)	278
p.(W280Q)	78
p.(W280E)	47
p.(W280G)	86
p.(W280H)	65
p.(W280I)	114
p.(W280K)	62
p.(W280M)	87
p.(W280F)	94
p.(W280P)	82
p.(W280L)	99
p.(W280S)	88
p.(W280T)	100
p.(W280W)	0
p.(W280Y)	142
p.(W280V)	93
p.(L281A)	167
p.(L281R)	66
p.(L281N)	97
p.(L281D)	225
p.(L281C)	89
p.(L281Q)	103
p.(L281E)	99
p.(L281G)	139
p.(L281H)	277
p.(L281I)	182
p.(L281K)	63
p.(L281M)	88
p.(L281F)	296
p.(L281P)	84
p.(L281L)	0
p.(L281S)	73
p.(L281T)	42
p.(L281W)	83
p.(L281Y)	111
p.(L281V)	89
p.(K282A)	113
p.(K282R)	66
p.(K282N)	410
p.(K282D)	100
p.(K282C)	106
p.(K282Q)	111
p.(K282E)	326
p.(K282G)	99
p.(K282H)	130
p.(K282I)	135
p.(K282K)	0
p.(K282M)	138
p.(K282F)	87
p.(K282P)	50
p.(K282L)	135
p.(K282S)	134
p.(K282T)	107
p.(K282W)	64
p.(K282Y)	94
p.(K282V)	45
p.(E283A)	111
p.(E283R)	99
p.(E283N)	118
p.(E283D)	380
p.(E283C)	197
p.(E283Q)	109
p.(E283E)	0
p.(E283G)	92
p.(E283H)	98
p.(E283I)	42
p.(E283K)	372
p.(E283M)	131
p.(E283F)	118
p.(E283P)	126
p.(E283L)	139
p.(E283S)	172
p.(E283T)	115
p.(E283W)	77
p.(E283Y)	151
p.(E283V)	139
p.(K284A)	83
p.(K284R)	275
p.(K284N)	121
p.(K284D)	95
p.(K284C)	95
p.(K284Q)	124
p.(K284E)	365
p.(K284G)	130
p.(K284H)	116
p.(K284I)	127
p.(K284K)	0
p.(K284M)	98
p.(K284F)	121
p.(K284P)	197
p.(K284L)	149
p.(K284S)	92
p.(K284T)	118
p.(K284W)	72
p.(K284Y)	85
p.(K284V)	102
p.(I285A)	144
p.(I285R)	118
p.(I285N)	115
p.(I285D)	29
p.(I285C)	99
p.(I285Q)	119
p.(I285E)	124
p.(I285G)	114
p.(I285H)	213
p.(I285I)	0
p.(I285K)	64
p.(I285M)	95
p.(I285F)	104
p.(I285P)	80
p.(I285L)	117
p.(I285S)	96
p.(I285T)	130
p.(I285W)	70
p.(I285Y)	41
p.(I285V)	199
p.(I286A)	143
p.(I286R)	109
p.(I286N)	104
p.(I286D)	97
p.(I286C)	121
p.(I286Q)	70
p.(I286E)	99
p.(I286G)	137
p.(I286H)	207
p.(I286I)	0
p.(I286K)	107
p.(I286M)	416
p.(I286F)	91
p.(I286P)	110
p.(I286L)	114
p.(I286S)	107
p.(I286T)	100
p.(I286W)	103
p.(I286Y)	132
p.(I286V)	115
p.(P287A)	86
p.(P287R)	130
p.(P287N)	130
p.(P287D)	91
p.(P287C)	71
p.(P287Q)	123
p.(P287E)	120
p.(P287G)	224
p.(P287H)	53
p.(P287I)	93
p.(P287K)	151
p.(P287M)	157
p.(P287F)	78
p.(P287P)	0
p.(P287L)	136
p.(P287S)	158
p.(P287T)	100
p.(P287W)	83
p.(P287Y)	96
p.(P287V)	62
p.(A288A)	0
p.(A288R)	193
p.(A288N)	62
p.(A288D)	52
p.(A288C)	50
p.(A288Q)	54
p.(A288E)	91
p.(A288G)	195
p.(A288H)	63
p.(A288I)	75
p.(A288K)	94
p.(A288M)	75
p.(A288F)	83
p.(A288P)	84
p.(A288L)	61
p.(A288S)	76
p.(A288T)	402
p.(A288W)	99
p.(A288Y)	79
p.(A288V)	116
p.(A289A)	0
p.(A289R)	61
p.(A289N)	88
p.(A289D)	86
p.(A289C)	96
p.(A289Q)	75
p.(A289E)	68
p.(A289G)	84
p.(A289H)	80
p.(A289I)	87
p.(A289K)	80
p.(A289M)	34
p.(A289F)	70
p.(A289P)	70
p.(A289L)	80
p.(A289S)	48
p.(A289T)	122
p.(A289W)	46
p.(A289Y)	83
p.(A289V)	366
p.(K290A)	137
p.(K290R)	82
p.(K290N)	138
p.(K290D)	63
p.(K290C)	105
p.(K290Q)	129
p.(K290E)	92
p.(K290G)	102
p.(K290H)	101
p.(K290I)	98
p.(K290K)	0
p.(K290M)	113
p.(K290F)	168
p.(K290P)	80
p.(K290L)	112
p.(K290S)	89
p.(K290T)	101
p.(K290W)	83
p.(K290Y)	105
p.(K290V)	121
p.(E291A)	93
p.(E291R)	77
p.(E291N)	79
p.(E291D)	126
p.(E291C)	74
p.(E291Q)	57
p.(E291E)	0
p.(E291G)	86
p.(E291H)	100
p.(E291I)	118
p.(E291K)	455
p.(E291M)	98
p.(E291F)	95
p.(E291P)	83
p.(E291L)	60
p.(E291S)	124
p.(E291T)	121
p.(E291W)	94
p.(E291Y)	94
p.(E291V)	105
p.(K292A)	111
p.(K292R)	120
p.(K292N)	180
p.(K292D)	78
p.(K292C)	121
p.(K292Q)	102
p.(K292E)	59
p.(K292G)	126
p.(K292H)	134
p.(K292I)	121
p.(K292K)	0
p.(K292M)	112
p.(K292F)	113
p.(K292P)	113
p.(K292L)	110
p.(K292S)	93
p.(K292T)	118
p.(K292W)	94
p.(K292Y)	70
p.(K292V)	106
p.(V293A)	115
p.(V293R)	125
p.(V293N)	86
p.(V293D)	108
p.(V293C)	132
p.(V293Q)	118
p.(V293E)	125
p.(V293G)	84
p.(V293H)	79
p.(V293I)	92
p.(V293K)	95
p.(V293M)	146
p.(V293F)	118
p.(V293P)	74
p.(V293L)	147
p.(V293S)	92
p.(V293T)	168
p.(V293W)	109
p.(V293Y)	84
p.(V293V)	0
p.(E294A)	116
p.(E294R)	94
p.(E294N)	103
p.(E294D)	223
p.(E294C)	100
p.(E294Q)	149
p.(E294E)	0
p.(E294G)	148
p.(E294H)	116
p.(E294I)	99
p.(E294K)	468
p.(E294M)	51
p.(E294F)	97
p.(E294P)	93
p.(E294L)	82
p.(E294S)	147
p.(E294T)	90
p.(E294W)	77
p.(E294Y)	133
p.(E294V)	191
p.(F295A)	122
p.(F295R)	90
p.(F295N)	99
p.(F295D)	57
p.(F295C)	89
p.(F295Q)	56
p.(F295E)	65
p.(F295G)	70
p.(F295H)	105
p.(F295I)	112
p.(F295K)	92
p.(F295M)	94
p.(F295F)	0
p.(F295P)	73
p.(F295L)	127
p.(F295S)	89
p.(F295T)	0
p.(F295W)	85
p.(F295Y)	104
p.(F295V)	123
p.(L296A)	106
p.(L296R)	81
p.(L296N)	107
p.(L296D)	84
p.(L296C)	86
p.(L296Q)	213
p.(L296E)	92
p.(L296G)	58
p.(L296H)	123
p.(L296I)	110
p.(L296K)	226
p.(L296M)	96
p.(L296F)	107
p.(L296P)	89
p.(L296L)	0
p.(L296S)	88
p.(L296T)	149
p.(L296W)	67
p.(L296Y)	88
p.(L296V)	164
p.(N297A)	104
p.(N297R)	85
p.(N297N)	0
p.(N297D)	284
p.(N297C)	112
p.(N297Q)	215
p.(N297E)	99
p.(N297G)	94
p.(N297H)	96
p.(N297I)	74
p.(N297K)	133
p.(N297M)	111
p.(N297F)	102
p.(N297P)	122
p.(N297L)	107
p.(N297S)	109
p.(N297T)	353
p.(N297W)	135
p.(N297Y)	106
p.(N297V)	107
p.(N298A)	76
p.(N298R)	111
p.(N298N)	0
p.(N298D)	219
p.(N298C)	143
p.(N298Q)	121
p.(N298E)	63
p.(N298G)	81
p.(N298H)	127
p.(N298I)	56
p.(N298K)	119
p.(N298M)	123
p.(N298F)	101
p.(N298P)	39
p.(N298L)	68
p.(N298S)	110
p.(N298T)	131
p.(N298W)	112
p.(N298Y)	115
p.(N298V)	120
p.(L299A)	81
p.(L299R)	51
p.(L299N)	81
p.(L299D)	105
p.(L299C)	84
p.(L299Q)	253
p.(L299E)	65
p.(L299G)	69
p.(L299H)	93
p.(L299I)	103
p.(L299K)	257
p.(L299M)	89
p.(L299F)	45
p.(L299P)	49
p.(L299L)	0
p.(L299S)	92
p.(L299T)	98
p.(L299W)	121
p.(L299Y)	71
p.(L299V)	109
p.(K300A)	95
p.(K300R)	99
p.(K300N)	114
p.(K300D)	110
p.(K300C)	94
p.(K300Q)	79
p.(K300E)	113
p.(K300G)	98
p.(K300H)	77
p.(K300I)	57
p.(K300K)	0
p.(K300M)	113
p.(K300F)	82
p.(K300P)	108
p.(K300L)	122
p.(K300S)	78
p.(K300T)	104
p.(K300W)	106
p.(K300Y)	92
p.(K300V)	88
p.(Q301A)	107
p.(Q301R)	114
p.(Q301N)	357
p.(Q301D)	97
p.(Q301C)	99
p.(Q301Q)	0
p.(Q301E)	68
p.(Q301G)	78
p.(Q301H)	117
p.(Q301I)	108
p.(Q301K)	139
p.(Q301M)	117
p.(Q301F)	113
p.(Q301P)	115
p.(Q301L)	99
p.(Q301S)	123
p.(Q301T)	96
p.(Q301W)	155
p.(Q301Y)	106
p.(Q301V)	79
p.(L302A)	85
p.(L302R)	76
p.(L302N)	94
p.(L302D)	71
p.(L302C)	91
p.(L302Q)	59
p.(L302E)	68
p.(L302G)	97
p.(L302H)	142
p.(L302I)	91
p.(L302K)	86
p.(L302M)	44
p.(L302F)	73
p.(L302P)	597
p.(L302L)	0
p.(L302S)	84
p.(L302T)	236
p.(L302W)	137
p.(L302Y)	121
p.(L302V)	67
p.(P303A)	108
p.(P303R)	91
p.(P303N)	88
p.(P303D)	110
p.(P303C)	111
p.(P303Q)	131
p.(P303E)	117
p.(P303G)	95
p.(P303H)	258
p.(P303I)	67
p.(P303K)	80
p.(P303M)	130
p.(P303F)	93
p.(P303P)	0
p.(P303L)	55
p.(P303S)	479
p.(P303T)	59
p.(P303W)	51
p.(P303Y)	129
p.(P303V)	41
p.(L304A)	96
p.(L304R)	128
p.(L304N)	107
p.(L304D)	82
p.(L304C)	107
p.(L304Q)	92
p.(L304E)	68
p.(L304G)	89
p.(L304H)	92
p.(L304I)	280
p.(L304K)	105
p.(L304M)	119
p.(L304F)	190
p.(L304P)	111
p.(L304L)	0
p.(L304S)	85
p.(L304T)	94
p.(L304W)	82
p.(L304Y)	89
p.(L304V)	57
p.(L305A)	108
p.(L305R)	77
p.(L305N)	61
p.(L305D)	123
p.(L305C)	71
p.(L305Q)	47
p.(L305E)	75
p.(L305G)	83
p.(L305H)	86
p.(L305I)	116
p.(L305K)	113
p.(L305M)	128
p.(L305F)	819
p.(L305P)	90
p.(L305L)	0
p.(L305S)	126
p.(L305T)	105
p.(L305W)	634
p.(L305Y)	120
p.(L305V)	97
p.(E306A)	96
p.(E306R)	682
p.(E306N)	88
p.(E306D)	68
p.(E306C)	57
p.(E306Q)	111
p.(E306E)	0
p.(E306G)	47
p.(E306H)	95
p.(E306I)	84
p.(E306K)	97
p.(E306M)	102
p.(E306F)	106
p.(E306P)	87
p.(E306L)	101
p.(E306S)	135
p.(E306T)	45
p.(E306W)	139
p.(E306Y)	74
p.(E306V)	69
p.(N307A)	136
p.(N307R)	127
p.(N307N)	0
p.(N307D)	66
p.(N307C)	68
p.(N307Q)	46
p.(N307E)	292
p.(N307G)	45
p.(N307H)	123
p.(N307I)	81
p.(N307K)	106
p.(N307M)	29
p.(N307F)	114
p.(N307P)	83
p.(N307L)	91
p.(N307S)	96
p.(N307T)	107
p.(N307W)	130
p.(N307Y)	117
p.(N307V)	101
p.(Q308A)	107
p.(Q308R)	79
p.(Q308N)	358
p.(Q308D)	95
p.(Q308C)	73
p.(Q308Q)	0
p.(Q308E)	85
p.(Q308G)	79
p.(Q308H)	126
p.(Q308I)	97
p.(Q308K)	1210
p.(Q308M)	108
p.(Q308F)	97
p.(Q308P)	89
p.(Q308L)	104
p.(Q308S)	102
p.(Q308T)	84
p.(Q308W)	111
p.(Q308Y)	76
p.(Q308V)	76
p.(I309A)	45
p.(I309R)	84
p.(I309N)	352
p.(I309D)	129
p.(I309C)	101
p.(I309Q)	102
p.(I309E)	105
p.(I309G)	65
p.(I309H)	105
p.(I309I)	0
p.(I309K)	93
p.(I309M)	88
p.(I309F)	935
p.(I309P)	96
p.(I309L)	96
p.(I309S)	79
p.(I309T)	79
p.(I309W)	78
p.(I309Y)	99
p.(I309V)	71
p.(S310A)	53
p.(S310R)	94
p.(S310N)	51
p.(S310D)	115
p.(S310C)	90
p.(S310Q)	99
p.(S310E)	61
p.(S310G)	107
p.(S310H)	111
p.(S310I)	66
p.(S310K)	91
p.(S310M)	139
p.(S310F)	378
p.(S310P)	93
p.(S310L)	133
p.(S310S)	0
p.(S310T)	142
p.(S310W)	87
p.(S310Y)	232
p.(S310V)	90
p.(N311A)	80
p.(N311R)	54
p.(N311N)	0
p.(N311D)	86
p.(N311C)	77
p.(N311Q)	85
p.(N311E)	127
p.(N311G)	67
p.(N311H)	88
p.(N311I)	108
p.(N311K)	113
p.(N311M)	99
p.(N311F)	84
p.(N311P)	57
p.(N311L)	48
p.(N311S)	58
p.(N311T)	89
p.(N311W)	54
p.(N311Y)	31
p.(N311V)	83
p.(L312A)	94
p.(L312R)	61
p.(L312N)	87
p.(L312D)	42
p.(L312C)	61
p.(L312Q)	93
p.(L312E)	90
p.(L312G)	56
p.(L312H)	121
p.(L312I)	85
p.(L312K)	77
p.(L312M)	73
p.(L312F)	299
p.(L312P)	74
p.(L312L)	0
p.(L312S)	103
p.(L312T)	70
p.(L312W)	116
p.(L312Y)	55
p.(L312V)	67
p.(E313A)	60
p.(E313R)	103
p.(E313N)	72
p.(E313D)	107
p.(E313C)	76
p.(E313Q)	115
p.(E313E)	0
p.(E313G)	60
p.(E313H)	70
p.(E313I)	101
p.(E313K)	69
p.(E313M)	99
p.(E313F)	125
p.(E313P)	28
p.(E313L)	77
p.(E313S)	79
p.(E313T)	85
p.(E313W)	39
p.(E313Y)	62
p.(E313V)	98
p.(Q314A)	95
p.(Q314R)	239
p.(Q314N)	68
p.(Q314D)	80
p.(Q314C)	94
p.(Q314Q)	0
p.(Q314E)	40
p.(Q314G)	113
p.(Q314H)	261
p.(Q314I)	117
p.(Q314K)	164
p.(Q314M)	91
p.(Q314F)	126
p.(Q314P)	73
p.(Q314L)	66
p.(Q314S)	81
p.(Q314T)	99
p.(Q314W)	134
p.(Q314Y)	85
p.(Q314V)	87
p.(S315A)	131
p.(S315R)	78
p.(S315N)	93
p.(S315D)	84
p.(S315C)	65
p.(S315Q)	1117
p.(S315E)	70
p.(S315G)	45
p.(S315H)	77
p.(S315I)	67
p.(S315K)	104
p.(S315M)	79
p.(S315F)	122
p.(S315P)	45
p.(S315L)	134
p.(S315S)	0
p.(S315T)	95
p.(S315W)	92
p.(S315Y)	87
p.(S315V)	75
p.(A316A)	0
p.(A316R)	120
p.(A316N)	103
p.(A316D)	49
p.(A316C)	93
p.(A316Q)	139
p.(A316E)	120
p.(A316G)	81
p.(A316H)	73
p.(A316I)	82
p.(A316K)	49
p.(A316M)	72
p.(A316F)	65
p.(A316P)	106
p.(A316L)	139
p.(A316S)	238
p.(A316T)	108
p.(A316W)	77
p.(A316Y)	93
p.(A316V)	645
p.(A317A)	0
p.(A317R)	128
p.(A317N)	82
p.(A317D)	60
p.(A317C)	53
p.(A317Q)	112
p.(A317E)	88
p.(A317G)	77
p.(A317H)	71
p.(A317I)	89
p.(A317K)	76
p.(A317M)	66
p.(A317F)	92
p.(A317P)	105
p.(A317L)	71
p.(A317S)	61
p.(A317T)	63
p.(A317W)	63
p.(A317Y)	79
p.(A317V)	82
p.(S318A)	202
p.(S318R)	119
p.(S318N)	88
p.(S318D)	76
p.(S318C)	122
p.(S318Q)	87
p.(S318E)	55
p.(S318G)	105
p.(S318H)	98
p.(S318I)	55
p.(S318K)	109
p.(S318M)	67
p.(S318F)	77
p.(S318P)	70
p.(S318L)	57
p.(S318S)	0
p.(S318T)	125
p.(S318W)	93
p.(S318Y)	79
p.(S318V)	68
p.(Q319A)	58
p.(Q319R)	46
p.(Q319N)	97
p.(Q319D)	101
p.(Q319C)	54
p.(Q319Q)	0
p.(Q319E)	83
p.(Q319G)	86
p.(Q319H)	370
p.(Q319I)	137
p.(Q319K)	85
p.(Q319M)	123
p.(Q319F)	52
p.(Q319P)	167
p.(Q319L)	83
p.(Q319S)	107
p.(Q319T)	95
p.(Q319W)	152
p.(Q319Y)	72
p.(Q319V)	98
p.(E320A)	107
p.(E320R)	85
p.(E320N)	111
p.(E320D)	114
p.(E320C)	52
p.(E320Q)	157
p.(E320E)	0
p.(E320G)	332
p.(E320H)	80
p.(E320I)	97
p.(E320K)	49
p.(E320M)	68
p.(E320F)	47
p.(E320P)	106
p.(E320L)	133
p.(E320S)	91
p.(E320T)	90
p.(E320W)	123
p.(E320Y)	112
p.(E320V)	159
p.(D321A)	106
p.(D321R)	83
p.(D321N)	181
p.(D321D)	0
p.(D321C)	89
p.(D321Q)	104
p.(D321E)	163
p.(D321G)	107
p.(D321H)	77
p.(D321I)	93
p.(D321K)	89
p.(D321M)	65
p.(D321F)	125
p.(D321P)	126
p.(D321L)	76
p.(D321S)	112
p.(D321T)	1390
p.(D321W)	105
p.(D321Y)	92
p.(D321V)	99
p.(L322A)	93
p.(L322R)	153
p.(L322N)	91
p.(L322D)	104
p.(L322C)	96
p.(L322Q)	49
p.(L322E)	84
p.(L322G)	59
p.(L322H)	79
p.(L322I)	222
p.(L322K)	51
p.(L322M)	101
p.(L322F)	46
p.(L322P)	44
p.(L322L)	0
p.(L322S)	68
p.(L322T)	104
p.(L322W)	63
p.(L322Y)	101
p.(L322V)	90
p.(E323A)	135
p.(E323R)	110
p.(E323N)	67
p.(E323D)	450
p.(E323C)	86
p.(E323Q)	100
p.(E323E)	0
p.(E323G)	71
p.(E323H)	96
p.(E323I)	90
p.(E323K)	447
p.(E323M)	34
p.(E323F)	77
p.(E323P)	142
p.(E323L)	96
p.(E323S)	60
p.(E323T)	96
p.(E323W)	78
p.(E323Y)	88
p.(E323V)	138
p.(A324A)	0
p.(A324R)	58
p.(A324N)	79
p.(A324D)	131
p.(A324C)	73
p.(A324Q)	130
p.(A324E)	168
p.(A324G)	67
p.(A324H)	129
p.(A324I)	110
p.(A324K)	102
p.(A324M)	66
p.(A324F)	69
p.(A324P)	122
p.(A324L)	69
p.(A324S)	71
p.(A324T)	79
p.(A324W)	78
p.(A324Y)	89
p.(A324V)	603
p.(M325A)	115
p.(M325R)	119
p.(M325N)	84
p.(M325D)	91
p.(M325C)	127
p.(M325Q)	67
p.(M325E)	59
p.(M325G)	74
p.(M325H)	30
p.(M325I)	215
p.(M325K)	134
p.(M325M)	0
p.(M325F)	188
p.(M325P)	114
p.(M325L)	164
p.(M325S)	126
p.(M325T)	215
p.(M325W)	129
p.(M325Y)	86
p.(M325V)	191
p.(F326A)	58
p.(F326R)	86
p.(F326N)	61
p.(F326D)	114
p.(F326C)	100
p.(F326Q)	79
p.(F326E)	98
p.(F326G)	56
p.(F326H)	78
p.(F326I)	51
p.(F326K)	75
p.(F326M)	52
p.(F326F)	0
p.(F326P)	133
p.(F326L)	124
p.(F326S)	196
p.(F326T)	79
p.(F326W)	170
p.(F326Y)	81
p.(F326V)	211
p.(G327A)	111
p.(G327R)	86
p.(G327N)	76
p.(G327D)	397
p.(G327C)	104
p.(G327Q)	93
p.(G327E)	178
p.(G327G)	0
p.(G327H)	48
p.(G327I)	80
p.(G327K)	58
p.(G327M)	72
p.(G327F)	107
p.(G327P)	62
p.(G327L)	50
p.(G327S)	90
p.(G327T)	69
p.(G327W)	211
p.(G327Y)	94
p.(G327V)	67
p.(N328A)	117
p.(N328R)	89
p.(N328N)	0
p.(N328D)	335
p.(N328C)	49
p.(N328Q)	56
p.(N328E)	52
p.(N328G)	74
p.(N328H)	58
p.(N328I)	128
p.(N328K)	161
p.(N328M)	111
p.(N328F)	123
p.(N328P)	92
p.(N328L)	40
p.(N328S)	77
p.(N328T)	86
p.(N328W)	84
p.(N328Y)	76
p.(N328V)	112
p.(V329A)	83
p.(V329R)	118
p.(V329N)	113
p.(V329D)	69
p.(V329C)	1889
p.(V329Q)	76
p.(V329E)	77
p.(V329G)	110
p.(V329H)	79
p.(V329I)	125
p.(V329K)	60
p.(V329M)	380
p.(V329F)	59
p.(V329P)	105
p.(V329L)	59
p.(V329S)	58
p.(V329T)	75
p.(V329W)	92
p.(V329Y)	57
p.(V329V)	0
p.(S330A)	80
p.(S330R)	58
p.(S330N)	49
p.(S330D)	49
p.(S330C)	48
p.(S330Q)	52
p.(S330E)	48
p.(S330G)	80
p.(S330H)	79
p.(S330I)	87
p.(S330K)	65
p.(S330M)	48
p.(S330F)	385
p.(S330P)	87
p.(S330L)	62
p.(S330S)	0
p.(S330T)	95
p.(S330W)	62
p.(S330Y)	70
p.(S330V)	215
p.(Y331A)	67
p.(Y331R)	66
p.(Y331N)	116
p.(Y331D)	89
p.(Y331C)	84
p.(Y331Q)	62
p.(Y331E)	105
p.(Y331G)	83
p.(Y331H)	69
p.(Y331I)	2184
p.(Y331K)	58
p.(Y331M)	56
p.(Y331F)	93
p.(Y331P)	70
p.(Y331L)	66
p.(Y331S)	155
p.(Y331T)	47
p.(Y331W)	100
p.(Y331Y)	0
p.(Y331V)	133
p.(L332A)	35
p.(L332R)	67
p.(L332N)	74
p.(L332D)	94
p.(L332C)	57
p.(L332Q)	157
p.(L332E)	52
p.(L332G)	56
p.(L332H)	70
p.(L332I)	68
p.(L332K)	101
p.(L332M)	237
p.(L332F)	99
p.(L332P)	92
p.(L332L)	0
p.(L332S)	86
p.(L332T)	116
p.(L332W)	2291
p.(L332Y)	120
p.(L332V)	43
p.(A333A)	0
p.(A333R)	35
p.(A333N)	71
p.(A333D)	129
p.(A333C)	68
p.(A333Q)	34
p.(A333E)	75
p.(A333G)	310
p.(A333H)	83
p.(A333I)	69
p.(A333K)	51
p.(A333M)	102
p.(A333F)	37
p.(A333P)	243
p.(A333L)	70
p.(A333S)	66
p.(A333T)	55
p.(A333W)	34
p.(A333Y)	48
p.(A333V)	61
p.(H334A)	60
p.(H334R)	243
p.(H334N)	81
p.(H334D)	104
p.(H334C)	103
p.(H334Q)	90
p.(H334E)	131
p.(H334G)	27
p.(H334H)	0
p.(H334I)	84
p.(H334K)	59
p.(H334M)	53
p.(H334F)	100
p.(H334P)	112
p.(H334L)	235
p.(H334S)	59
p.(H334T)	98
p.(H334W)	91
p.(H334Y)	665
p.(H334V)	194
p.(F335A)	104
p.(F335R)	61
p.(F335N)	75
p.(F335D)	36
p.(F335C)	73
p.(F335Q)	42
p.(F335E)	101
p.(F335G)	75
p.(F335H)	137
p.(F335I)	191
p.(F335K)	28
p.(F335M)	87
p.(F335F)	0
p.(F335P)	91
p.(F335L)	238
p.(F335S)	30
p.(F335T)	69
p.(F335W)	55
p.(F335Y)	46
p.(F335V)	80
p.(C336A)	44
p.(C336R)	63
p.(C336N)	38
p.(C336D)	100
p.(C336C)	0
p.(C336Q)	88
p.(C336E)	63
p.(C336G)	79
p.(C336H)	91
p.(C336I)	77
p.(C336K)	53
p.(C336M)	87
p.(C336F)	55
p.(C336P)	251
p.(C336L)	75
p.(C336S)	41
p.(C336T)	31
p.(C336W)	90
p.(C336Y)	56
p.(C336V)	70
p.(R337A)	47
p.(R337R)	0
p.(R337N)	86
p.(R337D)	52
p.(R337C)	73
p.(R337Q)	242
p.(R337E)	68
p.(R337G)	60
p.(R337H)	699
p.(R337I)	71
p.(R337K)	119
p.(R337M)	57
p.(R337F)	43
p.(R337P)	53
p.(R337L)	228
p.(R337S)	76
p.(R337T)	65
p.(R337W)	50
p.(R337Y)	81
p.(R337V)	43
p.(K338A)	81
p.(K338R)	62
p.(K338N)	2444
p.(K338D)	67
p.(K338C)	84
p.(K338Q)	296
p.(K338E)	56
p.(K338G)	76
p.(K338H)	47
p.(K338I)	71
p.(K338K)	0
p.(K338M)	155
p.(K338F)	42
p.(K338P)	77
p.(K338L)	44
p.(K338S)	101
p.(K338T)	68
p.(K338W)	44
p.(K338Y)	57
p.(K338V)	67
p.(F339A)	99
p.(F339R)	53
p.(F339N)	39
p.(F339D)	67
p.(F339C)	81
p.(F339Q)	73
p.(F339E)	99
p.(F339G)	34
p.(F339H)	169
p.(F339I)	78
p.(F339K)	41
p.(F339M)	95
p.(F339F)	0
p.(F339P)	62
p.(F339L)	54
p.(F339S)	14
p.(F339T)	114
p.(F339W)	85
p.(F339Y)	82
p.(F339V)	124
p.(Q340A)	69
p.(Q340R)	459
p.(Q340N)	87
p.(Q340D)	73
p.(Q340C)	92
p.(Q340Q)	0
p.(Q340E)	92
p.(Q340G)	54
p.(Q340H)	136
p.(Q340I)	124
p.(Q340K)	265
p.(Q340M)	83
p.(Q340F)	92
p.(Q340P)	59
p.(Q340L)	126
p.(Q340S)	61
p.(Q340T)	121
p.(Q340W)	94
p.(Q340Y)	58
p.(Q340V)	85
p.(P341A)	76
p.(P341R)	107
p.(P341N)	74
p.(P341D)	114
p.(P341C)	272
p.(P341Q)	40
p.(P341E)	105
p.(P341G)	65
p.(P341H)	104
p.(P341I)	96
p.(P341K)	64
p.(P341M)	80
p.(P341F)	88
p.(P341P)	0
p.(P341L)	32
p.(P341S)	37
p.(P341T)	391
p.(P341W)	103
p.(P341Y)	143
p.(P341V)	64
p.(L342A)	73
p.(L342R)	147
p.(L342N)	52
p.(L342D)	68
p.(L342C)	75
p.(L342Q)	75
p.(L342E)	33
p.(L342G)	62
p.(L342H)	58
p.(L342I)	115
p.(L342K)	81
p.(L342M)	72
p.(L342F)	83
p.(L342P)	335
p.(L342L)	0
p.(L342S)	18
p.(L342T)	64
p.(L342W)	76
p.(L342Y)	82
p.(L342V)	96
p.(Y343A)	119
p.(Y343R)	87
p.(Y343N)	92
p.(Y343D)	80
p.(Y343C)	218
p.(Y343Q)	77
p.(Y343E)	72
p.(Y343G)	77
p.(Y343H)	122
p.(Y343I)	101
p.(Y343K)	66
p.(Y343M)	2367
p.(Y343F)	85
p.(Y343P)	125
p.(Y343L)	93
p.(Y343S)	76
p.(Y343T)	78
p.(Y343W)	67
p.(Y343Y)	0
p.(Y343V)	56
p.(A344A)	0
p.(A344R)	66
p.(A344N)	106
p.(A344D)	192
p.(A344C)	260
p.(A344Q)	76
p.(A344E)	57
p.(A344G)	105
p.(A344H)	122
p.(A344I)	78
p.(A344K)	78
p.(A344M)	102
p.(A344F)	99
p.(A344P)	116
p.(A344L)	140
p.(A344S)	250
p.(A344T)	109
p.(A344W)	105
p.(A344Y)	50
p.(A344V)	56
p.(T345A)	72
p.(T345R)	36
p.(T345N)	70
p.(T345D)	95
p.(T345C)	65
p.(T345Q)	106
p.(T345E)	63
p.(T345G)	86
p.(T345H)	282
p.(T345I)	50
p.(T345K)	64
p.(T345M)	340
p.(T345F)	61
p.(T345P)	59
p.(T345L)	87
p.(T345S)	90
p.(T345T)	0
p.(T345W)	51
p.(T345Y)	100
p.(T345V)	66
p.(E346A)	142
p.(E346R)	85
p.(E346N)	76
p.(E346D)	81
p.(E346C)	49
p.(E346Q)	155
p.(E346E)	0
p.(E346G)	62
p.(E346H)	155
p.(E346I)	97
p.(E346K)	239
p.(E346M)	31
p.(E346F)	41
p.(E346P)	91
p.(E346L)	68
p.(E346S)	48
p.(E346T)	88
p.(E346W)	57
p.(E346Y)	126
p.(E346V)	352
p.(A347A)	0
p.(A347R)	75
p.(A347N)	112
p.(A347D)	70
p.(A347C)	89
p.(A347Q)	69
p.(A347E)	79
p.(A347G)	49
p.(A347H)	65
p.(A347I)	76
p.(A347K)	310
p.(A347M)	119
p.(A347F)	82
p.(A347P)	51
p.(A347L)	117
p.(A347S)	302
p.(A347T)	72
p.(A347W)	125
p.(A347Y)	80
p.(A347V)	333
p.(K348A)	83
p.(K348R)	42
p.(K348N)	228
p.(K348D)	126
p.(K348C)	49
p.(K348Q)	100
p.(K348E)	89
p.(K348G)	33
p.(K348H)	53
p.(K348I)	90
p.(K348K)	0
p.(K348M)	95
p.(K348F)	99
p.(K348P)	96
p.(K348L)	131
p.(K348S)	87
p.(K348T)	123
p.(K348W)	74
p.(K348Y)	51
p.(K348V)	77
p.(R349A)	63
p.(R349R)	0
p.(R349N)	95
p.(R349D)	49
p.(R349C)	123
p.(R349Q)	62
p.(R349E)	302
p.(R349G)	100
p.(R349H)	93
p.(R349I)	92
p.(R349K)	62
p.(R349M)	314
p.(R349F)	84
p.(R349P)	103
p.(R349L)	54
p.(R349S)	107
p.(R349T)	129
p.(R349W)	116
p.(R349Y)	88
p.(R349V)	90
p.(V350A)	355
p.(V350R)	55
p.(V350N)	78
p.(V350D)	69
p.(V350C)	2317
p.(V350Q)	108
p.(V350E)	61
p.(V350G)	113
p.(V350H)	55
p.(V350I)	55
p.(V350K)	59
p.(V350M)	211
p.(V350F)	52
p.(V350P)	49
p.(V350L)	51
p.(V350S)	23
p.(V350T)	40
p.(V350W)	129
p.(V350Y)	93
p.(V350V)	0
p.(Y351A)	91
p.(Y351R)	121
p.(Y351N)	119
p.(Y351D)	124
p.(Y351C)	86
p.(Y351Q)	65
p.(Y351E)	54
p.(Y351G)	65
p.(Y351H)	247
p.(Y351I)	51
p.(Y351K)	53
p.(Y351M)	90
p.(Y351F)	58
p.(Y351P)	69
p.(Y351L)	86
p.(Y351S)	94
p.(Y351T)	65
p.(Y351W)	83
p.(Y351Y)	0
p.(Y351V)	52
p.(A352A)	0
p.(A352R)	353
p.(A352N)	61
p.(A352D)	66
p.(A352C)	64
p.(A352Q)	60
p.(A352E)	75
p.(A352G)	66
p.(A352H)	72
p.(A352I)	59
p.(A352K)	68
p.(A352M)	48
p.(A352F)	61
p.(A352P)	74
p.(A352L)	27
p.(A352S)	77
p.(A352T)	86
p.(A352W)	113
p.(A352Y)	86
p.(A352V)	73
p.(L353A)	57
p.(L353R)	61
p.(L353N)	78
p.(L353D)	48
p.(L353C)	119
p.(L353Q)	122
p.(L353E)	44
p.(L353G)	52
p.(L353H)	76
p.(L353I)	90
p.(L353K)	102
p.(L353M)	86
p.(L353F)	41
p.(L353P)	357
p.(L353L)	0
p.(L353S)	74
p.(L353T)	85
p.(L353W)	79
p.(L353Y)	43
p.(L353V)	54
p.(E354A)	40
p.(E354R)	33
p.(E354N)	256
p.(E354D)	58
p.(E354C)	73
p.(E354Q)	54
p.(E354E)	0
p.(E354G)	35
p.(E354H)	48
p.(E354I)	56
p.(E354K)	45
p.(E354M)	75
p.(E354F)	59
p.(E354P)	64
p.(E354L)	74
p.(E354S)	44
p.(E354T)	49
p.(E354W)	60
p.(E354Y)	67
p.(E354V)	82
p.(K355A)	72
p.(K355R)	406
p.(K355N)	269
p.(K355D)	55
p.(K355C)	67
p.(K355Q)	92
p.(K355E)	570
p.(K355G)	46
p.(K355H)	84
p.(K355I)	105
p.(K355K)	0
p.(K355M)	79
p.(K355F)	91
p.(K355P)	49
p.(K355L)	81
p.(K355S)	71
p.(K355T)	69
p.(K355W)	26
p.(K355Y)	83
p.(K355V)	42
p.(R356A)	86
p.(R356R)	0
p.(R356N)	394
p.(R356D)	33
p.(R356C)	36
p.(R356Q)	61
p.(R356E)	504
p.(R356G)	38
p.(R356H)	100
p.(R356I)	314
p.(R356K)	69
p.(R356M)	80
p.(R356F)	35
p.(R356P)	69
p.(R356L)	103
p.(R356S)	93
p.(R356T)	111
p.(R356W)	61
p.(R356Y)	77
p.(R356V)	77
p.(M357A)	97
p.(M357R)	1
p.(M357N)	445
p.(M357D)	60
p.(M357C)	98
p.(M357Q)	65
p.(M357E)	398
p.(M357G)	68
p.(M357H)	66
p.(M357I)	1090
p.(M357K)	49
p.(M357M)	0
p.(M357F)	77
p.(M357P)	93
p.(M357L)	71
p.(M357S)	87
p.(M357T)	96
p.(M357W)	53
p.(M357Y)	58
p.(M357V)	209
p.(N358A)	75
p.(N358R)	69
p.(N358N)	0
p.(N358D)	84
p.(N358C)	394
p.(N358Q)	116
p.(N358E)	17
p.(N358G)	79
p.(N358H)	82
p.(N358I)	176
p.(N358K)	68
p.(N358M)	93
p.(N358F)	79
p.(N358P)	47
p.(N358L)	75
p.(N358S)	100
p.(N358T)	114
p.(N358W)	86
p.(N358Y)	84
p.(N358V)	102
p.(N359A)	103
p.(N359R)	86
p.(N359N)	0
p.(N359D)	174
p.(N359C)	63
p.(N359Q)	82
p.(N359E)	36
p.(N359G)	48
p.(N359H)	103
p.(N359I)	345
p.(N359K)	136
p.(N359M)	59
p.(N359F)	55
p.(N359P)	84
p.(N359L)	67
p.(N359S)	73
p.(N359T)	79
p.(N359W)	77
p.(N359Y)	79
p.(N359V)	63
p.(Y360A)	80
p.(Y360R)	54
p.(Y360N)	40
p.(Y360D)	93
p.(Y360C)	217
p.(Y360Q)	39
p.(Y360E)	126
p.(Y360G)	81
p.(Y360H)	219
p.(Y360I)	61
p.(Y360K)	27
p.(Y360M)	26
p.(Y360F)	70
p.(Y360P)	34
p.(Y360L)	76
p.(Y360S)	152
p.(Y360T)	332
p.(Y360W)	53
p.(Y360Y)	0
p.(Y360V)	43
p.(M361A)	48
p.(M361R)	52
p.(M361N)	63
p.(M361D)	63
p.(M361C)	70
p.(M361Q)	72
p.(M361E)	75
p.(M361G)	65
p.(M361H)	116
p.(M361I)	208
p.(M361K)	69
p.(M361M)	0
p.(M361F)	111
p.(M361P)	106
p.(M361L)	65
p.(M361S)	63
p.(M361T)	75
p.(M361W)	50
p.(M361Y)	50
p.(M361V)	242
p.(Q362A)	72
p.(Q362R)	96
p.(Q362N)	54
p.(Q362D)	21
p.(Q362C)	68
p.(Q362Q)	0
p.(Q362E)	87
p.(Q362G)	51
p.(Q362H)	167
p.(Q362I)	62
p.(Q362K)	80
p.(Q362M)	72
p.(Q362F)	43
p.(Q362P)	85
p.(Q362L)	105
p.(Q362S)	510
p.(Q362T)	59
p.(Q362W)	70
p.(Q362Y)	56
p.(Q362V)	102
p.(F363A)	84
p.(F363R)	55
p.(F363N)	47
p.(F363D)	74
p.(F363C)	55
p.(F363Q)	152
p.(F363E)	53
p.(F363G)	49
p.(F363H)	116
p.(F363I)	57
p.(F363K)	50
p.(F363M)	57
p.(F363F)	0
p.(F363P)	75
p.(F363L)	63
p.(F363S)	56
p.(F363T)	42
p.(F363W)	52
p.(F363Y)	98
p.(F363V)	69
p.(K364A)	85
p.(K364R)	130
p.(K364N)	372
p.(K364D)	123
p.(K364C)	68
p.(K364Q)	77
p.(K364E)	55
p.(K364G)	71
p.(K364H)	67
p.(K364I)	45
p.(K364K)	0
p.(K364M)	126
p.(K364F)	38
p.(K364P)	53
p.(K364L)	72
p.(K364S)	125
p.(K364T)	109
p.(K364W)	82
p.(K364Y)	79
p.(K364V)	50
p.(S365A)	49
p.(S365R)	111
p.(S365N)	261
p.(S365D)	73
p.(S365C)	94
p.(S365Q)	196
p.(S365E)	89
p.(S365G)	307
p.(S365H)	99
p.(S365I)	47
p.(S365K)	84
p.(S365M)	135
p.(S365F)	88
p.(S365P)	79
p.(S365L)	89
p.(S365S)	0
p.(S365T)	79
p.(S365W)	78
p.(S365Y)	92
p.(S365V)	54
p.(K366A)	40
p.(K366R)	71
p.(K366N)	1054
p.(K366D)	65
p.(K366C)	78
p.(K366Q)	72
p.(K366E)	216
p.(K366G)	93
p.(K366H)	74
p.(K366I)	98
p.(K366K)	0
p.(K366M)	46
p.(K366F)	66
p.(K366P)	110
p.(K366L)	75
p.(K366S)	80
p.(K366T)	33
p.(K366W)	79
p.(K366Y)	48
p.(K366V)	58
p.(H367A)	91
p.(H367R)	69
p.(H367N)	200
p.(H367D)	117
p.(H367C)	46
p.(H367Q)	81
p.(H367E)	61
p.(H367G)	61
p.(H367H)	0
p.(H367I)	41
p.(H367K)	83
p.(H367M)	61
p.(H367F)	64
p.(H367P)	103
p.(H367L)	113
p.(H367S)	104
p.(H367T)	282
p.(H367W)	36
p.(H367Y)	114
p.(H367V)	68
p.(R368A)	58
p.(R368R)	0
p.(R368N)	81
p.(R368D)	57
p.(R368C)	91
p.(R368Q)	142
p.(R368E)	87
p.(R368G)	80
p.(R368H)	118
p.(R368I)	38
p.(R368K)	75
p.(R368M)	72
p.(R368F)	64
p.(R368P)	71
p.(R368L)	105
p.(R368S)	58
p.(R368T)	77
p.(R368W)	70
p.(R368Y)	59
p.(R368V)	1131
p.(I369A)	56
p.(I369R)	71
p.(I369N)	25
p.(I369D)	15
p.(I369C)	32
p.(I369Q)	46
p.(I369E)	50
p.(I369G)	67
p.(I369H)	35
p.(I369I)	0
p.(I369K)	68
p.(I369M)	114
p.(I369F)	114
p.(I369P)	26
p.(I369L)	105
p.(I369S)	77
p.(I369T)	72
p.(I369W)	67
p.(I369Y)	46
p.(I369V)	22
p.(E370A)	64
p.(E370R)	89
p.(E370N)	51
p.(E370D)	267
p.(E370C)	80
p.(E370Q)	76
p.(E370E)	0
p.(E370G)	64
p.(E370H)	53
p.(E370I)	62
p.(E370K)	394
p.(E370M)	54
p.(E370F)	44
p.(E370P)	76
p.(E370L)	59
p.(E370S)	62
p.(E370T)	75
p.(E370W)	45
p.(E370Y)	76
p.(E370V)	62
p.(P371A)	35
p.(P371R)	79
p.(P371N)	30
p.(P371D)	55
p.(P371C)	35
p.(P371Q)	38
p.(P371E)	38
p.(P371G)	44
p.(P371H)	205
p.(P371I)	33
p.(P371K)	41
p.(P371M)	55
p.(P371F)	40
p.(P371P)	0
p.(P371L)	1505
p.(P371S)	27
p.(P371T)	18
p.(P371W)	56
p.(P371Y)	36
p.(P371V)	13
p.(V372A)	32
p.(V372R)	29
p.(V372N)	61
p.(V372D)	45
p.(V372C)	135
p.(V372Q)	64
p.(V372E)	43
p.(V372G)	80
p.(V372H)	56
p.(V372I)	304
p.(V372K)	42
p.(V372M)	130
p.(V372F)	71
p.(V372P)	51
p.(V372L)	55
p.(V372S)	56
p.(V372T)	32
p.(V372W)	47
p.(V372Y)	26
p.(V372V)	0
p.(C373A)	1801
p.(C373R)	40
p.(C373N)	59
p.(C373D)	30
p.(C373C)	0
p.(C373Q)	41
p.(C373E)	49
p.(C373G)	53
p.(C373H)	42
p.(C373I)	40
p.(C373K)	45
p.(C373M)	171
p.(C373F)	223
p.(C373P)	53
p.(C373L)	46
p.(C373S)	82
p.(C373T)	60
p.(C373W)	64
p.(C373Y)	45
p.(C373V)	49
p.(L374A)	58
p.(L374R)	70
p.(L374N)	70
p.(L374D)	73
p.(L374C)	111
p.(L374Q)	40
p.(L374E)	91
p.(L374G)	20
p.(L374H)	43
p.(L374I)	255
p.(L374K)	80
p.(L374M)	60
p.(L374F)	43
p.(L374P)	36
p.(L374L)	0
p.(L374S)	110
p.(L374T)	68
p.(L374W)	62
p.(L374Y)	75
p.(L374V)	94
p.(I375A)	41
p.(I375R)	39
p.(I375N)	209
p.(I375D)	51
p.(I375C)	50
p.(I375Q)	47
p.(I375E)	30
p.(I375G)	45
p.(I375H)	44
p.(I375I)	0
p.(I375K)	40
p.(I375M)	47
p.(I375F)	40
p.(I375P)	35
p.(I375L)	78
p.(I375S)	58
p.(I375T)	124
p.(I375W)	41
p.(I375Y)	49
p.(I375V)	76
p.(I376A)	82
p.(I376R)	82
p.(I376N)	67
p.(I376D)	56
p.(I376C)	52
p.(I376Q)	80
p.(I376E)	57
p.(I376G)	65
p.(I376H)	237
p.(I376I)	0
p.(I376K)	61
p.(I376M)	82
p.(I376F)	109
p.(I376P)	68
p.(I376L)	74
p.(I376S)	65
p.(I376T)	230
p.(I376W)	63
p.(I376Y)	87
p.(I376V)	84
p.(R377A)	67
p.(R377R)	0
p.(R377N)	78
p.(R377D)	58
p.(R377C)	79
p.(R377Q)	59
p.(R377E)	646
p.(R377G)	64
p.(R377H)	61
p.(R377I)	59
p.(R377K)	87
p.(R377M)	90
p.(R377F)	51
p.(R377P)	40
p.(R377L)	98
p.(R377S)	83
p.(R377T)	50
p.(R377W)	61
p.(R377Y)	60
p.(R377V)	35
p.(G378A)	47
p.(G378R)	135
p.(G378N)	94
p.(G378D)	82
p.(G378C)	82
p.(G378Q)	112
p.(G378E)	64
p.(G378G)	0
p.(G378H)	94
p.(G378I)	118
p.(G378K)	71
p.(G378M)	102
p.(G378F)	60
p.(G378P)	65
p.(G378L)	117
p.(G378S)	280
p.(G378T)	128
p.(G378W)	127
p.(G378Y)	115
p.(G378V)	102
p.(S379A)	93
p.(S379R)	67
p.(S379N)	94
p.(S379D)	83
p.(S379C)	176
p.(S379Q)	71
p.(S379E)	103
p.(S379G)	90
p.(S379H)	117
p.(S379I)	120
p.(S379K)	43
p.(S379M)	105
p.(S379F)	66
p.(S379P)	180
p.(S379L)	102
p.(S379S)	0
p.(S379T)	70
p.(S379W)	121
p.(S379Y)	122
p.(S379V)	79
p.(P380A)	327
p.(P380R)	98
p.(P380N)	134
p.(P380D)	66
p.(P380C)	87
p.(P380Q)	55
p.(P380E)	116
p.(P380G)	114
p.(P380H)	270
p.(P380I)	117
p.(P380K)	94
p.(P380M)	115
p.(P380F)	100
p.(P380P)	0
p.(P380L)	83
p.(P380S)	385
p.(P380T)	106
p.(P380W)	236
p.(P380Y)	106
p.(P380V)	137
p.(G381A)	83
p.(G381R)	64
p.(G381N)	88
p.(G381D)	71
p.(G381C)	87
p.(G381Q)	57
p.(G381E)	105
p.(G381G)	0
p.(G381H)	75
p.(G381I)	66
p.(G381K)	69
p.(G381M)	108
p.(G381F)	93
p.(G381P)	78
p.(G381L)	79
p.(G381S)	66
p.(G381T)	82
p.(G381W)	273
p.(G381Y)	93
p.(G381V)	217
p.(T382A)	107
p.(T382R)	114
p.(T382N)	120
p.(T382D)	76
p.(T382C)	92
p.(T382Q)	69
p.(T382E)	92
p.(T382G)	110
p.(T382H)	76
p.(T382I)	52
p.(T382K)	59
p.(T382M)	73
p.(T382F)	91
p.(T382P)	96
p.(T382L)	127
p.(T382S)	79
p.(T382T)	0
p.(T382W)	278
p.(T382Y)	301
p.(T382V)	83
p.(G383A)	124
p.(G383R)	430
p.(G383N)	123
p.(G383D)	80
p.(G383C)	93
p.(G383Q)	112
p.(G383E)	321
p.(G383G)	0
p.(G383H)	82
p.(G383I)	117
p.(G383K)	158
p.(G383M)	118
p.(G383F)	24
p.(G383P)	74
p.(G383L)	110
p.(G383S)	68
p.(G383T)	108
p.(G383W)	974
p.(G383Y)	131
p.(G383V)	120
p.(K384A)	109
p.(K384R)	87
p.(K384N)	237
p.(K384D)	81
p.(K384C)	97
p.(K384Q)	108
p.(K384E)	411
p.(K384G)	93
p.(K384H)	42
p.(K384I)	121
p.(K384K)	0
p.(K384M)	137
p.(K384F)	170
p.(K384P)	108
p.(K384L)	88
p.(K384S)	100
p.(K384T)	65
p.(K384W)	105
p.(K384Y)	103
p.(K384V)	116
p.(S385A)	80
p.(S385R)	81
p.(S385N)	42
p.(S385D)	93
p.(S385C)	120
p.(S385Q)	41
p.(S385E)	54
p.(S385G)	67
p.(S385H)	59
p.(S385I)	72
p.(S385K)	127
p.(S385M)	92
p.(S385F)	192
p.(S385P)	1561
p.(S385L)	286
p.(S385S)	0
p.(S385T)	91
p.(S385W)	92
p.(S385Y)	231
p.(S385V)	85
p.(L386A)	77
p.(L386R)	99
p.(L386N)	94
p.(L386D)	104
p.(L386C)	60
p.(L386Q)	111
p.(L386E)	82
p.(L386G)	245
p.(L386H)	70
p.(L386I)	78
p.(L386K)	81
p.(L386M)	153
p.(L386F)	106
p.(L386P)	95
p.(L386L)	0
p.(L386S)	101
p.(L386T)	83
p.(L386W)	1646
p.(L386Y)	99
p.(L386V)	107
p.(A387A)	0
p.(A387R)	105
p.(A387N)	94
p.(A387D)	96
p.(A387C)	64
p.(A387Q)	1657
p.(A387E)	80
p.(A387G)	78
p.(A387H)	64
p.(A387I)	78
p.(A387K)	119
p.(A387M)	120
p.(A387F)	80
p.(A387P)	95
p.(A387L)	39
p.(A387S)	76
p.(A387T)	444
p.(A387W)	109
p.(A387Y)	69
p.(A387V)	81
p.(T388A)	68
p.(T388R)	53
p.(T388N)	498
p.(T388D)	61
p.(T388C)	58
p.(T388Q)	86
p.(T388E)	85
p.(T388G)	97
p.(T388H)	72
p.(T388I)	66
p.(T388K)	177
p.(T388M)	95
p.(T388F)	112
p.(T388P)	126
p.(T388L)	78
p.(T388S)	59
p.(T388T)	0
p.(T388W)	80
p.(T388Y)	79
p.(T388V)	88
p.(G389A)	53
p.(G389R)	84
p.(G389N)	74
p.(G389D)	305
p.(G389C)	94
p.(G389Q)	87
p.(G389E)	107
p.(G389G)	0
p.(G389H)	62
p.(G389I)	56
p.(G389K)	81
p.(G389M)	92
p.(G389F)	98
p.(G389P)	63
p.(G389L)	91
p.(G389S)	100
p.(G389T)	94
p.(G389W)	1597
p.(G389Y)	61
p.(G389V)	131
p.(I390A)	97
p.(I390R)	100
p.(I390N)	142
p.(I390D)	94
p.(I390C)	104
p.(I390Q)	81
p.(I390E)	102
p.(I390G)	109
p.(I390H)	95
p.(I390I)	0
p.(I390K)	77
p.(I390M)	102
p.(I390F)	100
p.(I390P)	82
p.(I390L)	84
p.(I390S)	75
p.(I390T)	40
p.(I390W)	80
p.(I390Y)	112
p.(I390V)	101
p.(I391A)	102
p.(I391R)	115
p.(I391N)	129
p.(I391D)	76
p.(I391C)	82
p.(I391Q)	82
p.(I391E)	82
p.(I391G)	123
p.(I391H)	64
p.(I391I)	0
p.(I391K)	70
p.(I391M)	129
p.(I391F)	209
p.(I391P)	90
p.(I391L)	112
p.(I391S)	95
p.(I391T)	52
p.(I391W)	103
p.(I391Y)	423
p.(I391V)	52
p.(A392A)	0
p.(A392R)	83
p.(A392N)	55
p.(A392D)	148
p.(A392C)	455
p.(A392Q)	101
p.(A392E)	84
p.(A392G)	94
p.(A392H)	74
p.(A392I)	86
p.(A392K)	65
p.(A392M)	96
p.(A392F)	79
p.(A392P)	105
p.(A392L)	77
p.(A392S)	38
p.(A392T)	64
p.(A392W)	74
p.(A392Y)	97
p.(A392V)	82
p.(R393A)	89
p.(R393R)	0
p.(R393N)	61
p.(R393D)	72
p.(R393C)	106
p.(R393Q)	68
p.(R393E)	1692
p.(R393G)	106
p.(R393H)	112
p.(R393I)	142
p.(R393K)	146
p.(R393M)	202
p.(R393F)	96
p.(R393P)	94
p.(R393L)	90
p.(R393S)	72
p.(R393T)	126
p.(R393W)	111
p.(R393Y)	64
p.(R393V)	93
p.(A394A)	0
p.(A394R)	97
p.(A394N)	78
p.(A394D)	155
p.(A394C)	123
p.(A394Q)	17
p.(A394E)	63
p.(A394G)	82
p.(A394H)	41
p.(A394I)	71
p.(A394K)	109
p.(A394M)	79
p.(A394F)	78
p.(A394P)	139
p.(A394L)	117
p.(A394S)	78
p.(A394T)	52
p.(A394W)	52
p.(A394Y)	68
p.(A394V)	67
p.(I395A)	90
p.(I395R)	106
p.(I395N)	54
p.(I395D)	88
p.(I395C)	102
p.(I395Q)	86
p.(I395E)	91
p.(I395G)	68
p.(I395H)	112
p.(I395I)	0
p.(I395K)	92
p.(I395M)	372
p.(I395F)	93
p.(I395P)	59
p.(I395L)	147
p.(I395S)	50
p.(I395T)	250
p.(I395W)	109
p.(I395Y)	40
p.(I395V)	106
p.(A396A)	0
p.(A396R)	55
p.(A396N)	78
p.(A396D)	50
p.(A396C)	102
p.(A396Q)	136
p.(A396E)	102
p.(A396G)	47
p.(A396H)	58
p.(A396I)	75
p.(A396K)	61
p.(A396M)	103
p.(A396F)	80
p.(A396P)	138
p.(A396L)	64
p.(A396S)	112
p.(A396T)	358
p.(A396W)	51
p.(A396Y)	54
p.(A396V)	93
p.(D397A)	81
p.(D397R)	35
p.(D397N)	322
p.(D397D)	0
p.(D397C)	93
p.(D397Q)	87
p.(D397E)	101
p.(D397G)	99
p.(D397H)	95
p.(D397I)	81
p.(D397K)	97
p.(D397M)	74
p.(D397F)	63
p.(D397P)	86
p.(D397L)	72
p.(D397S)	54
p.(D397T)	96
p.(D397W)	59
p.(D397Y)	305
p.(D397V)	134
p.(K398A)	113
p.(K398R)	115
p.(K398N)	234
p.(K398D)	113
p.(K398C)	90
p.(K398Q)	177
p.(K398E)	323
p.(K398G)	114
p.(K398H)	60
p.(K398I)	86
p.(K398K)	0
p.(K398M)	163
p.(K398F)	83
p.(K398P)	95
p.(K398L)	79
p.(K398S)	89
p.(K398T)	87
p.(K398W)	101
p.(K398Y)	57
p.(K398V)	77
p.(Y399A)	63
p.(Y399R)	87
p.(Y399N)	161
p.(Y399D)	41
p.(Y399C)	127
p.(Y399Q)	82
p.(Y399E)	96
p.(Y399G)	78
p.(Y399H)	47
p.(Y399I)	107
p.(Y399K)	67
p.(Y399M)	101
p.(Y399F)	97
p.(Y399P)	139
p.(Y399L)	57
p.(Y399S)	99
p.(Y399T)	78
p.(Y399W)	100
p.(Y399Y)	0
p.(Y399V)	166
p.(H400A)	73
p.(H400R)	102
p.(H400N)	250
p.(H400D)	98
p.(H400C)	50
p.(H400Q)	294
p.(H400E)	64
p.(H400G)	153
p.(H400H)	0
p.(H400I)	70
p.(H400K)	85
p.(H400M)	80
p.(H400F)	122
p.(H400P)	91
p.(H400L)	243
p.(H400S)	65
p.(H400T)	87
p.(H400W)	110
p.(H400Y)	479
p.(H400V)	72
p.(S401A)	102
p.(S401R)	81
p.(S401N)	28
p.(S401D)	116
p.(S401C)	42
p.(S401Q)	166
p.(S401E)	54
p.(S401G)	67
p.(S401H)	72
p.(S401I)	88
p.(S401K)	111
p.(S401M)	62
p.(S401F)	278
p.(S401P)	139
p.(S401L)	89
p.(S401S)	0
p.(S401T)	158
p.(S401W)	105
p.(S401Y)	83
p.(S401V)	90
p.(S402A)	98
p.(S402R)	57
p.(S402N)	196
p.(S402D)	91
p.(S402C)	253
p.(S402Q)	99
p.(S402E)	61
p.(S402G)	71
p.(S402H)	82
p.(S402I)	242
p.(S402K)	131
p.(S402M)	94
p.(S402F)	76
p.(S402P)	76
p.(S402L)	83
p.(S402S)	0
p.(S402T)	83
p.(S402W)	69
p.(S402Y)	89
p.(S402V)	69
p.(V403A)	55
p.(V403R)	81
p.(V403N)	103
p.(V403D)	88
p.(V403C)	71
p.(V403Q)	84
p.(V403E)	75
p.(V403G)	111
p.(V403H)	87
p.(V403I)	122
p.(V403K)	36
p.(V403M)	324
p.(V403F)	65
p.(V403P)	80
p.(V403L)	106
p.(V403S)	46
p.(V403T)	58
p.(V403W)	117
p.(V403Y)	107
p.(V403V)	0
p.(Y404A)	79
p.(Y404R)	87
p.(Y404N)	124
p.(Y404D)	90
p.(Y404C)	224
p.(Y404Q)	97
p.(Y404E)	82
p.(Y404G)	86
p.(Y404H)	90
p.(Y404I)	63
p.(Y404K)	83
p.(Y404M)	70
p.(Y404F)	236
p.(Y404P)	99
p.(Y404L)	56
p.(Y404S)	86
p.(Y404T)	65
p.(Y404W)	79
p.(Y404Y)	0
p.(Y404V)	100
p.(S405A)	95
p.(S405R)	108
p.(S405N)	38
p.(S405D)	103
p.(S405C)	80
p.(S405Q)	119
p.(S405E)	99
p.(S405G)	77
p.(S405H)	87
p.(S405I)	68
p.(S405K)	97
p.(S405M)	71
p.(S405F)	413
p.(S405P)	515
p.(S405L)	268
p.(S405S)	0
p.(S405T)	52
p.(S405W)	88
p.(S405Y)	229
p.(S405V)	90
p.(L406A)	115
p.(L406R)	72
p.(L406N)	68
p.(L406D)	64
p.(L406C)	134
p.(L406Q)	92
p.(L406E)	48
p.(L406G)	75
p.(L406H)	42
p.(L406I)	113
p.(L406K)	72
p.(L406M)	61
p.(L406F)	107
p.(L406P)	104
p.(L406L)	0
p.(L406S)	34
p.(L406T)	250
p.(L406W)	79
p.(L406Y)	86
p.(L406V)	82
p.(P407A)	67
p.(P407R)	94
p.(P407N)	105
p.(P407D)	97
p.(P407C)	74
p.(P407Q)	88
p.(P407E)	107
p.(P407G)	107
p.(P407H)	100
p.(P407I)	119
p.(P407K)	110
p.(P407M)	100
p.(P407F)	97
p.(P407P)	0
p.(P407L)	106
p.(P407S)	289
p.(P407T)	193
p.(P407W)	90
p.(P407Y)	104
p.(P407V)	69
p.(P408A)	99
p.(P408R)	59
p.(P408N)	80
p.(P408D)	136
p.(P408C)	99
p.(P408Q)	186
p.(P408E)	95
p.(P408G)	51
p.(P408H)	41
p.(P408I)	85
p.(P408K)	79
p.(P408M)	130
p.(P408F)	57
p.(P408P)	0
p.(P408L)	112
p.(P408S)	110
p.(P408T)	93
p.(P408W)	54
p.(P408Y)	103
p.(P408V)	90
p.(D409A)	101
p.(D409R)	105
p.(D409N)	207
p.(D409D)	0
p.(D409C)	108
p.(D409Q)	62
p.(D409E)	166
p.(D409G)	105
p.(D409H)	67
p.(D409I)	60
p.(D409K)	74
p.(D409M)	96
p.(D409F)	74
p.(D409P)	47
p.(D409L)	100
p.(D409S)	101
p.(D409T)	66
p.(D409W)	67
p.(D409Y)	94
p.(D409V)	103
p.(P410A)	126
p.(P410R)	98
p.(P410N)	114
p.(P410D)	86
p.(P410C)	127
p.(P410Q)	870
p.(P410E)	103
p.(P410G)	77
p.(P410H)	59
p.(P410I)	97
p.(P410K)	77
p.(P410M)	115
p.(P410F)	110
p.(P410P)	0
p.(P410L)	113
p.(P410S)	86
p.(P410T)	96
p.(P410W)	92
p.(P410Y)	109
p.(P410V)	136
p.(D411A)	85
p.(D411R)	78
p.(D411N)	336
p.(D411D)	0
p.(D411C)	93
p.(D411Q)	92
p.(D411E)	142
p.(D411G)	25
p.(D411H)	110
p.(D411I)	63
p.(D411K)	86
p.(D411M)	136
p.(D411F)	105
p.(D411P)	116
p.(D411L)	116
p.(D411S)	52
p.(D411T)	65
p.(D411W)	99
p.(D411Y)	93
p.(D411V)	92
p.(H412A)	92
p.(H412R)	90
p.(H412N)	223
p.(H412D)	66
p.(H412C)	115
p.(H412Q)	187
p.(H412E)	82
p.(H412G)	102
p.(H412H)	0
p.(H412I)	108
p.(H412K)	98
p.(H412M)	49
p.(H412F)	78
p.(H412P)	87
p.(H412L)	83
p.(H412S)	114
p.(H412T)	67
p.(H412W)	106
p.(H412Y)	439
p.(H412V)	97
p.(F413A)	41
p.(F413R)	62
p.(F413N)	87
p.(F413D)	101
p.(F413C)	73
p.(F413Q)	101
p.(F413E)	87
p.(F413G)	99
p.(F413H)	67
p.(F413I)	93
p.(F413K)	84
p.(F413M)	86
p.(F413F)	0
p.(F413P)	99
p.(F413L)	162
p.(F413S)	84
p.(F413T)	67
p.(F413W)	94
p.(F413Y)	111
p.(F413V)	108
p.(D414A)	85
p.(D414R)	74
p.(D414N)	251
p.(D414D)	0
p.(D414C)	68
p.(D414Q)	39
p.(D414E)	164
p.(D414G)	324
p.(D414H)	170
p.(D414I)	84
p.(D414K)	58
p.(D414M)	47
p.(D414F)	82
p.(D414P)	102
p.(D414L)	69
p.(D414S)	72
p.(D414T)	54
p.(D414W)	50
p.(D414Y)	402
p.(D414V)	107
p.(G415A)	89
p.(G415R)	43
p.(G415N)	98
p.(G415D)	1018
p.(G415C)	103
p.(G415Q)	113
p.(G415E)	243
p.(G415G)	0
p.(G415H)	74
p.(G415I)	89
p.(G415K)	85
p.(G415M)	42
p.(G415F)	113
p.(G415P)	64
p.(G415L)	129
p.(G415S)	124
p.(G415T)	62
p.(G415W)	70
p.(G415Y)	40
p.(G415V)	296
p.(Y416A)	84
p.(Y416R)	84
p.(Y416N)	47
p.(Y416D)	139
p.(Y416C)	101
p.(Y416Q)	86
p.(Y416E)	89
p.(Y416G)	74
p.(Y416H)	213
p.(Y416I)	84
p.(Y416K)	88
p.(Y416M)	98
p.(Y416F)	54
p.(Y416P)	95
p.(Y416L)	105
p.(Y416S)	68
p.(Y416T)	58
p.(Y416W)	66
p.(Y416Y)	0
p.(Y416V)	99
p.(K417A)	50
p.(K417R)	297
p.(K417N)	76
p.(K417D)	109
p.(K417C)	63
p.(K417Q)	83
p.(K417E)	113
p.(K417G)	117
p.(K417H)	104
p.(K417I)	120
p.(K417K)	0
p.(K417M)	96
p.(K417F)	100
p.(K417P)	51
p.(K417L)	77
p.(K417S)	40
p.(K417T)	86
p.(K417W)	68
p.(K417Y)	77
p.(K417V)	74
p.(Q418A)	100
p.(Q418R)	259
p.(Q418N)	61
p.(Q418D)	79
p.(Q418C)	99
p.(Q418Q)	0
p.(Q418E)	74
p.(Q418G)	93
p.(Q418H)	113
p.(Q418I)	94
p.(Q418K)	162
p.(Q418M)	52
p.(Q418F)	81
p.(Q418P)	109
p.(Q418L)	110
p.(Q418S)	92
p.(Q418T)	206
p.(Q418W)	82
p.(Q418Y)	108
p.(Q418V)	53
p.(Q419A)	61
p.(Q419R)	383
p.(Q419N)	87
p.(Q419D)	186
p.(Q419C)	101
p.(Q419Q)	0
p.(Q419E)	67
p.(Q419G)	99
p.(Q419H)	264
p.(Q419I)	91
p.(Q419K)	185
p.(Q419M)	89
p.(Q419F)	101
p.(Q419P)	110
p.(Q419L)	118
p.(Q419S)	101
p.(Q419T)	143
p.(Q419W)	126
p.(Q419Y)	84
p.(Q419V)	96
p.(I420A)	77
p.(I420R)	88
p.(I420N)	75
p.(I420D)	123
p.(I420C)	81
p.(I420Q)	121
p.(I420E)	94
p.(I420G)	99
p.(I420H)	104
p.(I420I)	0
p.(I420K)	95
p.(I420M)	91
p.(I420F)	97
p.(I420P)	94
p.(I420L)	92
p.(I420S)	69
p.(I420T)	116
p.(I420W)	130
p.(I420Y)	76
p.(I420V)	99
p.(V421A)	262
p.(V421R)	41
p.(V421N)	100
p.(V421D)	131
p.(V421C)	49
p.(V421Q)	106
p.(V421E)	73
p.(V421G)	116
p.(V421H)	122
p.(V421I)	327
p.(V421K)	86
p.(V421M)	88
p.(V421F)	83
p.(V421P)	70
p.(V421L)	66
p.(V421S)	33
p.(V421T)	108
p.(V421W)	93
p.(V421Y)	71
p.(V421V)	0
p.(T422A)	73
p.(T422R)	55
p.(T422N)	1141
p.(T422D)	63
p.(T422C)	224
p.(T422Q)	86
p.(T422E)	106
p.(T422G)	125
p.(T422H)	145
p.(T422I)	70
p.(T422K)	92
p.(T422M)	114
p.(T422F)	94
p.(T422P)	83
p.(T422L)	1093
p.(T422S)	135
p.(T422T)	0
p.(T422W)	93
p.(T422Y)	105
p.(T422V)	99
p.(V423A)	275
p.(V423R)	92
p.(V423N)	162
p.(V423D)	175
p.(V423C)	79
p.(V423Q)	75
p.(V423E)	69
p.(V423G)	90
p.(V423H)	70
p.(V423I)	295
p.(V423K)	93
p.(V423M)	103
p.(V423F)	241
p.(V423P)	45
p.(V423L)	102
p.(V423S)	71
p.(V423T)	42
p.(V423W)	118
p.(V423Y)	188
p.(V423V)	0
p.(M424A)	79
p.(M424R)	95
p.(M424N)	105
p.(M424D)	60
p.(M424C)	64
p.(M424Q)	88
p.(M424E)	53
p.(M424G)	57
p.(M424H)	103
p.(M424I)	118
p.(M424K)	75
p.(M424M)	0
p.(M424F)	107
p.(M424P)	87
p.(M424L)	66
p.(M424S)	87
p.(M424T)	92
p.(M424W)	1208
p.(M424Y)	133
p.(M424V)	111
p.(D425A)	72
p.(D425R)	74
p.(D425N)	86
p.(D425D)	0
p.(D425C)	83
p.(D425Q)	93
p.(D425E)	80
p.(D425G)	111
p.(D425H)	57
p.(D425I)	87
p.(D425K)	110
p.(D425M)	102
p.(D425F)	67
p.(D425P)	77
p.(D425L)	93
p.(D425S)	86
p.(D425T)	1343
p.(D425W)	55
p.(D425Y)	61
p.(D425V)	74
p.(D426A)	109
p.(D426R)	196
p.(D426N)	107
p.(D426D)	0
p.(D426C)	81
p.(D426Q)	83
p.(D426E)	215
p.(D426G)	186
p.(D426H)	102
p.(D426I)	87
p.(D426K)	72
p.(D426M)	100
p.(D426F)	100
p.(D426P)	285
p.(D426L)	111
p.(D426S)	73
p.(D426T)	1414
p.(D426W)	124
p.(D426Y)	70
p.(D426V)	118
p.(L427A)	101
p.(L427R)	23
p.(L427N)	82
p.(L427D)	96
p.(L427C)	104
p.(L427Q)	153
p.(L427E)	77
p.(L427G)	36
p.(L427H)	131
p.(L427I)	99
p.(L427K)	53
p.(L427M)	274
p.(L427F)	98
p.(L427P)	231
p.(L427L)	0
p.(L427S)	60
p.(L427T)	60
p.(L427W)	82
p.(L427Y)	1398
p.(L427V)	97
p.(C428A)	106
p.(C428R)	77
p.(C428N)	101
p.(C428D)	85
p.(C428C)	0
p.(C428Q)	108
p.(C428E)	95
p.(C428G)	86
p.(C428H)	123
p.(C428I)	69
p.(C428K)	89
p.(C428M)	199
p.(C428F)	209
p.(C428P)	69
p.(C428L)	111
p.(C428S)	63
p.(C428T)	76
p.(C428W)	114
p.(C428Y)	680
p.(C428V)	70
p.(Q429A)	112
p.(Q429R)	115
p.(Q429N)	121
p.(Q429D)	92
p.(Q429C)	64
p.(Q429Q)	0
p.(Q429E)	116
p.(Q429G)	110
p.(Q429H)	114
p.(Q429I)	114
p.(Q429K)	117
p.(Q429M)	78
p.(Q429F)	105
p.(Q429P)	81
p.(Q429L)	124
p.(Q429S)	64
p.(Q429T)	112
p.(Q429W)	96
p.(Q429Y)	88
p.(Q429V)	136
p.(N430A)	72
p.(N430R)	82
p.(N430N)	0
p.(N430D)	108
p.(N430C)	121
p.(N430Q)	82
p.(N430E)	82
p.(N430G)	90
p.(N430H)	141
p.(N430I)	66
p.(N430K)	356
p.(N430M)	128
p.(N430F)	108
p.(N430P)	352
p.(N430L)	117
p.(N430S)	86
p.(N430T)	114
p.(N430W)	43
p.(N430Y)	108
p.(N430V)	147
p.(P431A)	106
p.(P431R)	7
p.(P431N)	79
p.(P431D)	59
p.(P431C)	112
p.(P431Q)	345
p.(P431E)	72
p.(P431G)	90
p.(P431H)	95
p.(P431I)	109
p.(P431K)	70
p.(P431M)	101
p.(P431F)	94
p.(P431P)	0
p.(P431L)	104
p.(P431S)	356
p.(P431T)	65
p.(P431W)	78
p.(P431Y)	84
p.(P431V)	100
p.(D432A)	88
p.(D432R)	95
p.(D432N)	255
p.(D432D)	0
p.(D432C)	80
p.(D432Q)	66
p.(D432E)	101
p.(D432G)	88
p.(D432H)	72
p.(D432I)	55
p.(D432K)	72
p.(D432M)	89
p.(D432F)	53
p.(D432P)	83
p.(D432L)	100
p.(D432S)	66
p.(D432T)	69
p.(D432W)	71
p.(D432Y)	87
p.(D432V)	84
p.(G433A)	110
p.(G433R)	73
p.(G433N)	96
p.(G433D)	81
p.(G433C)	86
p.(G433Q)	68
p.(G433E)	323
p.(G433G)	0
p.(G433H)	101
p.(G433I)	65
p.(G433K)	87
p.(G433M)	116
p.(G433F)	103
p.(G433P)	112
p.(G433L)	82
p.(G433S)	80
p.(G433T)	98
p.(G433W)	477
p.(G433Y)	116
p.(G433V)	236
p.(K434A)	98
p.(K434R)	74
p.(K434N)	141
p.(K434D)	64
p.(K434C)	99
p.(K434Q)	121
p.(K434E)	92
p.(K434G)	48
p.(K434H)	108
p.(K434I)	67
p.(K434K)	0
p.(K434M)	77
p.(K434F)	97
p.(K434P)	70
p.(K434L)	83
p.(K434S)	62
p.(K434T)	73
p.(K434W)	76
p.(K434Y)	74
p.(K434V)	66
p.(D435A)	107
p.(D435R)	92
p.(D435N)	287
p.(D435D)	0
p.(D435C)	50
p.(D435Q)	114
p.(D435E)	131
p.(D435G)	71
p.(D435H)	117
p.(D435I)	111
p.(D435K)	47
p.(D435M)	138
p.(D435F)	86
p.(D435P)	106
p.(D435L)	97
p.(D435S)	97
p.(D435T)	96
p.(D435W)	108
p.(D435Y)	82
p.(D435V)	103
p.(M436A)	88
p.(M436R)	81
p.(M436N)	24
p.(M436D)	109
p.(M436C)	2669
p.(M436Q)	114
p.(M436E)	104
p.(M436G)	65
p.(M436H)	322
p.(M436I)	306
p.(M436K)	99
p.(M436M)	0
p.(M436F)	80
p.(M436P)	63
p.(M436L)	82
p.(M436S)	106
p.(M436T)	61
p.(M436W)	89
p.(M436Y)	93
p.(M436V)	298
p.(S437A)	45
p.(S437R)	91
p.(S437N)	64
p.(S437D)	71
p.(S437C)	97
p.(S437Q)	91
p.(S437E)	82
p.(S437G)	72
p.(S437H)	79
p.(S437I)	80
p.(S437K)	55
p.(S437M)	49
p.(S437F)	110
p.(S437P)	106
p.(S437L)	436
p.(S437S)	0
p.(S437T)	93
p.(S437W)	78
p.(S437Y)	58
p.(S437V)	126
p.(L438A)	62
p.(L438R)	98
p.(L438N)	83
p.(L438D)	98
p.(L438C)	104
p.(L438Q)	104
p.(L438E)	84
p.(L438G)	84
p.(L438H)	75
p.(L438I)	636
p.(L438K)	113
p.(L438M)	118
p.(L438F)	75
p.(L438P)	191
p.(L438L)	0
p.(L438S)	63
p.(L438T)	373
p.(L438W)	74
p.(L438Y)	83
p.(L438V)	120
p.(F439A)	57
p.(F439R)	64
p.(F439N)	110
p.(F439D)	86
p.(F439C)	105
p.(F439Q)	72
p.(F439E)	76
p.(F439G)	52
p.(F439H)	64
p.(F439I)	105
p.(F439K)	86
p.(F439M)	55
p.(F439F)	0
p.(F439P)	62
p.(F439L)	374
p.(F439S)	87
p.(F439T)	65
p.(F439W)	84
p.(F439Y)	76
p.(F439V)	85
p.(C440A)	104
p.(C440R)	79
p.(C440N)	88
p.(C440D)	93
p.(C440C)	0
p.(C440Q)	98
p.(C440E)	60
p.(C440G)	103
p.(C440H)	70
p.(C440I)	77
p.(C440K)	102
p.(C440M)	77
p.(C440F)	111
p.(C440P)	92
p.(C440L)	94
p.(C440S)	99
p.(C440T)	71
p.(C440W)	102
p.(C440Y)	79
p.(C440V)	2628
p.(Q441A)	81
p.(Q441R)	59
p.(Q441N)	74
p.(Q441D)	312
p.(Q441C)	78
p.(Q441Q)	0
p.(Q441E)	86
p.(Q441G)	47
p.(Q441H)	344
p.(Q441I)	68
p.(Q441K)	456
p.(Q441M)	71
p.(Q441F)	80
p.(Q441P)	38
p.(Q441L)	54
p.(Q441S)	366
p.(Q441T)	89
p.(Q441W)	84
p.(Q441Y)	71
p.(Q441V)	89
p.(M442A)	89
p.(M442R)	55
p.(M442N)	129
p.(M442D)	350
p.(M442C)	70
p.(M442Q)	83
p.(M442E)	32
p.(M442G)	100
p.(M442H)	81
p.(M442I)	305
p.(M442K)	119
p.(M442M)	0
p.(M442F)	98
p.(M442P)	106
p.(M442L)	76
p.(M442S)	103
p.(M442T)	78
p.(M442W)	2585
p.(M442Y)	73
p.(M442V)	81
p.(V443A)	101
p.(V443R)	79
p.(V443N)	36
p.(V443D)	118
p.(V443C)	2618
p.(V443Q)	83
p.(V443E)	130
p.(V443G)	114
p.(V443H)	47
p.(V443I)	77
p.(V443K)	83
p.(V443M)	237
p.(V443F)	117
p.(V443P)	87
p.(V443L)	92
p.(V443S)	99
p.(V443T)	110
p.(V443W)	123
p.(V443Y)	84
p.(V443V)	0
p.(S444A)	107
p.(S444R)	96
p.(S444N)	102
p.(S444D)	53
p.(S444C)	102
p.(S444Q)	99
p.(S444E)	83
p.(S444G)	74
p.(S444H)	345
p.(S444I)	93
p.(S444K)	99
p.(S444M)	81
p.(S444F)	272
p.(S444P)	74
p.(S444L)	126
p.(S444S)	0
p.(S444T)	164
p.(S444W)	74
p.(S444Y)	221
p.(S444V)	81
p.(T445A)	273
p.(T445R)	68
p.(T445N)	72
p.(T445D)	108
p.(T445C)	99
p.(T445Q)	2626
p.(T445E)	71
p.(T445G)	82
p.(T445H)	387
p.(T445I)	115
p.(T445K)	176
p.(T445M)	130
p.(T445F)	92
p.(T445P)	76
p.(T445L)	118
p.(T445S)	364
p.(T445T)	0
p.(T445W)	67
p.(T445Y)	83
p.(T445V)	114
p.(V446A)	119
p.(V446R)	63
p.(V446N)	93
p.(V446D)	100
p.(V446C)	14
p.(V446Q)	95
p.(V446E)	86
p.(V446G)	79
p.(V446H)	68
p.(V446I)	70
p.(V446K)	65
p.(V446M)	239
p.(V446F)	85
p.(V446P)	111
p.(V446L)	88
p.(V446S)	95
p.(V446T)	121
p.(V446W)	2607
p.(V446Y)	94
p.(V446V)	0
p.(D447A)	78
p.(D447R)	100
p.(D447N)	171
p.(D447D)	0
p.(D447C)	104
p.(D447Q)	95
p.(D447E)	119
p.(D447G)	101
p.(D447H)	77
p.(D447I)	112
p.(D447K)	110
p.(D447M)	55
p.(D447F)	94
p.(D447P)	56
p.(D447L)	62
p.(D447S)	68
p.(D447T)	83
p.(D447W)	115
p.(D447Y)	310
p.(D447V)	99
p.(F448A)	115
p.(F448R)	58
p.(F448N)	131
p.(F448D)	92
p.(F448C)	107
p.(F448Q)	89
p.(F448E)	85
p.(F448G)	126
p.(F448H)	87
p.(F448I)	54
p.(F448K)	76
p.(F448M)	109
p.(F448F)	0
p.(F448P)	40
p.(F448L)	91
p.(F448S)	91
p.(F448T)	87
p.(F448W)	104
p.(F448Y)	100
p.(F448V)	49
p.(I449A)	43
p.(I449R)	51
p.(I449N)	87
p.(I449D)	74
p.(I449C)	91
p.(I449Q)	93
p.(I449E)	116
p.(I449G)	90
p.(I449H)	97
p.(I449I)	0
p.(I449K)	100
p.(I449M)	309
p.(I449F)	96
p.(I449P)	75
p.(I449L)	64
p.(I449S)	47
p.(I449T)	204
p.(I449W)	96
p.(I449Y)	2802
p.(I449V)	128
p.(P450A)	99
p.(P450R)	89
p.(P450N)	81
p.(P450D)	101
p.(P450C)	103
p.(P450Q)	228
p.(P450E)	83
p.(P450G)	141
p.(P450H)	98
p.(P450I)	65
p.(P450K)	100
p.(P450M)	79
p.(P450F)	91
p.(P450P)	0
p.(P450L)	88
p.(P450S)	101
p.(P450T)	111
p.(P450W)	51
p.(P450Y)	91
p.(P450V)	76
p.(P451A)	102
p.(P451R)	69
p.(P451N)	98
p.(P451D)	118
p.(P451C)	102
p.(P451Q)	94
p.(P451E)	57
p.(P451G)	73
p.(P451H)	209
p.(P451I)	53
p.(P451K)	111
p.(P451M)	104
p.(P451F)	86
p.(P451P)	0
p.(P451L)	2658
p.(P451S)	93
p.(P451T)	204
p.(P451W)	116
p.(P451Y)	89
p.(P451V)	77
p.(M452A)	88
p.(M452R)	83
p.(M452N)	80
p.(M452D)	72
p.(M452C)	94
p.(M452Q)	88
p.(M452E)	81
p.(M452G)	85
p.(M452H)	54
p.(M452I)	121
p.(M452K)	72
p.(M452M)	0
p.(M452F)	85
p.(M452P)	74
p.(M452L)	186
p.(M452S)	80
p.(M452T)	118
p.(M452W)	2610
p.(M452Y)	95
p.(M452V)	38
p.(A453A)	0
p.(A453R)	104
p.(A453N)	126
p.(A453D)	83
p.(A453C)	53
p.(A453Q)	100
p.(A453E)	71
p.(A453G)	413
p.(A453H)	75
p.(A453I)	102
p.(A453K)	79
p.(A453M)	96
p.(A453F)	111
p.(A453P)	83
p.(A453L)	123
p.(A453S)	2
p.(A453T)	86
p.(A453W)	122
p.(A453Y)	100
p.(A453V)	115
p.(S454A)	93
p.(S454R)	90
p.(S454N)	76
p.(S454D)	52
p.(S454C)	58
p.(S454Q)	108
p.(S454E)	85
p.(S454G)	95
p.(S454H)	99
p.(S454I)	84
p.(S454K)	69
p.(S454M)	100
p.(S454F)	267
p.(S454P)	105
p.(S454L)	98
p.(S454S)	0
p.(S454T)	88
p.(S454W)	67
p.(S454Y)	66
p.(S454V)	56
p.(L455A)	88
p.(L455R)	73
p.(L455N)	95
p.(L455D)	65
p.(L455C)	86
p.(L455Q)	58
p.(L455E)	84
p.(L455G)	315
p.(L455H)	58
p.(L455I)	69
p.(L455K)	76
p.(L455M)	917
p.(L455F)	92
p.(L455P)	60
p.(L455L)	0
p.(L455S)	91
p.(L455T)	91
p.(L455W)	2435
p.(L455Y)	43
p.(L455V)	76
p.(E456A)	120
p.(E456R)	94
p.(E456N)	61
p.(E456D)	127
p.(E456C)	95
p.(E456Q)	44
p.(E456E)	0
p.(E456G)	640
p.(E456H)	43
p.(E456I)	105
p.(E456K)	94
p.(E456M)	92
p.(E456F)	99
p.(E456P)	91
p.(E456L)	96
p.(E456S)	61
p.(E456T)	71
p.(E456W)	83
p.(E456Y)	103
p.(E456V)	88
p.(E457A)	99
p.(E457R)	122
p.(E457N)	159
p.(E457D)	113
p.(E457C)	103
p.(E457Q)	102
p.(E457E)	0
p.(E457G)	398
p.(E457H)	110
p.(E457I)	91
p.(E457K)	77
p.(E457M)	100
p.(E457F)	88
p.(E457P)	106
p.(E457L)	105
p.(E457S)	108
p.(E457T)	2
p.(E457W)	52
p.(E457Y)	105
p.(E457V)	87
p.(K458A)	95
p.(K458R)	77
p.(K458N)	752
p.(K458D)	93
p.(K458C)	100
p.(K458Q)	105
p.(K458E)	273
p.(K458G)	59
p.(K458H)	103
p.(K458I)	102
p.(K458K)	0
p.(K458M)	159
p.(K458F)	59
p.(K458P)	104
p.(K458L)	59
p.(K458S)	105
p.(K458T)	33
p.(K458W)	56
p.(K458Y)	46
p.(K458V)	63
p.(G459A)	82
p.(G459R)	135
p.(G459N)	1
p.(G459D)	6
p.(G459C)	96
p.(G459Q)	82
p.(G459E)	2923
p.(G459G)	0
p.(G459H)	3
p.(G459I)	69
p.(G459K)	111
p.(G459M)	56
p.(G459F)	76
p.(G459P)	95
p.(G459L)	44
p.(G459S)	0
p.(G459T)	100
p.(G459W)	110
p.(G459Y)	3
p.(G459V)	228
p.(V460A)	96
p.(V460R)	95
p.(V460N)	97
p.(V460D)	104
p.(V460C)	100
p.(V460Q)	88
p.(V460E)	86
p.(V460G)	103
p.(V460H)	106
p.(V460I)	225
p.(V460K)	108
p.(V460M)	89
p.(V460F)	232
p.(V460P)	84
p.(V460L)	89
p.(V460S)	72
p.(V460T)	80
p.(V460W)	95
p.(V460Y)	97
p.(V460V)	0
p.(S461A)	81
p.(S461R)	75
p.(S461N)	89
p.(S461D)	89
p.(S461C)	87
p.(S461Q)	117
p.(S461E)	86
p.(S461G)	78
p.(S461H)	2463
p.(S461I)	93
p.(S461K)	101
p.(S461M)	77
p.(S461F)	43
p.(S461P)	567
p.(S461L)	125
p.(S461S)	0
p.(S461T)	40
p.(S461W)	111
p.(S461Y)	66
p.(S461V)	97
p.(F462A)	76
p.(F462R)	65
p.(F462N)	61
p.(F462D)	91
p.(F462C)	96
p.(F462Q)	127
p.(F462E)	36
p.(F462G)	67
p.(F462H)	63
p.(F462I)	129
p.(F462K)	85
p.(F462M)	137
p.(F462F)	0
p.(F462P)	82
p.(F462L)	98
p.(F462S)	90
p.(F462T)	59
p.(F462W)	74
p.(F462Y)	101
p.(F462V)	92
p.(T463A)	86
p.(T463R)	115
p.(T463N)	73
p.(T463D)	98
p.(T463C)	100
p.(T463Q)	94
p.(T463E)	78
p.(T463G)	83
p.(T463H)	439
p.(T463I)	79
p.(T463K)	83
p.(T463M)	95
p.(T463F)	134
p.(T463P)	157
p.(T463L)	396
p.(T463S)	95
p.(T463T)	0
p.(T463W)	88
p.(T463Y)	133
p.(T463V)	7
p.(S464A)	89
p.(S464R)	56
p.(S464N)	119
p.(S464D)	89
p.(S464C)	65
p.(S464Q)	404
p.(S464E)	30
p.(S464G)	88
p.(S464H)	41
p.(S464I)	82
p.(S464K)	80
p.(S464M)	79
p.(S464F)	118
p.(S464P)	2366
p.(S464L)	60
p.(S464S)	0
p.(S464T)	96
p.(S464W)	95
p.(S464Y)	86
p.(S464V)	85
p.(K465A)	63
p.(K465R)	211
p.(K465N)	119
p.(K465D)	92
p.(K465C)	75
p.(K465Q)	91
p.(K465E)	214
p.(K465G)	87
p.(K465H)	91
p.(K465I)	95
p.(K465K)	0
p.(K465M)	143
p.(K465F)	129
p.(K465P)	96
p.(K465L)	122
p.(K465S)	97
p.(K465T)	112
p.(K465W)	120
p.(K465Y)	78
p.(K465V)	74
p.(F466A)	47
p.(F466R)	65
p.(F466N)	71
p.(F466D)	96
p.(F466C)	64
p.(F466Q)	59
p.(F466E)	75
p.(F466G)	44
p.(F466H)	98
p.(F466I)	90
p.(F466K)	94
p.(F466M)	84
p.(F466F)	0
p.(F466P)	76
p.(F466L)	139
p.(F466S)	74
p.(F466T)	100
p.(F466W)	78
p.(F466Y)	93
p.(F466V)	465
p.(V467A)	93
p.(V467R)	95
p.(V467N)	108
p.(V467D)	386
p.(V467C)	68
p.(V467Q)	89
p.(V467E)	66
p.(V467G)	109
p.(V467H)	73
p.(V467I)	86
p.(V467K)	64
p.(V467M)	169
p.(V467F)	111
p.(V467P)	81
p.(V467L)	210
p.(V467S)	60
p.(V467T)	85
p.(V467W)	77
p.(V467Y)	122
p.(V467V)	0
p.(I468A)	75
p.(I468R)	70
p.(I468N)	104
p.(I468D)	427
p.(I468C)	348
p.(I468Q)	94
p.(I468E)	52
p.(I468G)	65
p.(I468H)	69
p.(I468I)	0
p.(I468K)	59
p.(I468M)	92
p.(I468F)	194
p.(I468P)	89
p.(I468L)	117
p.(I468S)	68
p.(I468T)	32
p.(I468W)	72
p.(I468Y)	93
p.(I468V)	80
p.(A469A)	0
p.(A469R)	105
p.(A469N)	102
p.(A469D)	156
p.(A469C)	76
p.(A469Q)	111
p.(A469E)	115
p.(A469G)	109
p.(A469H)	73
p.(A469I)	109
p.(A469K)	101
p.(A469M)	81
p.(A469F)	74
p.(A469P)	81
p.(A469L)	50
p.(A469S)	65
p.(A469T)	66
p.(A469W)	98
p.(A469Y)	87
p.(A469V)	74
p.(S470A)	58
p.(S470R)	115
p.(S470N)	101
p.(S470D)	59
p.(S470C)	76
p.(S470Q)	121
p.(S470E)	86
p.(S470G)	97
p.(S470H)	385
p.(S470I)	101
p.(S470K)	73
p.(S470M)	86
p.(S470F)	350
p.(S470P)	91
p.(S470L)	382
p.(S470S)	0
p.(S470T)	53
p.(S470W)	100
p.(S470Y)	483
p.(S470V)	112
p.(T471A)	72
p.(T471R)	59
p.(T471N)	81
p.(T471D)	52
p.(T471C)	75
p.(T471Q)	58
p.(T471E)	78
p.(T471G)	69
p.(T471H)	403
p.(T471I)	75
p.(T471K)	89
p.(T471M)	109
p.(T471F)	105
p.(T471P)	85
p.(T471L)	86
p.(T471S)	73
p.(T471T)	0
p.(T471W)	78
p.(T471Y)	39
p.(T471V)	84
p.(N472A)	105
p.(N472R)	106
p.(N472N)	0
p.(N472D)	90
p.(N472C)	89
p.(N472Q)	101
p.(N472E)	87
p.(N472G)	49
p.(N472H)	94
p.(N472I)	73
p.(N472K)	150
p.(N472M)	97
p.(N472F)	70
p.(N472P)	91
p.(N472L)	100
p.(N472S)	88
p.(N472T)	38
p.(N472W)	54
p.(N472Y)	138
p.(N472V)	81
p.(A473A)	0
p.(A473R)	90
p.(A473N)	116
p.(A473D)	81
p.(A473C)	80
p.(A473Q)	102
p.(A473E)	104
p.(A473G)	63
p.(A473H)	113
p.(A473I)	103
p.(A473K)	106
p.(A473M)	67
p.(A473F)	87
p.(A473P)	89
p.(A473L)	97
p.(A473S)	281
p.(A473T)	68
p.(A473W)	107
p.(A473Y)	94
p.(A473V)	113
p.(S474A)	71
p.(S474R)	73
p.(S474N)	75
p.(S474D)	96
p.(S474C)	88
p.(S474Q)	83
p.(S474E)	88
p.(S474G)	222
p.(S474H)	95
p.(S474I)	140
p.(S474K)	87
p.(S474M)	98
p.(S474F)	92
p.(S474P)	86
p.(S474L)	72
p.(S474S)	0
p.(S474T)	94
p.(S474W)	76
p.(S474Y)	91
p.(S474V)	56
p.(N475A)	42
p.(N475R)	98
p.(N475N)	0
p.(N475D)	281
p.(N475C)	87
p.(N475Q)	48
p.(N475E)	68
p.(N475G)	116
p.(N475H)	85
p.(N475I)	98
p.(N475K)	202
p.(N475M)	112
p.(N475F)	81
p.(N475P)	72
p.(N475L)	65
p.(N475S)	231
p.(N475T)	67
p.(N475W)	88
p.(N475Y)	110
p.(N475V)	84
p.(I476A)	69
p.(I476R)	71
p.(I476N)	40
p.(I476D)	97
p.(I476C)	104
p.(I476Q)	99
p.(I476E)	88
p.(I476G)	94
p.(I476H)	104
p.(I476I)	0
p.(I476K)	69
p.(I476M)	101
p.(I476F)	95
p.(I476P)	67
p.(I476L)	85
p.(I476S)	94
p.(I476T)	106
p.(I476W)	118
p.(I476Y)	111
p.(I476V)	82
p.(I477A)	92
p.(I477R)	114
p.(I477N)	78
p.(I477D)	33
p.(I477C)	96
p.(I477Q)	46
p.(I477E)	46
p.(I477G)	63
p.(I477H)	101
p.(I477I)	0
p.(I477K)	152
p.(I477M)	332
p.(I477F)	58
p.(I477P)	73
p.(I477L)	79
p.(I477S)	72
p.(I477T)	81
p.(I477W)	78
p.(I477Y)	81
p.(I477V)	106
p.(V478A)	64
p.(V478R)	30
p.(V478N)	116
p.(V478D)	73
p.(V478C)	79
p.(V478Q)	103
p.(V478E)	96
p.(V478G)	117
p.(V478H)	118
p.(V478I)	62
p.(V478K)	82
p.(V478M)	197
p.(V478F)	90
p.(V478P)	60
p.(V478L)	203
p.(V478S)	72
p.(V478T)	69
p.(V478W)	26
p.(V478Y)	90
p.(V478V)	0
p.(P479A)	106
p.(P479R)	102
p.(P479N)	131
p.(P479D)	64
p.(P479C)	59
p.(P479Q)	590
p.(P479E)	55
p.(P479G)	72
p.(P479H)	90
p.(P479I)	96
p.(P479K)	94
p.(P479M)	93
p.(P479F)	113
p.(P479P)	0
p.(P479L)	69
p.(P479S)	126
p.(P479T)	172
p.(P479W)	105
p.(P479Y)	110
p.(P479V)	53
p.(T480A)	3
p.(T480R)	80
p.(T480N)	65
p.(T480D)	60
p.(T480C)	2
p.(T480Q)	376
p.(T480E)	64
p.(T480G)	92
p.(T480H)	38
p.(T480I)	3
p.(T480K)	193
p.(T480M)	71
p.(T480F)	5
p.(T480P)	3
p.(T480L)	129
p.(T480S)	95
p.(T480T)	0
p.(T480W)	115
p.(T480Y)	50
p.(T480V)	79
p.(V481A)	93
p.(V481R)	71
p.(V481N)	88
p.(V481D)	94
p.(V481C)	69
p.(V481Q)	90
p.(V481E)	89
p.(V481G)	96
p.(V481H)	88
p.(V481I)	82
p.(V481K)	77
p.(V481M)	82
p.(V481F)	78
p.(V481P)	93
p.(V481L)	78
p.(V481S)	96
p.(V481T)	89
p.(V481W)	32
p.(V481Y)	90
p.(V481V)	0
p.(S482A)	97
p.(S482R)	70
p.(S482N)	69
p.(S482D)	69
p.(S482C)	98
p.(S482Q)	57
p.(S482E)	92
p.(S482G)	85
p.(S482H)	97
p.(S482I)	105
p.(S482K)	73
p.(S482M)	65
p.(S482F)	88
p.(S482P)	290
p.(S482L)	103
p.(S482S)	0
p.(S482T)	97
p.(S482W)	120
p.(S482Y)	46
p.(S482V)	106
p.(D483A)	96
p.(D483R)	47
p.(D483N)	96
p.(D483D)	0
p.(D483C)	78
p.(D483Q)	96
p.(D483E)	78
p.(D483G)	195
p.(D483H)	75
p.(D483I)	74
p.(D483K)	76
p.(D483M)	74
p.(D483F)	97
p.(D483P)	80
p.(D483L)	153
p.(D483S)	49
p.(D483T)	125
p.(D483W)	68
p.(D483Y)	383
p.(D483V)	129
p.(S484A)	90
p.(S484R)	88
p.(S484N)	57
p.(S484D)	83
p.(S484C)	81
p.(S484Q)	672
p.(S484E)	76
p.(S484G)	75
p.(S484H)	86
p.(S484I)	81
p.(S484K)	69
p.(S484M)	62
p.(S484F)	206
p.(S484P)	67
p.(S484L)	56
p.(S484S)	0
p.(S484T)	75
p.(S484W)	101
p.(S484Y)	80
p.(S484V)	70
p.(D485A)	113
p.(D485R)	63
p.(D485N)	96
p.(D485D)	0
p.(D485C)	79
p.(D485Q)	55
p.(D485E)	100
p.(D485G)	177
p.(D485H)	65
p.(D485I)	114
p.(D485K)	81
p.(D485M)	681
p.(D485F)	75
p.(D485P)	70
p.(D485L)	89
p.(D485S)	63
p.(D485T)	99
p.(D485W)	54
p.(D485Y)	270
p.(D485V)	147
p.(A486A)	0
p.(A486R)	96
p.(A486N)	50
p.(A486D)	191
p.(A486C)	211
p.(A486Q)	85
p.(A486E)	41
p.(A486G)	65
p.(A486H)	96
p.(A486I)	109
p.(A486K)	71
p.(A486M)	103
p.(A486F)	69
p.(A486P)	78
p.(A486L)	97
p.(A486S)	81
p.(A486T)	489
p.(A486W)	69
p.(A486Y)	76
p.(A486V)	86
p.(I487A)	101
p.(I487R)	67
p.(I487N)	112
p.(I487D)	69
p.(I487C)	93
p.(I487Q)	90
p.(I487E)	100
p.(I487G)	81
p.(I487H)	229
p.(I487I)	0
p.(I487K)	58
p.(I487M)	94
p.(I487F)	779
p.(I487P)	97
p.(I487L)	57
p.(I487S)	87
p.(I487T)	256
p.(I487W)	82
p.(I487Y)	98
p.(I487V)	59
p.(R488A)	49
p.(R488R)	0
p.(R488N)	45
p.(R488D)	82
p.(R488C)	726
p.(R488Q)	66
p.(R488E)	103
p.(R488G)	59
p.(R488H)	71
p.(R488I)	84
p.(R488K)	69
p.(R488M)	60
p.(R488F)	83
p.(R488P)	85
p.(R488L)	97
p.(R488S)	64
p.(R488T)	45
p.(R488W)	85
p.(R488Y)	83
p.(R488V)	814
p.(R489A)	47
p.(R489R)	0
p.(R489N)	77
p.(R489D)	70
p.(R489C)	282
p.(R489Q)	88
p.(R489E)	75
p.(R489G)	100
p.(R489H)	493
p.(R489I)	128
p.(R489K)	69
p.(R489M)	83
p.(R489F)	86
p.(R489P)	79
p.(R489L)	93
p.(R489S)	90
p.(R489T)	102
p.(R489W)	91
p.(R489Y)	84
p.(R489V)	66
p.(R490A)	52
p.(R490R)	0
p.(R490N)	103
p.(R490D)	102
p.(R490C)	106
p.(R490Q)	351
p.(R490E)	55
p.(R490G)	832
p.(R490H)	87
p.(R490I)	93
p.(R490K)	75
p.(R490M)	73
p.(R490F)	118
p.(R490P)	67
p.(R490L)	80
p.(R490S)	88
p.(R490T)	122
p.(R490W)	462
p.(R490Y)	58
p.(R490V)	92
p.(F491A)	91
p.(F491R)	55
p.(F491N)	106
p.(F491D)	81
p.(F491C)	90
p.(F491Q)	67
p.(F491E)	76
p.(F491G)	83
p.(F491H)	93
p.(F491I)	86
p.(F491K)	92
p.(F491M)	62
p.(F491F)	0
p.(F491P)	68
p.(F491L)	97
p.(F491S)	84
p.(F491T)	101
p.(F491W)	93
p.(F491Y)	97
p.(F491V)	56
p.(F492A)	80
p.(F492R)	77
p.(F492N)	59
p.(F492D)	88
p.(F492C)	75
p.(F492Q)	87
p.(F492E)	64
p.(F492G)	81
p.(F492H)	60
p.(F492I)	114
p.(F492K)	90
p.(F492M)	60
p.(F492F)	0
p.(F492P)	92
p.(F492L)	1003
p.(F492S)	323
p.(F492T)	78
p.(F492W)	83
p.(F492Y)	80
p.(F492V)	84
p.(M493A)	71
p.(M493R)	62
p.(M493N)	66
p.(M493D)	64
p.(M493C)	59
p.(M493Q)	74
p.(M493E)	38
p.(M493G)	82
p.(M493H)	79
p.(M493I)	462
p.(M493K)	78
p.(M493M)	0
p.(M493F)	66
p.(M493P)	68
p.(M493L)	66
p.(M493S)	63
p.(M493T)	79
p.(M493W)	929
p.(M493Y)	87
p.(M493V)	261
p.(D494A)	56
p.(D494R)	58
p.(D494N)	70
p.(D494D)	0
p.(D494C)	66
p.(D494Q)	38
p.(D494E)	137
p.(D494G)	292
p.(D494H)	95
p.(D494I)	64
p.(D494K)	80
p.(D494M)	41
p.(D494F)	87
p.(D494P)	89
p.(D494L)	60
p.(D494S)	61
p.(D494T)	94
p.(D494W)	92
p.(D494Y)	86
p.(D494V)	155
p.(C495A)	85
p.(C495R)	70
p.(C495N)	52
p.(C495D)	84
p.(C495C)	0
p.(C495Q)	91
p.(C495E)	92
p.(C495G)	90
p.(C495H)	52
p.(C495I)	68
p.(C495K)	98
p.(C495M)	64
p.(C495F)	50
p.(C495P)	63
p.(C495L)	80
p.(C495S)	92
p.(C495T)	73
p.(C495W)	123
p.(C495Y)	73
p.(C495V)	75
p.(D496A)	80
p.(D496R)	95
p.(D496N)	746
p.(D496D)	0
p.(D496C)	83
p.(D496Q)	78
p.(D496E)	112
p.(D496G)	97
p.(D496H)	61
p.(D496I)	999
p.(D496K)	37
p.(D496M)	68
p.(D496F)	83
p.(D496P)	88
p.(D496L)	59
p.(D496S)	64
p.(D496T)	127
p.(D496W)	90
p.(D496Y)	66
p.(D496V)	104
p.(I497A)	86
p.(I497R)	64
p.(I497N)	88
p.(I497D)	82
p.(I497C)	85
p.(I497Q)	77
p.(I497E)	77
p.(I497G)	67
p.(I497H)	24
p.(I497I)	0
p.(I497K)	75
p.(I497M)	145
p.(I497F)	54
p.(I497P)	85
p.(I497L)	67
p.(I497S)	87
p.(I497T)	178
p.(I497W)	76
p.(I497Y)	46
p.(I497V)	79
p.(E498A)	135
p.(E498R)	113
p.(E498N)	92
p.(E498D)	279
p.(E498C)	106
p.(E498Q)	100
p.(E498E)	0
p.(E498G)	364
p.(E498H)	109
p.(E498I)	92
p.(E498K)	679
p.(E498M)	102
p.(E498F)	42
p.(E498P)	76
p.(E498L)	58
p.(E498S)	84
p.(E498T)	63
p.(E498W)	96
p.(E498Y)	46
p.(E498V)	81
p.(V499A)	64
p.(V499R)	91
p.(V499N)	73
p.(V499D)	63
p.(V499C)	80
p.(V499Q)	83
p.(V499E)	103
p.(V499G)	85
p.(V499H)	96
p.(V499I)	85
p.(V499K)	99
p.(V499M)	158
p.(V499F)	105
p.(V499P)	58
p.(V499L)	99
p.(V499S)	73
p.(V499T)	75
p.(V499W)	97
p.(V499Y)	39
p.(V499V)	0
p.(T500A)	80
p.(T500R)	118
p.(T500N)	45
p.(T500D)	115
p.(T500C)	85
p.(T500Q)	92
p.(T500E)	95
p.(T500G)	96
p.(T500H)	55
p.(T500I)	50
p.(T500K)	83
p.(T500M)	99
p.(T500F)	121
p.(T500P)	78
p.(T500L)	71
p.(T500S)	92
p.(T500T)	0
p.(T500W)	82
p.(T500Y)	76
p.(T500V)	95
p.(D501A)	85
p.(D501R)	105
p.(D501N)	96
p.(D501D)	0
p.(D501C)	72
p.(D501Q)	90
p.(D501E)	92
p.(D501G)	185
p.(D501H)	72
p.(D501I)	67
p.(D501K)	80
p.(D501M)	55
p.(D501F)	77
p.(D501P)	92
p.(D501L)	69
p.(D501S)	101
p.(D501T)	54
p.(D501W)	76
p.(D501Y)	300
p.(D501V)	101
p.(S502A)	93
p.(S502R)	97
p.(S502N)	42
p.(S502D)	84
p.(S502C)	101
p.(S502Q)	174
p.(S502E)	74
p.(S502G)	98
p.(S502H)	165
p.(S502I)	59
p.(S502K)	76
p.(S502M)	70
p.(S502F)	100
p.(S502P)	109
p.(S502L)	132
p.(S502S)	0
p.(S502T)	83
p.(S502W)	113
p.(S502Y)	100
p.(S502V)	110
p.(Y503A)	111
p.(Y503R)	62
p.(Y503N)	53
p.(Y503D)	131
p.(Y503C)	72
p.(Y503Q)	104
p.(Y503E)	86
p.(Y503G)	74
p.(Y503H)	365
p.(Y503I)	192
p.(Y503K)	80
p.(Y503M)	37
p.(Y503F)	83
p.(Y503P)	60
p.(Y503L)	54
p.(Y503S)	66
p.(Y503T)	87
p.(Y503W)	66
p.(Y503Y)	0
p.(Y503V)	45
p.(K504A)	68
p.(K504R)	91
p.(K504N)	330
p.(K504D)	92
p.(K504C)	82
p.(K504Q)	80
p.(K504E)	70
p.(K504G)	102
p.(K504H)	111
p.(K504I)	95
p.(K504K)	0
p.(K504M)	101
p.(K504F)	48
p.(K504P)	102
p.(K504L)	32
p.(K504S)	84
p.(K504T)	86
p.(K504W)	43
p.(K504Y)	78
p.(K504V)	45
p.(T505A)	85
p.(T505R)	76
p.(T505N)	119
p.(T505D)	76
p.(T505C)	75
p.(T505Q)	92
p.(T505E)	63
p.(T505G)	58
p.(T505H)	74
p.(T505I)	78
p.(T505K)	89
p.(T505M)	84
p.(T505F)	97
p.(T505P)	80
p.(T505L)	86
p.(T505S)	63
p.(T505T)	0
p.(T505W)	80
p.(T505Y)	61
p.(T505V)	79
p.(E506A)	69
p.(E506R)	75
p.(E506N)	114
p.(E506D)	125
p.(E506C)	89
p.(E506Q)	88
p.(E506E)	0
p.(E506G)	61
p.(E506H)	98
p.(E506I)	98
p.(E506K)	120
p.(E506M)	101
p.(E506F)	112
p.(E506P)	135
p.(E506L)	73
p.(E506S)	43
p.(E506T)	97
p.(E506W)	85
p.(E506Y)	93
p.(E506V)	127
p.(L507A)	82
p.(L507R)	42
p.(L507N)	91
p.(L507D)	55
p.(L507C)	64
p.(L507Q)	79
p.(L507E)	35
p.(L507G)	83
p.(L507H)	100
p.(L507I)	76
p.(L507K)	60
p.(L507M)	149
p.(L507F)	83
p.(L507P)	231
p.(L507L)	0
p.(L507S)	57
p.(L507T)	91
p.(L507W)	424
p.(L507Y)	91
p.(L507V)	111
p.(G508A)	105
p.(G508R)	73
p.(G508N)	99
p.(G508D)	75
p.(G508C)	99
p.(G508Q)	97
p.(G508E)	78
p.(G508G)	0
p.(G508H)	128
p.(G508I)	88
p.(G508K)	51
p.(G508M)	97
p.(G508F)	48
p.(G508P)	72
p.(G508L)	70
p.(G508S)	91
p.(G508T)	80
p.(G508W)	65
p.(G508Y)	99
p.(G508V)	253
p.(R509A)	69
p.(R509R)	0
p.(R509N)	73
p.(R509D)	561
p.(R509C)	77
p.(R509Q)	152
p.(R509E)	85
p.(R509G)	90
p.(R509H)	83
p.(R509I)	293
p.(R509K)	74
p.(R509M)	77
p.(R509F)	81
p.(R509P)	110
p.(R509L)	103
p.(R509S)	96
p.(R509T)	149
p.(R509W)	54
p.(R509Y)	75
p.(R509V)	76
p.(L510A)	98
p.(L510R)	27
p.(L510N)	88
p.(L510D)	55
p.(L510C)	67
p.(L510Q)	88
p.(L510E)	107
p.(L510G)	42
p.(L510H)	84
p.(L510I)	97
p.(L510K)	75
p.(L510M)	121
p.(L510F)	226
p.(L510P)	64
p.(L510L)	0
p.(L510S)	92
p.(L510T)	77
p.(L510W)	67
p.(L510Y)	117
p.(L510V)	139
p.(D511A)	109
p.(D511R)	82
p.(D511N)	279
p.(D511D)	0
p.(D511C)	95
p.(D511Q)	107
p.(D511E)	126
p.(D511G)	65
p.(D511H)	94
p.(D511I)	71
p.(D511K)	106
p.(D511M)	617
p.(D511F)	101
p.(D511P)	66
p.(D511L)	60
p.(D511S)	91
p.(D511T)	96
p.(D511W)	95
p.(D511Y)	351
p.(D511V)	109
p.(A512A)	0
p.(A512R)	83
p.(A512N)	104
p.(A512D)	106
p.(A512C)	102
p.(A512Q)	109
p.(A512E)	185
p.(A512G)	150
p.(A512H)	96
p.(A512I)	103
p.(A512K)	110
p.(A512M)	100
p.(A512F)	113
p.(A512P)	65
p.(A512L)	103
p.(A512S)	106
p.(A512T)	64
p.(A512W)	98
p.(A512Y)	118
p.(A512V)	583
p.(G513A)	111
p.(G513R)	64
p.(G513N)	127
p.(G513D)	82
p.(G513C)	100
p.(G513Q)	130
p.(G513E)	468
p.(G513G)	0
p.(G513H)	96
p.(G513I)	92
p.(G513K)	134
p.(G513M)	77
p.(G513F)	101
p.(G513P)	45
p.(G513L)	107
p.(G513S)	82
p.(G513T)	95
p.(G513W)	325
p.(G513Y)	89
p.(G513V)	307
p.(R514A)	86
p.(R514R)	0
p.(R514N)	109
p.(R514D)	68
p.(R514C)	122
p.(R514Q)	77
p.(R514E)	801
p.(R514G)	77
p.(R514H)	112
p.(R514I)	71
p.(R514K)	181
p.(R514M)	63
p.(R514F)	93
p.(R514P)	117
p.(R514L)	101
p.(R514S)	190
p.(R514T)	124
p.(R514W)	93
p.(R514Y)	105
p.(R514V)	101
p.(A515A)	0
p.(A515R)	84
p.(A515N)	103
p.(A515D)	6
p.(A515C)	69
p.(A515Q)	66
p.(A515E)	108
p.(A515G)	53
p.(A515H)	70
p.(A515I)	79
p.(A515K)	68
p.(A515M)	97
p.(A515F)	98
p.(A515P)	102
p.(A515L)	104
p.(A515S)	77
p.(A515T)	89
p.(A515W)	39
p.(A515Y)	84
p.(A515V)	683
p.(A516A)	0
p.(A516R)	91
p.(A516N)	63
p.(A516D)	185
p.(A516C)	92
p.(A516Q)	130
p.(A516E)	73
p.(A516G)	59
p.(A516H)	85
p.(A516I)	73
p.(A516K)	88
p.(A516M)	65
p.(A516F)	45
p.(A516P)	102
p.(A516L)	90
p.(A516S)	75
p.(A516T)	289
p.(A516W)	80
p.(A516Y)	87
p.(A516V)	72
p.(R517A)	108
p.(R517R)	0
p.(R517N)	64
p.(R517D)	58
p.(R517C)	115
p.(R517Q)	117
p.(R517E)	111
p.(R517G)	259
p.(R517H)	84
p.(R517I)	83
p.(R517K)	90
p.(R517M)	400
p.(R517F)	83
p.(R517P)	187
p.(R517L)	153
p.(R517S)	133
p.(R517T)	119
p.(R517W)	147
p.(R517Y)	95
p.(R517V)	122
p.(L518A)	88
p.(L518R)	77
p.(L518N)	86
p.(L518D)	104
p.(L518C)	48
p.(L518Q)	124
p.(L518E)	44
p.(L518G)	87
p.(L518H)	75
p.(L518I)	85
p.(L518K)	104
p.(L518M)	160
p.(L518F)	117
p.(L518P)	330
p.(L518L)	0
p.(L518S)	91
p.(L518T)	101
p.(L518W)	115
p.(L518Y)	118
p.(L518V)	153
p.(C519A)	61
p.(C519R)	141
p.(C519N)	57
p.(C519D)	108
p.(C519C)	0
p.(C519Q)	110
p.(C519E)	72
p.(C519G)	85
p.(C519H)	112
p.(C519I)	90
p.(C519K)	83
p.(C519M)	60
p.(C519F)	255
p.(C519P)	75
p.(C519L)	105
p.(C519S)	96
p.(C519T)	136
p.(C519W)	123
p.(C519Y)	87
p.(C519V)	141
p.(S520A)	88
p.(S520R)	94
p.(S520N)	124
p.(S520D)	64
p.(S520C)	119
p.(S520Q)	53
p.(S520E)	53
p.(S520G)	73
p.(S520H)	48
p.(S520I)	50
p.(S520K)	65
p.(S520M)	100
p.(S520F)	73
p.(S520P)	71
p.(S520L)	980
p.(S520S)	0
p.(S520T)	47
p.(S520W)	100
p.(S520Y)	105
p.(S520V)	56
p.(E521A)	91
p.(E521R)	55
p.(E521N)	107
p.(E521D)	77
p.(E521C)	125
p.(E521Q)	130
p.(E521E)	0
p.(E521G)	362
p.(E521H)	116
p.(E521I)	72
p.(E521K)	453
p.(E521M)	124
p.(E521F)	77
p.(E521P)	60
p.(E521L)	66
p.(E521S)	80
p.(E521T)	36
p.(E521W)	101
p.(E521Y)	95
p.(E521V)	140
p.(N522A)	70
p.(N522R)	84
p.(N522N)	0
p.(N522D)	278
p.(N522C)	68
p.(N522Q)	117
p.(N522E)	97
p.(N522G)	107
p.(N522H)	140
p.(N522I)	67
p.(N522K)	112
p.(N522M)	112
p.(N522F)	88
p.(N522P)	96
p.(N522L)	75
p.(N522S)	113
p.(N522T)	1074
p.(N522W)	109
p.(N522Y)	80
p.(N522V)	90
p.(N523A)	72
p.(N523R)	95
p.(N523N)	0
p.(N523D)	294
p.(N523C)	136
p.(N523Q)	130
p.(N523E)	97
p.(N523G)	130
p.(N523H)	69
p.(N523I)	126
p.(N523K)	192
p.(N523M)	115
p.(N523F)	102
p.(N523P)	103
p.(N523L)	87
p.(N523S)	82
p.(N523T)	153
p.(N523W)	87
p.(N523Y)	119
p.(N523V)	66
p.(T524A)	45
p.(T524R)	79
p.(T524N)	67
p.(T524D)	87
p.(T524C)	80
p.(T524Q)	58
p.(T524E)	88
p.(T524G)	100
p.(T524H)	78
p.(T524I)	133
p.(T524K)	87
p.(T524M)	93
p.(T524F)	104
p.(T524P)	77
p.(T524L)	91
p.(T524S)	54
p.(T524T)	0
p.(T524W)	82
p.(T524Y)	91
p.(T524V)	78
p.(A525A)	0
p.(A525R)	77
p.(A525N)	48
p.(A525D)	86
p.(A525C)	95
p.(A525Q)	1165
p.(A525E)	203
p.(A525G)	112
p.(A525H)	61
p.(A525I)	92
p.(A525K)	100
p.(A525M)	80
p.(A525F)	81
p.(A525P)	90
p.(A525L)	78
p.(A525S)	94
p.(A525T)	74
p.(A525W)	128
p.(A525Y)	63
p.(A525V)	498
p.(N526A)	87
p.(N526R)	70
p.(N526N)	0
p.(N526D)	66
p.(N526C)	117
p.(N526Q)	84
p.(N526E)	85
p.(N526G)	79
p.(N526H)	125
p.(N526I)	98
p.(N526K)	52
p.(N526M)	83
p.(N526F)	74
p.(N526P)	64
p.(N526L)	88
p.(N526S)	76
p.(N526T)	1196
p.(N526W)	82
p.(N526Y)	97
p.(N526V)	41
p.(F527A)	91
p.(F527R)	110
p.(F527N)	82
p.(F527D)	77
p.(F527C)	101
p.(F527Q)	86
p.(F527E)	75
p.(F527G)	77
p.(F527H)	68
p.(F527I)	121
p.(F527K)	71
p.(F527M)	83
p.(F527F)	0
p.(F527P)	64
p.(F527L)	76
p.(F527S)	68
p.(F527T)	80
p.(F527W)	102
p.(F527Y)	115
p.(F527V)	66
p.(K528A)	102
p.(K528R)	101
p.(K528N)	1365
p.(K528D)	103
p.(K528C)	94
p.(K528Q)	89
p.(K528E)	254
p.(K528G)	100
p.(K528H)	82
p.(K528I)	80
p.(K528K)	0
p.(K528M)	112
p.(K528F)	80
p.(K528P)	81
p.(K528L)	78
p.(K528S)	43
p.(K528T)	96
p.(K528W)	80
p.(K528Y)	65
p.(K528V)	124
p.(R529A)	54
p.(R529R)	0
p.(R529N)	95
p.(R529D)	99
p.(R529C)	90
p.(R529Q)	86
p.(R529E)	60
p.(R529G)	84
p.(R529H)	70
p.(R529I)	114
p.(R529K)	116
p.(R529M)	116
p.(R529F)	96
p.(R529P)	154
p.(R529L)	361
p.(R529S)	117
p.(R529T)	111
p.(R529W)	513
p.(R529Y)	120
p.(R529V)	88
p.(C530A)	71
p.(C530R)	48
p.(C530N)	106
p.(C530D)	71
p.(C530C)	0
p.(C530Q)	130
p.(C530E)	76
p.(C530G)	50
p.(C530H)	107
p.(C530I)	72
p.(C530K)	81
p.(C530M)	64
p.(C530F)	203
p.(C530P)	88
p.(C530L)	84
p.(C530S)	90
p.(C530T)	116
p.(C530W)	95
p.(C530Y)	466
p.(C530V)	106
p.(S531A)	63
p.(S531R)	111
p.(S531N)	241
p.(S531D)	30
p.(S531C)	199
p.(S531Q)	79
p.(S531E)	93
p.(S531G)	71
p.(S531H)	82
p.(S531I)	187
p.(S531K)	61
p.(S531M)	82
p.(S531F)	65
p.(S531P)	83
p.(S531L)	84
p.(S531S)	0
p.(S531T)	99
p.(S531W)	114
p.(S531Y)	91
p.(S531V)	85
p.(P532A)	66
p.(P532R)	79
p.(P532N)	74
p.(P532D)	74
p.(P532C)	98
p.(P532Q)	253
p.(P532E)	106
p.(P532G)	90
p.(P532H)	1553
p.(P532I)	95
p.(P532K)	89
p.(P532M)	93
p.(P532F)	93
p.(P532P)	0
p.(P532L)	73
p.(P532S)	98
p.(P532T)	248
p.(P532W)	78
p.(P532Y)	86
p.(P532V)	98
p.(L533A)	94
p.(L533R)	78
p.(L533N)	129
p.(L533D)	92
p.(L533C)	116
p.(L533Q)	91
p.(L533E)	103
p.(L533G)	89
p.(L533H)	101
p.(L533I)	110
p.(L533K)	92
p.(L533M)	94
p.(L533F)	104
p.(L533P)	82
p.(L533L)	0
p.(L533S)	97
p.(L533T)	72
p.(L533W)	115
p.(L533Y)	77
p.(L533V)	96
p.(V534A)	103
p.(V534R)	68
p.(V534N)	105
p.(V534D)	130
p.(V534C)	97
p.(V534Q)	112
p.(V534E)	109
p.(V534G)	50
p.(V534H)	107
p.(V534I)	115
p.(V534K)	85
p.(V534M)	116
p.(V534F)	261
p.(V534P)	108
p.(V534L)	115
p.(V534S)	77
p.(V534T)	58
p.(V534W)	98
p.(V534Y)	103
p.(V534V)	0
p.(C535A)	67
p.(C535R)	51
p.(C535N)	93
p.(C535D)	88
p.(C535C)	0
p.(C535Q)	91
p.(C535E)	116
p.(C535G)	67
p.(C535H)	59
p.(C535I)	103
p.(C535K)	85
p.(C535M)	54
p.(C535F)	329
p.(C535P)	52
p.(C535L)	80
p.(C535S)	70
p.(C535T)	81
p.(C535W)	259
p.(C535Y)	86
p.(C535V)	209
p.(G536A)	76
p.(G536R)	108
p.(G536N)	89
p.(G536D)	105
p.(G536C)	51
p.(G536Q)	55
p.(G536E)	310
p.(G536G)	0
p.(G536H)	91
p.(G536I)	104
p.(G536K)	79
p.(G536M)	116
p.(G536F)	99
p.(G536P)	102
p.(G536L)	116
p.(G536S)	121
p.(G536T)	73
p.(G536W)	637
p.(G536Y)	74
p.(G536V)	93
p.(K537A)	18
p.(K537R)	204
p.(K537N)	67
p.(K537D)	5
p.(K537C)	65
p.(K537Q)	71
p.(K537E)	398
p.(K537G)	28
p.(K537H)	82
p.(K537I)	46
p.(K537K)	0
p.(K537M)	76
p.(K537F)	63
p.(K537P)	28
p.(K537L)	31
p.(K537S)	38
p.(K537T)	48
p.(K537W)	39
p.(K537Y)	77
p.(K537V)	62
p.(A538A)	0
p.(A538R)	48
p.(A538N)	195
p.(A538D)	59
p.(A538C)	23
p.(A538Q)	17
p.(A538E)	155
p.(A538G)	46
p.(A538H)	50
p.(A538I)	46
p.(A538K)	76
p.(A538M)	39
p.(A538F)	33
p.(A538P)	16
p.(A538L)	38
p.(A538S)	249
p.(A538T)	46
p.(A538W)	35
p.(A538Y)	51
p.(A538V)	66
p.(I539A)	149
p.(I539R)	3
p.(I539N)	699
p.(I539D)	5
p.(I539C)	275
p.(I539Q)	316
p.(I539E)	122
p.(I539G)	3
p.(I539H)	31
p.(I539I)	0
p.(I539K)	435
p.(I539M)	358
p.(I539F)	77
p.(I539P)	28
p.(I539L)	395
p.(I539S)	852
p.(I539T)	356
p.(I539W)	169
p.(I539Y)	19
p.(I539V)	111
p.(Q540A)	544
p.(Q540R)	320
p.(Q540N)	270
p.(Q540D)	347
p.(Q540C)	592
p.(Q540Q)	0
p.(Q540E)	420
p.(Q540G)	429
p.(Q540H)	355
p.(Q540I)	435
p.(Q540K)	675
p.(Q540M)	310
p.(Q540F)	424
p.(Q540P)	227
p.(Q540L)	349
p.(Q540S)	343
p.(Q540T)	215
p.(Q540W)	362
p.(Q540Y)	218
p.(Q540V)	359
p.(L541A)	724
p.(L541R)	390
p.(L541N)	475
p.(L541D)	440
p.(L541C)	419
p.(L541Q)	423
p.(L541E)	417
p.(L541G)	397
p.(L541H)	440
p.(L541I)	376
p.(L541K)	368
p.(L541M)	176
p.(L541F)	499
p.(L541P)	499
p.(L541L)	0
p.(L541S)	477
p.(L541T)	307
p.(L541W)	248
p.(L541Y)	290
p.(L541V)	427
p.(R542A)	401
p.(R542R)	0
p.(R542N)	67
p.(R542D)	327
p.(R542C)	374
p.(R542Q)	332
p.(R542E)	358
p.(R542G)	296
p.(R542H)	379
p.(R542I)	86
p.(R542K)	240
p.(R542M)	371
p.(R542F)	303
p.(R542P)	363
p.(R542L)	467
p.(R542S)	151
p.(R542T)	58
p.(R542W)	367
p.(R542Y)	274
p.(R542V)	321
p.(D543A)	53
p.(D543R)	24
p.(D543N)	210
p.(D543D)	0
p.(D543C)	25
p.(D543Q)	42
p.(D543E)	62
p.(D543G)	209
p.(D543H)	51
p.(D543I)	62
p.(D543K)	80
p.(D543M)	48
p.(D543F)	83
p.(D543P)	33
p.(D543L)	27
p.(D543S)	61
p.(D543T)	19
p.(D543W)	10
p.(D543Y)	22
p.(D543V)	43
p.(R544A)	74
p.(R544R)	0
p.(R544N)	82
p.(R544D)	87
p.(R544C)	148
p.(R544Q)	87
p.(R544E)	57
p.(R544G)	2012
p.(R544H)	184
p.(R544I)	97
p.(R544K)	280
p.(R544M)	292
p.(R544F)	221
p.(R544P)	136
p.(R544L)	148
p.(R544S)	113
p.(R544T)	88
p.(R544W)	137
p.(R544Y)	178
p.(R544V)	111
p.(K545A)	34
p.(K545R)	70
p.(K545N)	43
p.(K545D)	76
p.(K545C)	43
p.(K545Q)	55
p.(K545E)	75
p.(K545G)	75
p.(K545H)	80
p.(K545I)	79
p.(K545K)	0
p.(K545M)	93
p.(K545F)	74
p.(K545P)	65
p.(K545L)	69
p.(K545S)	1934
p.(K545T)	91
p.(K545W)	66
p.(K545Y)	50
p.(K545V)	61
p.(S546A)	46
p.(S546R)	55
p.(S546N)	59
p.(S546D)	58
p.(S546C)	70
p.(S546Q)	97
p.(S546E)	55
p.(S546G)	39
p.(S546H)	47
p.(S546I)	47
p.(S546K)	62
p.(S546M)	63
p.(S546F)	66
p.(S546P)	43
p.(S546L)	19
p.(S546S)	0
p.(S546T)	34
p.(S546W)	85
p.(S546Y)	44
p.(S546V)	82
p.(K547A)	67
p.(K547R)	2318
p.(K547N)	51
p.(K547D)	44
p.(K547C)	55
p.(K547Q)	53
p.(K547E)	312
p.(K547G)	63
p.(K547H)	37
p.(K547I)	30
p.(K547K)	0
p.(K547M)	157
p.(K547F)	55
p.(K547P)	35
p.(K547L)	43
p.(K547S)	33
p.(K547T)	111
p.(K547W)	88
p.(K547Y)	49
p.(K547V)	57
p.(V548A)	66
p.(V548R)	57
p.(V548N)	45
p.(V548D)	40
p.(V548C)	44
p.(V548Q)	15
p.(V548E)	70
p.(V548G)	81
p.(V548H)	52
p.(V548I)	66
p.(V548K)	55
p.(V548M)	128
p.(V548F)	66
p.(V548P)	39
p.(V548L)	76
p.(V548S)	43
p.(V548T)	58
p.(V548W)	71
p.(V548Y)	55
p.(V548V)	0
p.(R549A)	38
p.(R549R)	0
p.(R549N)	69
p.(R549D)	51
p.(R549C)	49
p.(R549Q)	40
p.(R549E)	69
p.(R549G)	66
p.(R549H)	55
p.(R549I)	48
p.(R549K)	85
p.(R549M)	42
p.(R549F)	84
p.(R549P)	71
p.(R549L)	66
p.(R549S)	71
p.(R549T)	57
p.(R549W)	52
p.(R549Y)	51
p.(R549V)	37
p.(Y550A)	44
p.(Y550R)	2
p.(Y550N)	81
p.(Y550D)	63
p.(Y550C)	263
p.(Y550Q)	130
p.(Y550E)	19
p.(Y550G)	49
p.(Y550H)	33
p.(Y550I)	66
p.(Y550K)	77
p.(Y550M)	65
p.(Y550F)	136
p.(Y550P)	67
p.(Y550L)	72
p.(Y550S)	42
p.(Y550T)	106
p.(Y550W)	55
p.(Y550Y)	0
p.(Y550V)	65
p.(S551A)	45
p.(S551R)	53
p.(S551N)	92
p.(S551D)	29
p.(S551C)	53
p.(S551Q)	80
p.(S551E)	59
p.(S551G)	382
p.(S551H)	55
p.(S551I)	72
p.(S551K)	75
p.(S551M)	53
p.(S551F)	62
p.(S551P)	49
p.(S551L)	69
p.(S551S)	0
p.(S551T)	29
p.(S551W)	63
p.(S551Y)	53
p.(S551V)	124
p.(V552A)	51
p.(V552R)	39
p.(V552N)	48
p.(V552D)	52
p.(V552C)	96
p.(V552Q)	65
p.(V552E)	41
p.(V552G)	69
p.(V552H)	59
p.(V552I)	58
p.(V552K)	37
p.(V552M)	227
p.(V552F)	50
p.(V552P)	64
p.(V552L)	42
p.(V552S)	43
p.(V552T)	59
p.(V552W)	146
p.(V552Y)	33
p.(V552V)	0
p.(D553A)	70
p.(D553R)	64
p.(D553N)	34
p.(D553D)	0
p.(D553C)	71
p.(D553Q)	50
p.(D553E)	156
p.(D553G)	139
p.(D553H)	335
p.(D553I)	58
p.(D553K)	81
p.(D553M)	68
p.(D553F)	58
p.(D553P)	75
p.(D553L)	39
p.(D553S)	37
p.(D553T)	19
p.(D553W)	22
p.(D553Y)	53
p.(D553V)	59
p.(T554A)	64
p.(T554R)	92
p.(T554N)	71
p.(T554D)	61
p.(T554C)	53
p.(T554Q)	55
p.(T554E)	61
p.(T554G)	66
p.(T554H)	59
p.(T554I)	76
p.(T554K)	104
p.(T554M)	390
p.(T554F)	35
p.(T554P)	62
p.(T554L)	67
p.(T554S)	60
p.(T554T)	0
p.(T554W)	54
p.(T554Y)	27
p.(T554V)	58
p.(V555A)	30
p.(V555R)	66
p.(V555N)	47
p.(V555D)	39
p.(V555C)	39
p.(V555Q)	91
p.(V555E)	51
p.(V555G)	41
p.(V555H)	56
p.(V555I)	55
p.(V555K)	57
p.(V555M)	91
p.(V555F)	41
p.(V555P)	58
p.(V555L)	27
p.(V555S)	213
p.(V555T)	27
p.(V555W)	51
p.(V555Y)	43
p.(V555V)	0
p.(V556A)	57
p.(V556R)	53
p.(V556N)	39
p.(V556D)	51
p.(V556C)	37
p.(V556Q)	45
p.(V556E)	43
p.(V556G)	56
p.(V556H)	41
p.(V556I)	70
p.(V556K)	89
p.(V556M)	184
p.(V556F)	30
p.(V556P)	66
p.(V556L)	30
p.(V556S)	59
p.(V556T)	75
p.(V556W)	74
p.(V556Y)	51
p.(V556V)	0
p.(S557A)	85
p.(S557R)	53
p.(S557N)	50
p.(S557D)	48
p.(S557C)	56
p.(S557Q)	74
p.(S557E)	60
p.(S557G)	52
p.(S557H)	53
p.(S557I)	130
p.(S557K)	61
p.(S557M)	82
p.(S557F)	100
p.(S557P)	40
p.(S557L)	68
p.(S557S)	0
p.(S557T)	62
p.(S557W)	66
p.(S557Y)	37
p.(S557V)	43
p.(E558A)	93
p.(E558R)	76
p.(E558N)	47
p.(E558D)	70
p.(E558C)	99
p.(E558Q)	43
p.(E558E)	0
p.(E558G)	286
p.(E558H)	65
p.(E558I)	53
p.(E558K)	830
p.(E558M)	51
p.(E558F)	56
p.(E558P)	70
p.(E558L)	60
p.(E558S)	52
p.(E558T)	64
p.(E558W)	60
p.(E558Y)	39
p.(E558V)	64
p.(L559A)	65
p.(L559R)	59
p.(L559N)	55
p.(L559D)	78
p.(L559C)	43
p.(L559Q)	45
p.(L559E)	59
p.(L559G)	55
p.(L559H)	83
p.(L559I)	69
p.(L559K)	68
p.(L559M)	41
p.(L559F)	202
p.(L559P)	69
p.(L559L)	0
p.(L559S)	63
p.(L559T)	78
p.(L559W)	65
p.(L559Y)	90
p.(L559V)	53
p.(I560A)	41
p.(I560R)	55
p.(I560N)	48
p.(I560D)	53
p.(I560C)	45
p.(I560Q)	86
p.(I560E)	35
p.(I560G)	52
p.(I560H)	17
p.(I560I)	0
p.(I560K)	54
p.(I560M)	63
p.(I560F)	60
p.(I560P)	57
p.(I560L)	52
p.(I560S)	56
p.(I560T)	209
p.(I560W)	52
p.(I560Y)	59
p.(I560V)	50
p.(R561A)	91
p.(R561R)	0
p.(R561N)	53
p.(R561D)	59
p.(R561C)	74
p.(R561Q)	95
p.(R561E)	50
p.(R561G)	71
p.(R561H)	53
p.(R561I)	45
p.(R561K)	84
p.(R561M)	429
p.(R561F)	48
p.(R561P)	45
p.(R561L)	63
p.(R561S)	51
p.(R561T)	43
p.(R561W)	127
p.(R561Y)	36
p.(R561V)	42
p.(E562A)	95
p.(E562R)	54
p.(E562N)	51
p.(E562D)	173
p.(E562C)	77
p.(E562Q)	63
p.(E562E)	0
p.(E562G)	65
p.(E562H)	49
p.(E562I)	56
p.(E562K)	231
p.(E562M)	61
p.(E562F)	86
p.(E562P)	35
p.(E562L)	78
p.(E562S)	80
p.(E562T)	92
p.(E562W)	73
p.(E562Y)	84
p.(E562V)	56
p.(Y563A)	52
p.(Y563R)	59
p.(Y563N)	108
p.(Y563D)	69
p.(Y563C)	42
p.(Y563Q)	57
p.(Y563E)	65
p.(Y563G)	59
p.(Y563H)	222
p.(Y563I)	47
p.(Y563K)	59
p.(Y563M)	44
p.(Y563F)	129
p.(Y563P)	63
p.(Y563L)	55
p.(Y563S)	53
p.(Y563T)	2
p.(Y563W)	46
p.(Y563Y)	0
p.(Y563V)	48
p.(N564A)	62
p.(N564R)	83
p.(N564N)	0
p.(N564D)	73
p.(N564C)	74
p.(N564Q)	43
p.(N564E)	81
p.(N564G)	64
p.(N564H)	62
p.(N564I)	42
p.(N564K)	77
p.(N564M)	58
p.(N564F)	48
p.(N564P)	68
p.(N564L)	56
p.(N564S)	61
p.(N564T)	96
p.(N564W)	50
p.(N564Y)	70
p.(N564V)	46
p.(N565A)	79
p.(N565R)	53
p.(N565N)	0
p.(N565D)	59
p.(N565C)	33
p.(N565Q)	53
p.(N565E)	64
p.(N565G)	64
p.(N565H)	53
p.(N565I)	46
p.(N565K)	168
p.(N565M)	41
p.(N565F)	78
p.(N565P)	51
p.(N565L)	71
p.(N565S)	200
p.(N565T)	421
p.(N565W)	75
p.(N565Y)	61
p.(N565V)	32
p.(R566A)	65
p.(R566R)	0
p.(R566N)	75
p.(R566D)	428
p.(R566C)	52
p.(R566Q)	82
p.(R566E)	47
p.(R566G)	69
p.(R566H)	98
p.(R566I)	44
p.(R566K)	53
p.(R566M)	67
p.(R566F)	63
p.(R566P)	53
p.(R566L)	68
p.(R566S)	80
p.(R566T)	60
p.(R566W)	66
p.(R566Y)	58
p.(R566V)	55
p.(S567A)	50
p.(S567R)	55
p.(S567N)	71
p.(S567D)	2
p.(S567C)	46
p.(S567Q)	453
p.(S567E)	34
p.(S567G)	50
p.(S567H)	42
p.(S567I)	55
p.(S567K)	72
p.(S567M)	59
p.(S567F)	77
p.(S567P)	52
p.(S567L)	62
p.(S567S)	0
p.(S567T)	85
p.(S567W)	59
p.(S567Y)	60
p.(S567V)	47
p.(V568A)	47
p.(V568R)	71
p.(V568N)	67
p.(V568D)	37
p.(V568C)	42
p.(V568Q)	50
p.(V568E)	61
p.(V568G)	37
p.(V568H)	80
p.(V568I)	154
p.(V568K)	72
p.(V568M)	107
p.(V568F)	171
p.(V568P)	74
p.(V568L)	35
p.(V568S)	57
p.(V568T)	81
p.(V568W)	57
p.(V568Y)	85
p.(V568V)	0
p.(I569A)	60
p.(I569R)	37
p.(I569N)	37
p.(I569D)	63
p.(I569C)	47
p.(I569Q)	49
p.(I569E)	62
p.(I569G)	29
p.(I569H)	86
p.(I569I)	0
p.(I569K)	52
p.(I569M)	80
p.(I569F)	47
p.(I569P)	37
p.(I569L)	63
p.(I569S)	46
p.(I569T)	59
p.(I569W)	122
p.(I569Y)	43
p.(I569V)	50
p.(G570A)	51
p.(G570R)	59
p.(G570N)	55
p.(G570D)	55
p.(G570C)	64
p.(G570Q)	76
p.(G570E)	354
p.(G570G)	0
p.(G570H)	66
p.(G570I)	38
p.(G570K)	55
p.(G570M)	83
p.(G570F)	63
p.(G570P)	75
p.(G570L)	76
p.(G570S)	78
p.(G570T)	59
p.(G570W)	369
p.(G570Y)	46
p.(G570V)	310
p.(N571A)	48
p.(N571R)	68
p.(N571N)	0
p.(N571D)	68
p.(N571C)	28
p.(N571Q)	52
p.(N571E)	35
p.(N571G)	42
p.(N571H)	137
p.(N571I)	48
p.(N571K)	87
p.(N571M)	72
p.(N571F)	54
p.(N571P)	60
p.(N571L)	33
p.(N571S)	207
p.(N571T)	65
p.(N571W)	67
p.(N571Y)	57
p.(N571V)	40
p.(T572A)	223
p.(T572R)	42
p.(T572N)	60
p.(T572D)	53
p.(T572C)	40
p.(T572Q)	40
p.(T572E)	63
p.(T572G)	55
p.(T572H)	87
p.(T572I)	194
p.(T572K)	64
p.(T572M)	67
p.(T572F)	88
p.(T572P)	71
p.(T572L)	75
p.(T572S)	54
p.(T572T)	0
p.(T572W)	41
p.(T572Y)	47
p.(T572V)	65
p.(I573A)	38
p.(I573R)	35
p.(I573N)	59
p.(I573D)	54
p.(I573C)	65
p.(I573Q)	29
p.(I573E)	60
p.(I573G)	40
p.(I573H)	62
p.(I573I)	0
p.(I573K)	52
p.(I573M)	84
p.(I573F)	103
p.(I573P)	31
p.(I573L)	45
p.(I573S)	95
p.(I573T)	216
p.(I573W)	44
p.(I573Y)	45
p.(I573V)	49
p.(E574A)	75
p.(E574R)	89
p.(E574N)	73
p.(E574D)	70
p.(E574C)	40
p.(E574Q)	81
p.(E574E)	0
p.(E574G)	49
p.(E574H)	55
p.(E574I)	60
p.(E574K)	441
p.(E574M)	45
p.(E574F)	84
p.(E574P)	82
p.(E574L)	70
p.(E574S)	52
p.(E574T)	49
p.(E574W)	55
p.(E574Y)	99
p.(E574V)	76
p.(A575A)	0
p.(A575R)	40
p.(A575N)	68
p.(A575D)	128
p.(A575C)	45
p.(A575Q)	55
p.(A575E)	68
p.(A575G)	28
p.(A575H)	67
p.(A575I)	82
p.(A575K)	70
p.(A575M)	54
p.(A575F)	64
p.(A575P)	78
p.(A575L)	69
p.(A575S)	63
p.(A575T)	55
p.(A575W)	47
p.(A575Y)	48
p.(A575V)	63
p.(L576A)	37
p.(L576R)	86
p.(L576N)	72
p.(L576D)	64
p.(L576C)	50
p.(L576Q)	50
p.(L576E)	78
p.(L576G)	69
p.(L576H)	54
p.(L576I)	41
p.(L576K)	39
p.(L576M)	68
p.(L576F)	1002
p.(L576P)	34
p.(L576L)	0
p.(L576S)	51
p.(L576T)	57
p.(L576W)	76
p.(L576Y)	47
p.(L576V)	61
p.(F577A)	27
p.(F577R)	32
p.(F577N)	59
p.(F577D)	73
p.(F577C)	43
p.(F577Q)	40
p.(F577E)	44
p.(F577G)	40
p.(F577H)	40
p.(F577I)	32
p.(F577K)	25
p.(F577M)	30
p.(F577F)	0
p.(F577P)	41
p.(F577L)	57
p.(F577S)	38
p.(F577T)	38
p.(F577W)	31
p.(F577Y)	65
p.(F577V)	95
p.(Q578A)	54
p.(Q578R)	75
p.(Q578N)	65
p.(Q578D)	64
p.(Q578C)	33
p.(Q578Q)	0
p.(Q578E)	29
p.(Q578G)	38
p.(Q578H)	159
p.(Q578I)	63
p.(Q578K)	269
p.(Q578M)	47
p.(Q578F)	55
p.(Q578P)	40
p.(Q578L)	105
p.(Q578S)	55
p.(Q578T)	53
p.(Q578W)	54
p.(Q578Y)	55
p.(Q578V)	68
p.(G579A)	70
p.(G579R)	59
p.(G579N)	75
p.(G579D)	84
p.(G579C)	56
p.(G579Q)	71
p.(G579E)	59
p.(G579G)	0
p.(G579H)	54
p.(G579I)	76
p.(G579K)	62
p.(G579M)	57
p.(G579F)	78
p.(G579P)	36
p.(G579L)	63
p.(G579S)	54
p.(G579T)	41
p.(G579W)	53
p.(G579Y)	103
p.(G579V)	206
p.(P580A)	43
p.(P580R)	62
p.(P580N)	80
p.(P580D)	87
p.(P580C)	32
p.(P580Q)	54
p.(P580E)	74
p.(P580G)	51
p.(P580H)	89
p.(P580I)	52
p.(P580K)	55
p.(P580M)	89
p.(P580F)	75
p.(P580P)	0
p.(P580L)	85
p.(P580S)	339
p.(P580T)	187
p.(P580W)	55
p.(P580Y)	59
p.(P580V)	56
p.(P581A)	65
p.(P581R)	31
p.(P581N)	67
p.(P581D)	80
p.(P581C)	61
p.(P581Q)	73
p.(P581E)	47
p.(P581G)	46
p.(P581H)	66
p.(P581I)	105
p.(P581K)	56
p.(P581M)	69
p.(P581F)	79
p.(P581P)	0
p.(P581L)	74
p.(P581S)	73
p.(P581T)	56
p.(P581W)	55
p.(P581Y)	66
p.(P581V)	84
p.(K582A)	59
p.(K582R)	53
p.(K582N)	1984
p.(K582D)	64
p.(K582C)	60
p.(K582Q)	45
p.(K582E)	58
p.(K582G)	42
p.(K582H)	39
p.(K582I)	64
p.(K582K)	0
p.(K582M)	52
p.(K582F)	60
p.(K582P)	44
p.(K582L)	61
p.(K582S)	51
p.(K582T)	34
p.(K582W)	41
p.(K582Y)	44
p.(K582V)	53
p.(F583A)	43
p.(F583R)	43
p.(F583N)	57
p.(F583D)	52
p.(F583C)	57
p.(F583Q)	65
p.(F583E)	60
p.(F583G)	50
p.(F583H)	54
p.(F583I)	47
p.(F583K)	70
p.(F583M)	42
p.(F583F)	0
p.(F583P)	62
p.(F583L)	52
p.(F583S)	54
p.(F583T)	52
p.(F583W)	54
p.(F583Y)	55
p.(F583V)	49
p.(R584A)	78
p.(R584R)	0
p.(R584N)	79
p.(R584D)	2035
p.(R584C)	32
p.(R584Q)	70
p.(R584E)	69
p.(R584G)	270
p.(R584H)	50
p.(R584I)	88
p.(R584K)	82
p.(R584M)	76
p.(R584F)	72
p.(R584P)	17
p.(R584L)	49
p.(R584S)	112
p.(R584T)	83
p.(R584W)	48
p.(R584Y)	67
p.(R584V)	54
p.(P585A)	96
p.(P585R)	55
p.(P585N)	67
p.(P585D)	62
p.(P585C)	107
p.(P585Q)	52
p.(P585E)	46
p.(P585G)	77
p.(P585H)	57
p.(P585I)	55
p.(P585K)	70
p.(P585M)	77
p.(P585F)	56
p.(P585P)	0
p.(P585L)	78
p.(P585S)	38
p.(P585T)	84
p.(P585W)	52
p.(P585Y)	37
p.(P585V)	57
p.(I586A)	35
p.(I586R)	55
p.(I586N)	78
p.(I586D)	44
p.(I586C)	71
p.(I586Q)	49
p.(I586E)	37
p.(I586G)	36
p.(I586H)	56
p.(I586I)	0
p.(I586K)	119
p.(I586M)	287
p.(I586F)	83
p.(I586P)	31
p.(I586L)	51
p.(I586S)	88
p.(I586T)	38
p.(I586W)	55
p.(I586Y)	44
p.(I586V)	57
p.(R587A)	67
p.(R587R)	0
p.(R587N)	40
p.(R587D)	80
p.(R587C)	28
p.(R587Q)	43
p.(R587E)	35
p.(R587G)	256
p.(R587H)	24
p.(R587I)	30
p.(R587K)	211
p.(R587M)	209
p.(R587F)	31
p.(R587P)	37
p.(R587L)	39
p.(R587S)	247
p.(R587T)	60
p.(R587W)	150
p.(R587Y)	41
p.(R587V)	42
p.(I588A)	72
p.(I588R)	42
p.(I588N)	64
p.(I588D)	52
p.(I588C)	51
p.(I588Q)	48
p.(I588E)	51
p.(I588G)	46
p.(I588H)	35
p.(I588I)	0
p.(I588K)	58
p.(I588M)	49
p.(I588F)	41
p.(I588P)	23
p.(I588L)	487
p.(I588S)	48
p.(I588T)	128
p.(I588W)	58
p.(I588Y)	66
p.(I588V)	63
p.(S589A)	649
p.(S589R)	84
p.(S589N)	168
p.(S589D)	78
p.(S589C)	53
p.(S589Q)	55
p.(S589E)	67
p.(S589G)	88
p.(S589H)	44
p.(S589I)	328
p.(S589K)	56
p.(S589M)	62
p.(S589F)	99
p.(S589P)	53
p.(S589L)	51
p.(S589S)	0
p.(S589T)	78
p.(S589W)	75
p.(S589Y)	87
p.(S589V)	76
p.(L590A)	64
p.(L590R)	52
p.(L590N)	57
p.(L590D)	78
p.(L590C)	83
p.(L590Q)	69
p.(L590E)	26
p.(L590G)	96
p.(L590H)	65
p.(L590I)	82
p.(L590K)	56
p.(L590M)	101
p.(L590F)	107
p.(L590P)	52
p.(L590L)	0
p.(L590S)	91
p.(L590T)	93
p.(L590W)	31
p.(L590Y)	74
p.(L590V)	97
p.(E591A)	112
p.(E591R)	93
p.(E591N)	101
p.(E591D)	136
p.(E591C)	96
p.(E591Q)	46
p.(E591E)	0
p.(E591G)	132
p.(E591H)	92
p.(E591I)	86
p.(E591K)	327
p.(E591M)	97
p.(E591F)	117
p.(E591P)	71
p.(E591L)	89
p.(E591S)	113
p.(E591T)	76
p.(E591W)	120
p.(E591Y)	91
p.(E591V)	77
p.(E592A)	123
p.(E592R)	77
p.(E592N)	73
p.(E592D)	106
p.(E592C)	112
p.(E592Q)	126
p.(E592E)	0
p.(E592G)	153
p.(E592H)	131
p.(E592I)	100
p.(E592K)	90
p.(E592M)	104
p.(E592F)	126
p.(E592P)	100
p.(E592L)	108
p.(E592S)	119
p.(E592T)	114
p.(E592W)	96
p.(E592Y)	88
p.(E592V)	153
p.(K593A)	87
p.(K593R)	86
p.(K593N)	210
p.(K593D)	65
p.(K593C)	108
p.(K593Q)	95
p.(K593E)	126
p.(K593G)	79
p.(K593H)	100
p.(K593I)	94
p.(K593K)	0
p.(K593M)	75
p.(K593F)	95
p.(K593P)	110
p.(K593L)	101
p.(K593S)	71
p.(K593T)	18
p.(K593W)	76
p.(K593Y)	120
p.(K593V)	76
p.(P594A)	100
p.(P594R)	53
p.(P594N)	58
p.(P594D)	85
p.(P594C)	61
p.(P594Q)	74
p.(P594E)	76
p.(P594G)	81
p.(P594H)	91
p.(P594I)	91
p.(P594K)	103
p.(P594M)	72
p.(P594F)	59
p.(P594P)	0
p.(P594L)	294
p.(P594S)	71
p.(P594T)	80
p.(P594W)	68
p.(P594Y)	104
p.(P594V)	86
p.(A595A)	0
p.(A595R)	85
p.(A595N)	82
p.(A595D)	107
p.(A595C)	107
p.(A595Q)	74
p.(A595E)	143
p.(A595G)	67
p.(A595H)	40
p.(A595I)	62
p.(A595K)	86
p.(A595M)	46
p.(A595F)	56
p.(A595P)	27
p.(A595L)	102
p.(A595S)	260
p.(A595T)	120
p.(A595W)	127
p.(A595Y)	79
p.(A595V)	123
p.(P596A)	99
p.(P596R)	48
p.(P596N)	67
p.(P596D)	51
p.(P596C)	64
p.(P596Q)	88
p.(P596E)	101
p.(P596G)	46
p.(P596H)	214
p.(P596I)	102
p.(P596K)	91
p.(P596M)	86
p.(P596F)	98
p.(P596P)	0
p.(P596L)	113
p.(P596S)	83
p.(P596T)	183
p.(P596W)	73
p.(P596Y)	107
p.(P596V)	62
p.(D597A)	66
p.(D597R)	63
p.(D597N)	407
p.(D597D)	0
p.(D597C)	51
p.(D597Q)	68
p.(D597E)	104
p.(D597G)	81
p.(D597H)	101
p.(D597I)	71
p.(D597K)	94
p.(D597M)	320
p.(D597F)	112
p.(D597P)	81
p.(D597L)	88
p.(D597S)	102
p.(D597T)	77
p.(D597W)	113
p.(D597Y)	307
p.(D597V)	112
p.(A598A)	0
p.(A598R)	98
p.(A598N)	73
p.(A598D)	95
p.(A598C)	75
p.(A598Q)	108
p.(A598E)	57
p.(A598G)	100
p.(A598H)	68
p.(A598I)	54
p.(A598K)	55
p.(A598M)	110
p.(A598F)	81
p.(A598P)	77
p.(A598L)	90
p.(A598S)	73
p.(A598T)	71
p.(A598W)	85
p.(A598Y)	90
p.(A598V)	51
p.(I599A)	44
p.(I599R)	95
p.(I599N)	180
p.(I599D)	62
p.(I599C)	91
p.(I599Q)	71
p.(I599E)	97
p.(I599G)	88
p.(I599H)	59
p.(I599I)	0
p.(I599K)	94
p.(I599M)	110
p.(I599F)	128
p.(I599P)	85
p.(I599L)	128
p.(I599S)	117
p.(I599T)	43
p.(I599W)	45
p.(I599Y)	78
p.(I599V)	76
p.(S600A)	107
p.(S600R)	70
p.(S600N)	171
p.(S600D)	45
p.(S600C)	70
p.(S600Q)	78
p.(S600E)	54
p.(S600G)	238
p.(S600H)	73
p.(S600I)	87
p.(S600K)	154
p.(S600M)	51
p.(S600F)	102
p.(S600P)	81
p.(S600L)	68
p.(S600S)	0
p.(S600T)	142
p.(S600W)	55
p.(S600Y)	96
p.(S600V)	51
p.(D601A)	73
p.(D601R)	68
p.(D601N)	78
p.(D601D)	0
p.(D601C)	86
p.(D601Q)	92
p.(D601E)	139
p.(D601G)	91
p.(D601H)	84
p.(D601I)	96
p.(D601K)	77
p.(D601M)	70
p.(D601F)	75
p.(D601P)	92
p.(D601L)	69
p.(D601S)	117
p.(D601T)	57
p.(D601W)	85
p.(D601Y)	377
p.(D601V)	101
p.(L602A)	88
p.(L602R)	68
p.(L602N)	73
p.(L602D)	57
p.(L602C)	90
p.(L602Q)	83
p.(L602E)	80
p.(L602G)	98
p.(L602H)	85
p.(L602I)	112
p.(L602K)	84
p.(L602M)	48
p.(L602F)	112
p.(L602P)	79
p.(L602L)	0
p.(L602S)	87
p.(L602T)	96
p.(L602W)	73
p.(L602Y)	560
p.(L602V)	80
p.(L603A)	91
p.(L603R)	88
p.(L603N)	84
p.(L603D)	100
p.(L603C)	67
p.(L603Q)	56
p.(L603E)	89
p.(L603G)	72
p.(L603H)	73
p.(L603I)	118
p.(L603K)	63
p.(L603M)	86
p.(L603F)	139
p.(L603P)	76
p.(L603L)	0
p.(L603S)	81
p.(L603T)	75
p.(L603W)	74
p.(L603Y)	62
p.(L603V)	93
p.(A604A)	0
p.(A604R)	57
p.(A604N)	57
p.(A604D)	161
p.(A604C)	42
p.(A604Q)	72
p.(A604E)	71
p.(A604G)	55
p.(A604H)	68
p.(A604I)	116
p.(A604K)	65
p.(A604M)	63
p.(A604F)	81
p.(A604P)	49
p.(A604L)	101
p.(A604S)	90
p.(A604T)	102
p.(A604W)	74
p.(A604Y)	72
p.(A604V)	243
p.(S605A)	80
p.(S605R)	113
p.(S605N)	102
p.(S605D)	98
p.(S605C)	197
p.(S605Q)	91
p.(S605E)	67
p.(S605G)	98
p.(S605H)	64
p.(S605I)	187
p.(S605K)	95
p.(S605M)	103
p.(S605F)	127
p.(S605P)	77
p.(S605L)	124
p.(S605S)	0
p.(S605T)	70
p.(S605W)	70
p.(S605Y)	93
p.(S605V)	62
p.(V606A)	188
p.(V606R)	45
p.(V606N)	33
p.(V606D)	133
p.(V606C)	65
p.(V606Q)	56
p.(V606E)	69
p.(V606G)	81
p.(V606H)	89
p.(V606I)	61
p.(V606K)	57
p.(V606M)	82
p.(V606F)	107
p.(V606P)	92
p.(V606L)	81
p.(V606S)	51
p.(V606T)	72
p.(V606W)	43
p.(V606Y)	75
p.(V606V)	0
p.(D607A)	119
p.(D607R)	84
p.(D607N)	120
p.(D607D)	0
p.(D607C)	56
p.(D607Q)	82
p.(D607E)	97
p.(D607G)	108
p.(D607H)	83
p.(D607I)	91
p.(D607K)	104
p.(D607M)	59
p.(D607F)	99
p.(D607P)	43
p.(D607L)	65
p.(D607S)	82
p.(D607T)	73
p.(D607W)	76
p.(D607Y)	82
p.(D607V)	83
p.(S608A)	67
p.(S608R)	158
p.(S608N)	230
p.(S608D)	126
p.(S608C)	84
p.(S608Q)	41
p.(S608E)	49
p.(S608G)	97
p.(S608H)	96
p.(S608I)	94
p.(S608K)	111
p.(S608M)	96
p.(S608F)	58
p.(S608P)	94
p.(S608L)	77
p.(S608S)	0
p.(S608T)	95
p.(S608W)	58
p.(S608Y)	106
p.(S608V)	44
p.(E609A)	138
p.(E609R)	62
p.(E609N)	84
p.(E609D)	164
p.(E609C)	121
p.(E609Q)	122
p.(E609E)	0
p.(E609G)	212
p.(E609H)	129
p.(E609I)	153
p.(E609K)	1031
p.(E609M)	96
p.(E609F)	134
p.(E609P)	44
p.(E609L)	94
p.(E609S)	40
p.(E609T)	77
p.(E609W)	66
p.(E609Y)	76
p.(E609V)	102
p.(E610A)	108
p.(E610R)	81
p.(E610N)	53
p.(E610D)	258
p.(E610C)	122
p.(E610Q)	67
p.(E610E)	0
p.(E610G)	83
p.(E610H)	97
p.(E610I)	103
p.(E610K)	455
p.(E610M)	95
p.(E610F)	104
p.(E610P)	107
p.(E610L)	82
p.(E610S)	106
p.(E610T)	88
p.(E610W)	125
p.(E610Y)	93
p.(E610V)	89
p.(V611A)	75
p.(V611R)	50
p.(V611N)	64
p.(V611D)	106
p.(V611C)	73
p.(V611Q)	94
p.(V611E)	69
p.(V611G)	86
p.(V611H)	100
p.(V611I)	71
p.(V611K)	61
p.(V611M)	37
p.(V611F)	348
p.(V611P)	50
p.(V611L)	64
p.(V611S)	32
p.(V611T)	38
p.(V611W)	71
p.(V611Y)	64
p.(V611V)	0
p.(R612A)	339
p.(R612R)	0
p.(R612N)	64
p.(R612D)	84
p.(R612C)	525
p.(R612Q)	109
p.(R612E)	86
p.(R612G)	54
p.(R612H)	567
p.(R612I)	99
p.(R612K)	62
p.(R612M)	69
p.(R612F)	73
p.(R612P)	68
p.(R612L)	234
p.(R612S)	164
p.(R612T)	71
p.(R612W)	106
p.(R612Y)	111
p.(R612V)	78
p.(Q613A)	74
p.(Q613R)	70
p.(Q613N)	90
p.(Q613D)	80
p.(Q613C)	111
p.(Q613Q)	0
p.(Q613E)	109
p.(Q613G)	72
p.(Q613H)	114
p.(Q613I)	115
p.(Q613K)	70
p.(Q613M)	74
p.(Q613F)	98
p.(Q613P)	67
p.(Q613L)	75
p.(Q613S)	29
p.(Q613T)	71
p.(Q613W)	82
p.(Q613Y)	102
p.(Q613V)	110
p.(Y614A)	47
p.(Y614R)	73
p.(Y614N)	114
p.(Y614D)	74
p.(Y614C)	160
p.(Y614Q)	99
p.(Y614E)	26
p.(Y614G)	62
p.(Y614H)	96
p.(Y614I)	58
p.(Y614K)	57
p.(Y614M)	74
p.(Y614F)	172
p.(Y614P)	74
p.(Y614L)	126
p.(Y614S)	90
p.(Y614T)	440
p.(Y614W)	93
p.(Y614Y)	0
p.(Y614V)	82
p.(C615A)	36
p.(C615R)	51
p.(C615N)	58
p.(C615D)	74
p.(C615C)	0
p.(C615Q)	78
p.(C615E)	81
p.(C615G)	78
p.(C615H)	66
p.(C615I)	67
p.(C615K)	63
p.(C615M)	55
p.(C615F)	55
p.(C615P)	58
p.(C615L)	50
p.(C615S)	53
p.(C615T)	79
p.(C615W)	113
p.(C615Y)	340
p.(C615V)	54
p.(R616A)	86
p.(R616R)	0
p.(R616N)	66
p.(R616D)	74
p.(R616C)	114
p.(R616Q)	48
p.(R616E)	417
p.(R616G)	338
p.(R616H)	70
p.(R616I)	95
p.(R616K)	103
p.(R616M)	81
p.(R616F)	101
p.(R616P)	110
p.(R616L)	80
p.(R616S)	73
p.(R616T)	91
p.(R616W)	117
p.(R616Y)	99
p.(R616V)	82
p.(D617A)	95
p.(D617R)	95
p.(D617N)	78
p.(D617D)	0
p.(D617C)	49
p.(D617Q)	91
p.(D617E)	108
p.(D617G)	106
p.(D617H)	89
p.(D617I)	438
p.(D617K)	83
p.(D617M)	69
p.(D617F)	89
p.(D617P)	79
p.(D617L)	66
p.(D617S)	47
p.(D617T)	94
p.(D617W)	99
p.(D617Y)	76
p.(D617V)	22
p.(Q618A)	68
p.(Q618R)	478
p.(Q618N)	113
p.(Q618D)	60
p.(Q618C)	118
p.(Q618Q)	0
p.(Q618E)	91
p.(Q618G)	91
p.(Q618H)	1918
p.(Q618I)	82
p.(Q618K)	80
p.(Q618M)	75
p.(Q618F)	87
p.(Q618P)	77
p.(Q618L)	77
p.(Q618S)	84
p.(Q618T)	80
p.(Q618W)	66
p.(Q618Y)	83
p.(Q618V)	105
p.(G619A)	75
p.(G619R)	54
p.(G619N)	125
p.(G619D)	507
p.(G619C)	67
p.(G619Q)	71
p.(G619E)	88
p.(G619G)	0
p.(G619H)	72
p.(G619I)	68
p.(G619K)	94
p.(G619M)	132
p.(G619F)	100
p.(G619P)	61
p.(G619L)	94
p.(G619S)	39
p.(G619T)	91
p.(G619W)	108
p.(G619Y)	90
p.(G619V)	81
p.(W620A)	95
p.(W620R)	53
p.(W620N)	76
p.(W620D)	88
p.(W620C)	110
p.(W620Q)	83
p.(W620E)	59
p.(W620G)	63
p.(W620H)	65
p.(W620I)	108
p.(W620K)	56
p.(W620M)	144
p.(W620F)	39
p.(W620P)	103
p.(W620L)	306
p.(W620S)	96
p.(W620T)	73
p.(W620W)	0
p.(W620Y)	68
p.(W620V)	101
p.(I621A)	117
p.(I621R)	73
p.(I621N)	107
p.(I621D)	122
p.(I621C)	22
p.(I621Q)	77
p.(I621E)	40
p.(I621G)	79
p.(I621H)	81
p.(I621I)	0
p.(I621K)	110
p.(I621M)	113
p.(I621F)	111
p.(I621P)	85
p.(I621L)	60
p.(I621S)	116
p.(I621T)	93
p.(I621W)	101
p.(I621Y)	98
p.(I621V)	65
p.(V622A)	88
p.(V622R)	97
p.(V622N)	97
p.(V622D)	109
p.(V622C)	84
p.(V622Q)	44
p.(V622E)	95
p.(V622G)	75
p.(V622H)	124
p.(V622I)	67
p.(V622K)	93
p.(V622M)	91
p.(V622F)	65
p.(V622P)	99
p.(V622L)	84
p.(V622S)	94
p.(V622T)	64
p.(V622W)	92
p.(V622Y)	524
p.(V622V)	0
p.(P623A)	102
p.(P623R)	84
p.(P623N)	76
p.(P623D)	79
p.(P623C)	75
p.(P623Q)	85
p.(P623E)	78
p.(P623G)	39
p.(P623H)	64
p.(P623I)	69
p.(P623K)	76
p.(P623M)	62
p.(P623F)	112
p.(P623P)	0
p.(P623L)	107
p.(P623S)	69
p.(P623T)	77
p.(P623W)	86
p.(P623Y)	68
p.(P623V)	95
p.(D624A)	116
p.(D624R)	65
p.(D624N)	334
p.(D624D)	0
p.(D624C)	73
p.(D624Q)	81
p.(D624E)	92
p.(D624G)	209
p.(D624H)	71
p.(D624I)	30
p.(D624K)	56
p.(D624M)	70
p.(D624F)	56
p.(D624P)	67
p.(D624L)	63
p.(D624S)	54
p.(D624T)	83
p.(D624W)	84
p.(D624Y)	335
p.(D624V)	98
p.(S625A)	75
p.(S625R)	76
p.(S625N)	66
p.(S625D)	79
p.(S625C)	71
p.(S625Q)	71
p.(S625E)	55
p.(S625G)	93
p.(S625H)	48
p.(S625I)	76
p.(S625K)	85
p.(S625M)	52
p.(S625F)	90
p.(S625P)	68
p.(S625L)	578
p.(S625S)	0
p.(S625T)	63
p.(S625W)	56
p.(S625Y)	250
p.(S625V)	52
p.(P626A)	99
p.(P626R)	101
p.(P626N)	71
p.(P626D)	74
p.(P626C)	79
p.(P626Q)	115
p.(P626E)	103
p.(P626G)	103
p.(P626H)	237
p.(P626I)	84
p.(P626K)	71
p.(P626M)	85
p.(P626F)	68
p.(P626P)	0
p.(P626L)	100
p.(P626S)	104
p.(P626T)	80
p.(P626W)	61
p.(P626Y)	101
p.(P626V)	123
p.(T627A)	237
p.(T627R)	51
p.(T627N)	187
p.(T627D)	98
p.(T627C)	112
p.(T627Q)	105
p.(T627E)	110
p.(T627G)	56
p.(T627H)	95
p.(T627I)	84
p.(T627K)	95
p.(T627M)	94
p.(T627F)	66
p.(T627P)	85
p.(T627L)	79
p.(T627S)	110
p.(T627T)	0
p.(T627W)	112
p.(T627Y)	75
p.(T627V)	78
p.(N628A)	108
p.(N628R)	80
p.(N628N)	0
p.(N628D)	208
p.(N628C)	101
p.(N628Q)	92
p.(N628E)	64
p.(N628G)	74
p.(N628H)	138
p.(N628I)	77
p.(N628K)	148
p.(N628M)	106
p.(N628F)	85
p.(N628P)	60
p.(N628L)	107
p.(N628S)	89
p.(N628T)	779
p.(N628W)	71
p.(N628Y)	137
p.(N628V)	44
p.(V629A)	223
p.(V629R)	65
p.(V629N)	65
p.(V629D)	133
p.(V629C)	82
p.(V629Q)	93
p.(V629E)	84
p.(V629G)	92
p.(V629H)	89
p.(V629I)	85
p.(V629K)	51
p.(V629M)	61
p.(V629F)	280
p.(V629P)	74
p.(V629L)	65
p.(V629S)	84
p.(V629T)	74
p.(V629W)	59
p.(V629Y)	89
p.(V629V)	0
p.(E630A)	137
p.(E630R)	95
p.(E630N)	77
p.(E630D)	259
p.(E630C)	61
p.(E630Q)	90
p.(E630E)	0
p.(E630G)	83
p.(E630H)	80
p.(E630I)	64
p.(E630K)	124
p.(E630M)	91
p.(E630F)	86
p.(E630P)	124
p.(E630L)	59
p.(E630S)	78
p.(E630T)	66
p.(E630W)	104
p.(E630Y)	100
p.(E630V)	129
p.(R631A)	823
p.(R631R)	0
p.(R631N)	97
p.(R631D)	108
p.(R631C)	63
p.(R631Q)	110
p.(R631E)	43
p.(R631G)	63
p.(R631H)	71
p.(R631I)	64
p.(R631K)	77
p.(R631M)	57
p.(R631F)	98
p.(R631P)	70
p.(R631L)	100
p.(R631S)	57
p.(R631T)	108
p.(R631W)	78
p.(R631Y)	88
p.(R631V)	42
p.(H632A)	57
p.(H632R)	68
p.(H632N)	70
p.(H632D)	131
p.(H632C)	90
p.(H632Q)	103
p.(H632E)	78
p.(H632G)	75
p.(H632H)	0
p.(H632I)	81
p.(H632K)	76
p.(H632M)	81
p.(H632F)	88
p.(H632P)	93
p.(H632L)	63
p.(H632S)	85
p.(H632T)	882
p.(H632W)	43
p.(H632Y)	549
p.(H632V)	95
p.(L633A)	106
p.(L633R)	77
p.(L633N)	85
p.(L633D)	65
p.(L633C)	145
p.(L633Q)	74
p.(L633E)	101
p.(L633G)	97
p.(L633H)	103
p.(L633I)	84
p.(L633K)	94
p.(L633M)	141
p.(L633F)	106
p.(L633P)	98
p.(L633L)	0
p.(L633S)	77
p.(L633T)	80
p.(L633W)	127
p.(L633Y)	76
p.(L633V)	131
p.(N634A)	72
p.(N634R)	72
p.(N634N)	0
p.(N634D)	66
p.(N634C)	38
p.(N634Q)	105
p.(N634E)	52
p.(N634G)	24
p.(N634H)	125
p.(N634I)	147
p.(N634K)	174
p.(N634M)	133
p.(N634F)	80
p.(N634P)	89
p.(N634L)	64
p.(N634S)	49
p.(N634T)	66
p.(N634W)	85
p.(N634Y)	82
p.(N634V)	81
p.(R635A)	106
p.(R635R)	0
p.(R635N)	91
p.(R635D)	96
p.(R635C)	91
p.(R635Q)	51
p.(R635E)	89
p.(R635G)	65
p.(R635H)	109
p.(R635I)	65
p.(R635K)	507
p.(R635M)	68
p.(R635F)	86
p.(R635P)	102
p.(R635L)	66
p.(R635S)	130
p.(R635T)	81
p.(R635W)	52
p.(R635Y)	94
p.(R635V)	112
p.(A636A)	0
p.(A636R)	71
p.(A636N)	82
p.(A636D)	5
p.(A636C)	125
p.(A636Q)	58
p.(A636E)	78
p.(A636G)	16
p.(A636H)	87
p.(A636I)	81
p.(A636K)	61
p.(A636M)	108
p.(A636F)	91
p.(A636P)	52
p.(A636L)	75
p.(A636S)	83
p.(A636T)	92
p.(A636W)	95
p.(A636Y)	70
p.(A636V)	55
p.(V637A)	52
p.(V637R)	82
p.(V637N)	72
p.(V637D)	102
p.(V637C)	143
p.(V637Q)	89
p.(V637E)	93
p.(V637G)	56
p.(V637H)	117
p.(V637I)	76
p.(V637K)	60
p.(V637M)	59
p.(V637F)	256
p.(V637P)	90
p.(V637L)	123
p.(V637S)	56
p.(V637T)	98
p.(V637W)	99
p.(V637Y)	98
p.(V637V)	0
p.(L638A)	95
p.(L638R)	86
p.(L638N)	89
p.(L638D)	161
p.(L638C)	76
p.(L638Q)	59
p.(L638E)	57
p.(L638G)	91
p.(L638H)	66
p.(L638I)	83
p.(L638K)	92
p.(L638M)	115
p.(L638F)	97
p.(L638P)	35
p.(L638L)	0
p.(L638S)	78
p.(L638T)	67
p.(L638W)	79
p.(L638Y)	77
p.(L638V)	80
p.(I639A)	113
p.(I639R)	62
p.(I639N)	115
p.(I639D)	53
p.(I639C)	123
p.(I639Q)	94
p.(I639E)	51
p.(I639G)	99
p.(I639H)	89
p.(I639I)	0
p.(I639K)	59
p.(I639M)	95
p.(I639F)	104
p.(I639P)	82
p.(I639L)	108
p.(I639S)	44
p.(I639T)	70
p.(I639W)	62
p.(I639Y)	157
p.(I639V)	88
p.(M640A)	65
p.(M640R)	86
p.(M640N)	56
p.(M640D)	92
p.(M640C)	96
p.(M640Q)	78
p.(M640E)	73
p.(M640G)	79
p.(M640H)	97
p.(M640I)	127
p.(M640K)	60
p.(M640M)	0
p.(M640F)	121
p.(M640P)	111
p.(M640L)	167
p.(M640S)	85
p.(M640T)	81
p.(M640W)	89
p.(M640Y)	106
p.(M640V)	74
p.(Q641A)	77
p.(Q641R)	34
p.(Q641N)	104
p.(Q641D)	42
p.(Q641C)	79
p.(Q641Q)	0
p.(Q641E)	110
p.(Q641G)	49
p.(Q641H)	281
p.(Q641I)	93
p.(Q641K)	126
p.(Q641M)	91
p.(Q641F)	115
p.(Q641P)	109
p.(Q641L)	71
p.(Q641S)	39
p.(Q641T)	92
p.(Q641W)	79
p.(Q641Y)	124
p.(Q641V)	179
p.(S642A)	59
p.(S642R)	33
p.(S642N)	96
p.(S642D)	83
p.(S642C)	133
p.(S642Q)	87
p.(S642E)	54
p.(S642G)	79
p.(S642H)	88
p.(S642I)	53
p.(S642K)	53
p.(S642M)	41
p.(S642F)	81
p.(S642P)	72
p.(S642L)	730
p.(S642S)	0
p.(S642T)	60
p.(S642W)	52
p.(S642Y)	266
p.(S642V)	74
p.(V643A)	57
p.(V643R)	75
p.(V643N)	52
p.(V643D)	84
p.(V643C)	85
p.(V643Q)	102
p.(V643E)	115
p.(V643G)	89
p.(V643H)	79
p.(V643I)	40
p.(V643K)	24
p.(V643M)	65
p.(V643F)	114
p.(V643P)	82
p.(V643L)	94
p.(V643S)	173
p.(V643T)	71
p.(V643W)	49
p.(V643Y)	68
p.(V643V)	0
p.(A644A)	0
p.(A644R)	29
p.(A644N)	95
p.(A644D)	77
p.(A644C)	92
p.(A644Q)	103
p.(A644E)	76
p.(A644G)	82
p.(A644H)	61
p.(A644I)	75
p.(A644K)	48
p.(A644M)	80
p.(A644F)	83
p.(A644P)	92
p.(A644L)	85
p.(A644S)	228
p.(A644T)	334
p.(A644W)	62
p.(A644Y)	107
p.(A644V)	387
p.(T645A)	235
p.(T645R)	58
p.(T645N)	208
p.(T645D)	92
p.(T645C)	105
p.(T645Q)	88
p.(T645E)	108
p.(T645G)	83
p.(T645H)	93
p.(T645I)	245
p.(T645K)	65
p.(T645M)	97
p.(T645F)	81
p.(T645P)	260
p.(T645L)	65
p.(T645S)	74
p.(T645T)	0
p.(T645W)	76
p.(T645Y)	31
p.(T645V)	56
p.(V646A)	62
p.(V646R)	30
p.(V646N)	86
p.(V646D)	68
p.(V646C)	85
p.(V646Q)	25
p.(V646E)	147
p.(V646G)	72
p.(V646H)	54
p.(V646I)	123
p.(V646K)	57
p.(V646M)	300
p.(V646F)	54
p.(V646P)	67
p.(V646L)	74
p.(V646S)	64
p.(V646T)	87
p.(V646W)	360
p.(V646Y)	66
p.(V646V)	0
p.(V647A)	214
p.(V647R)	69
p.(V647N)	107
p.(V647D)	112
p.(V647C)	75
p.(V647Q)	102
p.(V647E)	127
p.(V647G)	74
p.(V647H)	84
p.(V647I)	95
p.(V647K)	54
p.(V647M)	70
p.(V647F)	73
p.(V647P)	112
p.(V647L)	113
p.(V647S)	68
p.(V647T)	54
p.(V647W)	113
p.(V647Y)	63
p.(V647V)	0
p.(A648A)	0
p.(A648R)	34
p.(A648N)	125
p.(A648D)	70
p.(A648C)	46
p.(A648Q)	76
p.(A648E)	135
p.(A648G)	82
p.(A648H)	81
p.(A648I)	70
p.(A648K)	24
p.(A648M)	79
p.(A648F)	94
p.(A648P)	143
p.(A648L)	106
p.(A648S)	200
p.(A648T)	91
p.(A648W)	40
p.(A648Y)	88
p.(A648V)	472
p.(V649A)	214
p.(V649R)	97
p.(V649N)	91
p.(V649D)	142
p.(V649C)	97
p.(V649Q)	92
p.(V649E)	85
p.(V649G)	93
p.(V649H)	85
p.(V649I)	203
p.(V649K)	113
p.(V649M)	84
p.(V649F)	209
p.(V649P)	98
p.(V649L)	107
p.(V649S)	48
p.(V649T)	89
p.(V649W)	96
p.(V649Y)	71
p.(V649V)	0
p.(V650A)	359
p.(V650R)	91
p.(V650N)	120
p.(V650D)	58
p.(V650C)	364
p.(V650Q)	128
p.(V650E)	61
p.(V650G)	119
p.(V650H)	75
p.(V650I)	77
p.(V650K)	100
p.(V650M)	278
p.(V650F)	92
p.(V650P)	72
p.(V650L)	193
p.(V650S)	76
p.(V650T)	113
p.(V650W)	53
p.(V650Y)	114
p.(V650V)	0
p.(S651A)	73
p.(S651R)	42
p.(S651N)	84
p.(S651D)	103
p.(S651C)	93
p.(S651Q)	109
p.(S651E)	109
p.(S651G)	82
p.(S651H)	76
p.(S651I)	83
p.(S651K)	47
p.(S651M)	68
p.(S651F)	61
p.(S651P)	58
p.(S651L)	45
p.(S651S)	0
p.(S651T)	73
p.(S651W)	48
p.(S651Y)	92
p.(S651V)	56
p.(L652A)	55
p.(L652R)	21
p.(L652N)	76
p.(L652D)	73
p.(L652C)	121
p.(L652Q)	84
p.(L652E)	90
p.(L652G)	93
p.(L652H)	155
p.(L652I)	63
p.(L652K)	75
p.(L652M)	107
p.(L652F)	72
p.(L652P)	412
p.(L652L)	0
p.(L652S)	45
p.(L652T)	88
p.(L652W)	68
p.(L652Y)	69
p.(L652V)	69
p.(V653A)	120
p.(V653R)	73
p.(V653N)	88
p.(V653D)	137
p.(V653C)	258
p.(V653Q)	88
p.(V653E)	68
p.(V653G)	94
p.(V653H)	39
p.(V653I)	103
p.(V653K)	107
p.(V653M)	90
p.(V653F)	28
p.(V653P)	71
p.(V653L)	74
p.(V653S)	96
p.(V653T)	63
p.(V653W)	77
p.(V653Y)	103
p.(V653V)	0
p.(Y654A)	97
p.(Y654R)	45
p.(Y654N)	111
p.(Y654D)	107
p.(Y654C)	45
p.(Y654Q)	88
p.(Y654E)	78
p.(Y654G)	78
p.(Y654H)	66
p.(Y654I)	60
p.(Y654K)	79
p.(Y654M)	75
p.(Y654F)	42
p.(Y654P)	68
p.(Y654L)	226
p.(Y654S)	151
p.(Y654T)	56
p.(Y654W)	87
p.(Y654Y)	0
p.(Y654V)	49
p.(V655A)	87
p.(V655R)	91
p.(V655N)	66
p.(V655D)	150
p.(V655C)	102
p.(V655Q)	92
p.(V655E)	107
p.(V655G)	118
p.(V655H)	106
p.(V655I)	75
p.(V655K)	69
p.(V655M)	111
p.(V655F)	263
p.(V655P)	53
p.(V655L)	74
p.(V655S)	104
p.(V655T)	90
p.(V655W)	161
p.(V655Y)	96
p.(V655V)	0
p.(I656A)	131
p.(I656R)	87
p.(I656N)	79
p.(I656D)	101
p.(I656C)	93
p.(I656Q)	96
p.(I656E)	102
p.(I656G)	104
p.(I656H)	70
p.(I656I)	0
p.(I656K)	98
p.(I656M)	84
p.(I656F)	86
p.(I656P)	49
p.(I656L)	83
p.(I656S)	109
p.(I656T)	47
p.(I656W)	136
p.(I656Y)	78
p.(I656V)	70
p.(Y657A)	64
p.(Y657R)	90
p.(Y657N)	199
p.(Y657D)	98
p.(Y657C)	127
p.(Y657Q)	82
p.(Y657E)	108
p.(Y657G)	87
p.(Y657H)	83
p.(Y657I)	47
p.(Y657K)	79
p.(Y657M)	55
p.(Y657F)	42
p.(Y657P)	30
p.(Y657L)	46
p.(Y657S)	74
p.(Y657T)	50
p.(Y657W)	73
p.(Y657Y)	0
p.(Y657V)	64
p.(K658A)	10
p.(K658R)	97
p.(K658N)	100
p.(K658D)	85
p.(K658C)	3
p.(K658Q)	242
p.(K658E)	49
p.(K658G)	5
p.(K658H)	22
p.(K658I)	4
p.(K658K)	0
p.(K658M)	138
p.(K658F)	3
p.(K658P)	29
p.(K658L)	6
p.(K658S)	5
p.(K658T)	17
p.(K658W)	16
p.(K658Y)	17
p.(K658V)	2
p.(L659A)	56
p.(L659R)	118
p.(L659N)	49
p.(L659D)	46
p.(L659C)	49
p.(L659Q)	82
p.(L659E)	71
p.(L659G)	55
p.(L659H)	57
p.(L659I)	107
p.(L659K)	47
p.(L659M)	98
p.(L659F)	193
p.(L659P)	35
p.(L659L)	0
p.(L659S)	69
p.(L659T)	50
p.(L659W)	96
p.(L659Y)	66
p.(L659V)	78
p.(F660A)	61
p.(F660R)	103
p.(F660N)	79
p.(F660D)	55
p.(F660C)	72
p.(F660Q)	64
p.(F660E)	60
p.(F660G)	83
p.(F660H)	73
p.(F660I)	94
p.(F660K)	157
p.(F660M)	120
p.(F660F)	0
p.(F660P)	36
p.(F660L)	116
p.(F660S)	483
p.(F660T)	79
p.(F660W)	64
p.(F660Y)	169
p.(F660V)	226
p.(A661A)	0
p.(A661R)	263
p.(A661N)	93
p.(A661D)	64
p.(A661C)	92
p.(A661Q)	90
p.(A661E)	59
p.(A661G)	124
p.(A661H)	142
p.(A661I)	112
p.(A661K)	60
p.(A661M)	97
p.(A661F)	48
p.(A661P)	108
p.(A661L)	88
p.(A661S)	116
p.(A661T)	80
p.(A661W)	88
p.(A661Y)	100
p.(A661V)	443
p.(G662A)	61
p.(G662R)	236
p.(G662N)	118
p.(G662D)	80
p.(G662C)	120
p.(G662Q)	97
p.(G662E)	71
p.(G662G)	0
p.(G662H)	90
p.(G662I)	81
p.(G662K)	103
p.(G662M)	135
p.(G662F)	108
p.(G662P)	77
p.(G662L)	104
p.(G662S)	376
p.(G662T)	108
p.(G662W)	113
p.(G662Y)	109
p.(G662V)	99
p.(F663A)	64
p.(F663R)	107
p.(F663N)	111
p.(F663D)	71
p.(F663C)	92
p.(F663Q)	78
p.(F663E)	81
p.(F663G)	112
p.(F663H)	97
p.(F663I)	114
p.(F663K)	125
p.(F663M)	81
p.(F663F)	0
p.(F663P)	50
p.(F663L)	86
p.(F663S)	86
p.(F663T)	93
p.(F663W)	101
p.(F663Y)	110
p.(F663V)	74
p.(Q664A)	46
p.(Q664R)	386
p.(Q664N)	103
p.(Q664D)	71
p.(Q664C)	148
p.(Q664Q)	0
p.(Q664E)	42
p.(Q664G)	54
p.(Q664H)	134
p.(Q664I)	68
p.(Q664K)	241
p.(Q664M)	86
p.(Q664F)	53
p.(Q664P)	54
p.(Q664L)	98
p.(Q664S)	244
p.(Q664T)	53
p.(Q664W)	74
p.(Q664Y)	97
p.(Q664V)	114
p.(G665A)	67
p.(G665R)	265
p.(G665N)	42
p.(G665D)	77
p.(G665C)	66
p.(G665Q)	88
p.(G665E)	780
p.(G665G)	0
p.(G665H)	117
p.(G665I)	81
p.(G665K)	123
p.(G665M)	79
p.(G665F)	88
p.(G665P)	91
p.(G665L)	79
p.(G665S)	116
p.(G665T)	138
p.(G665W)	85
p.(G665Y)	72
p.(G665V)	116
p.(A666A)	0
p.(A666R)	86
p.(A666N)	119
p.(A666D)	86
p.(A666C)	76
p.(A666Q)	114
p.(A666E)	178
p.(A666G)	92
p.(A666H)	800
p.(A666I)	116
p.(A666K)	84
p.(A666M)	64
p.(A666F)	107
p.(A666P)	47
p.(A666L)	84
p.(A666S)	245
p.(A666T)	50
p.(A666W)	71
p.(A666Y)	99
p.(A666V)	80
p.(Y667A)	116
p.(Y667R)	122
p.(Y667N)	107
p.(Y667D)	55
p.(Y667C)	184
p.(Y667Q)	85
p.(Y667E)	43
p.(Y667G)	80
p.(Y667H)	256
p.(Y667I)	110
p.(Y667K)	135
p.(Y667M)	104
p.(Y667F)	299
p.(Y667P)	98
p.(Y667L)	109
p.(Y667S)	120
p.(Y667T)	84
p.(Y667W)	89
p.(Y667Y)	0
p.(Y667V)	73
p.(S668A)	88
p.(S668R)	131
p.(S668N)	94
p.(S668D)	62
p.(S668C)	115
p.(S668Q)	105
p.(S668E)	69
p.(S668G)	105
p.(S668H)	106
p.(S668I)	103
p.(S668K)	88
p.(S668M)	128
p.(S668F)	121
p.(S668P)	245
p.(S668L)	70
p.(S668S)	0
p.(S668T)	89
p.(S668W)	74
p.(S668Y)	278
p.(S668V)	71
p.(G669A)	926
p.(G669R)	388
p.(G669N)	68
p.(G669D)	91
p.(G669C)	108
p.(G669Q)	92
p.(G669E)	94
p.(G669G)	0
p.(G669H)	119
p.(G669I)	105
p.(G669K)	120
p.(G669M)	114
p.(G669F)	58
p.(G669P)	94
p.(G669L)	57
p.(G669S)	62
p.(G669T)	145
p.(G669W)	105
p.(G669Y)	87
p.(G669V)	99
p.(A670A)	0
p.(A670R)	249
p.(A670N)	67
p.(A670D)	98
p.(A670C)	138
p.(A670Q)	126
p.(A670E)	97
p.(A670G)	101
p.(A670H)	137
p.(A670I)	101
p.(A670K)	110
p.(A670M)	98
p.(A670F)	89
p.(A670P)	109
p.(A670L)	72
p.(A670S)	87
p.(A670T)	93
p.(A670W)	116
p.(A670Y)	99
p.(A670V)	53
p.(P671A)	119
p.(P671R)	95
p.(P671N)	114
p.(P671D)	67
p.(P671C)	121
p.(P671Q)	70
p.(P671E)	88
p.(P671G)	89
p.(P671H)	241
p.(P671I)	73
p.(P671K)	115
p.(P671M)	104
p.(P671F)	81
p.(P671P)	0
p.(P671L)	421
p.(P671S)	106
p.(P671T)	84
p.(P671W)	85
p.(P671Y)	100
p.(P671V)	94
p.(K672A)	310
p.(K672R)	89
p.(K672N)	208
p.(K672D)	65
p.(K672C)	55
p.(K672Q)	399
p.(K672E)	40
p.(K672G)	70
p.(K672H)	95
p.(K672I)	90
p.(K672K)	0
p.(K672M)	66
p.(K672F)	91
p.(K672P)	75
p.(K672L)	73
p.(K672S)	71
p.(K672T)	95
p.(K672W)	71
p.(K672Y)	88
p.(K672V)	76
p.(Q673A)	101
p.(Q673R)	125
p.(Q673N)	360
p.(Q673D)	96
p.(Q673C)	104
p.(Q673Q)	0
p.(Q673E)	53
p.(Q673G)	69
p.(Q673H)	125
p.(Q673I)	78
p.(Q673K)	93
p.(Q673M)	77
p.(Q673F)	103
p.(Q673P)	28
p.(Q673L)	176
p.(Q673S)	70
p.(Q673T)	89
p.(Q673W)	51
p.(Q673Y)	59
p.(Q673V)	97
p.(T674A)	94
p.(T674R)	68
p.(T674N)	425
p.(T674D)	23
p.(T674C)	59
p.(T674Q)	86
p.(T674E)	82
p.(T674G)	127
p.(T674H)	71
p.(T674I)	133
p.(T674K)	157
p.(T674M)	90
p.(T674F)	64
p.(T674P)	82
p.(T674L)	109
p.(T674S)	94
p.(T674T)	0
p.(T674W)	94
p.(T674Y)	80
p.(T674V)	61
p.(L675A)	91
p.(L675R)	131
p.(L675N)	97
p.(L675D)	76
p.(L675C)	38
p.(L675Q)	79
p.(L675E)	59
p.(L675G)	43
p.(L675H)	183
p.(L675I)	74
p.(L675K)	111
p.(L675M)	92
p.(L675F)	84
p.(L675P)	331
p.(L675L)	0
p.(L675S)	48
p.(L675T)	82
p.(L675W)	54
p.(L675Y)	101
p.(L675V)	117
p.(K676A)	79
p.(K676R)	1482
p.(K676N)	240
p.(K676D)	76
p.(K676C)	77
p.(K676Q)	82
p.(K676E)	361
p.(K676G)	90
p.(K676H)	66
p.(K676I)	84
p.(K676K)	0
p.(K676M)	88
p.(K676F)	83
p.(K676P)	79
p.(K676L)	67
p.(K676S)	39
p.(K676T)	70
p.(K676W)	73
p.(K676Y)	56
p.(K676V)	72
p.(K677A)	89
p.(K677R)	62
p.(K677N)	90
p.(K677D)	70
p.(K677C)	71
p.(K677Q)	60
p.(K677E)	555
p.(K677G)	98
p.(K677H)	51
p.(K677I)	85
p.(K677K)	0
p.(K677M)	69
p.(K677F)	97
p.(K677P)	68
p.(K677L)	74
p.(K677S)	85
p.(K677T)	57
p.(K677W)	80
p.(K677Y)	89
p.(K677V)	64
p.(P678A)	80
p.(P678R)	126
p.(P678N)	111
p.(P678D)	118
p.(P678C)	76
p.(P678Q)	202
p.(P678E)	60
p.(P678G)	83
p.(P678H)	88
p.(P678I)	100
p.(P678K)	119
p.(P678M)	84
p.(P678F)	90
p.(P678P)	0
p.(P678L)	108
p.(P678S)	397
p.(P678T)	92
p.(P678W)	117
p.(P678Y)	138
p.(P678V)	76
p.(V679A)	66
p.(V679R)	82
p.(V679N)	67
p.(V679D)	85
p.(V679C)	1550
p.(V679Q)	90
p.(V679E)	166
p.(V679G)	93
p.(V679H)	99
p.(V679I)	139
p.(V679K)	99
p.(V679M)	184
p.(V679F)	112
p.(V679P)	61
p.(V679L)	110
p.(V679S)	69
p.(V679T)	81
p.(V679W)	91
p.(V679Y)	54
p.(V679V)	0
p.(L680A)	413
p.(L680R)	65
p.(L680N)	165
p.(L680D)	107
p.(L680C)	1540
p.(L680Q)	82
p.(L680E)	95
p.(L680G)	85
p.(L680H)	104
p.(L680I)	124
p.(L680K)	112
p.(L680M)	112
p.(L680F)	53
p.(L680P)	76
p.(L680L)	0
p.(L680S)	31
p.(L680T)	91
p.(L680W)	95
p.(L680Y)	123
p.(L680V)	62
p.(R681A)	440
p.(R681R)	0
p.(R681N)	93
p.(R681D)	138
p.(R681C)	735
p.(R681Q)	77
p.(R681E)	0
p.(R681G)	73
p.(R681H)	1097
p.(R681I)	59
p.(R681K)	88
p.(R681M)	46
p.(R681F)	52
p.(R681P)	74
p.(R681L)	252
p.(R681S)	101
p.(R681T)	95
p.(R681W)	115
p.(R681Y)	55
p.(R681V)	117
p.(T682A)	106
p.(T682R)	98
p.(T682N)	93
p.(T682D)	106
p.(T682C)	80
p.(T682Q)	123
p.(T682E)	95
p.(T682G)	83
p.(T682H)	423
p.(T682I)	87
p.(T682K)	105
p.(T682M)	769
p.(T682F)	38
p.(T682P)	92
p.(T682L)	103
p.(T682S)	90
p.(T682T)	0
p.(T682W)	127
p.(T682Y)	52
p.(T682V)	65
p.(A683A)	0
p.(A683R)	94
p.(A683N)	120
p.(A683D)	89
p.(A683C)	79
p.(A683Q)	1639
p.(A683E)	95
p.(A683G)	75
p.(A683H)	78
p.(A683I)	89
p.(A683K)	105
p.(A683M)	120
p.(A683F)	86
p.(A683P)	125
p.(A683L)	95
p.(A683S)	216
p.(A683T)	111
p.(A683W)	88
p.(A683Y)	88
p.(A683V)	131
p.(T684A)	99
p.(T684R)	95
p.(T684N)	144
p.(T684D)	71
p.(T684C)	382
p.(T684Q)	42
p.(T684E)	46
p.(T684G)	96
p.(T684H)	78
p.(T684I)	66
p.(T684K)	79
p.(T684M)	123
p.(T684F)	86
p.(T684P)	90
p.(T684L)	91
p.(T684S)	129
p.(T684T)	0
p.(T684W)	94
p.(T684Y)	77
p.(T684V)	99
p.(V685A)	525
p.(V685R)	100
p.(V685N)	99
p.(V685D)	95
p.(V685C)	1593
p.(V685Q)	40
p.(V685E)	88
p.(V685G)	79
p.(V685H)	101
p.(V685I)	87
p.(V685K)	124
p.(V685M)	298
p.(V685F)	81
p.(V685P)	71
p.(V685L)	36
p.(V685S)	83
p.(V685T)	38
p.(V685W)	115
p.(V685Y)	106
p.(V685V)	0
p.(Q686A)	92
p.(Q686R)	106
p.(Q686N)	109
p.(Q686D)	140
p.(Q686C)	99
p.(Q686Q)	0
p.(Q686E)	132
p.(Q686G)	387
p.(Q686H)	124
p.(Q686I)	108
p.(Q686K)	218
p.(Q686M)	95
p.(Q686F)	107
p.(Q686P)	111
p.(Q686L)	71
p.(Q686S)	83
p.(Q686T)	72
p.(Q686W)	119
p.(Q686Y)	86
p.(Q686V)	110
p.(G687A)	118
p.(G687R)	75
p.(G687N)	144
p.(G687D)	111
p.(G687C)	59
p.(G687Q)	75
p.(G687E)	62
p.(G687G)	0
p.(G687H)	117
p.(G687I)	84
p.(G687K)	137
p.(G687M)	58
p.(G687F)	77
p.(G687P)	86
p.(G687L)	104
p.(G687S)	77
p.(G687T)	108
p.(G687W)	285
p.(G687Y)	91
p.(G687V)	316
p.(P688A)	449
p.(P688R)	1660
p.(P688N)	95
p.(P688D)	78
p.(P688C)	81
p.(P688Q)	230
p.(P688E)	64
p.(P688G)	99
p.(P688H)	120
p.(P688I)	113
p.(P688K)	77
p.(P688M)	81
p.(P688F)	128
p.(P688P)	0
p.(P688L)	123
p.(P688S)	156
p.(P688T)	95
p.(P688W)	87
p.(P688Y)	109
p.(P688V)	182
p.(S689A)	116
p.(S689R)	115
p.(S689N)	286
p.(S689D)	111
p.(S689C)	137
p.(S689Q)	63
p.(S689E)	197
p.(S689G)	48
p.(S689H)	137
p.(S689I)	271
p.(S689K)	99
p.(S689M)	52
p.(S689F)	118
p.(S689P)	115
p.(S689L)	106
p.(S689S)	0
p.(S689T)	99
p.(S689W)	109
p.(S689Y)	115
p.(S689V)	95
p.(L690A)	52
p.(L690R)	73
p.(L690N)	67
p.(L690D)	143
p.(L690C)	83
p.(L690Q)	50
p.(L690E)	129
p.(L690G)	117
p.(L690H)	92
p.(L690I)	78
p.(L690K)	90
p.(L690M)	131
p.(L690F)	436
p.(L690P)	39
p.(L690L)	0
p.(L690S)	26
p.(L690T)	6
p.(L690W)	1676
p.(L690Y)	144
p.(L690V)	132
p.(D691A)	88
p.(D691R)	125
p.(D691N)	291
p.(D691D)	0
p.(D691C)	117
p.(D691Q)	123
p.(D691E)	181
p.(D691G)	348
p.(D691H)	150
p.(D691I)	192
p.(D691K)	89
p.(D691M)	179
p.(D691F)	119
p.(D691P)	138
p.(D691L)	47
p.(D691S)	102
p.(D691T)	1782
p.(D691W)	182
p.(D691Y)	443
p.(D691V)	122
p.(F692A)	99
p.(F692R)	89
p.(F692N)	120
p.(F692D)	81
p.(F692C)	142
p.(F692Q)	108
p.(F692E)	138
p.(F692G)	87
p.(F692H)	134
p.(F692I)	135
p.(F692K)	108
p.(F692M)	81
p.(F692F)	0
p.(F692P)	101
p.(F692L)	100
p.(F692S)	53
p.(F692T)	62
p.(F692W)	99
p.(F692Y)	154
p.(F692V)	124
p.(A693A)	0
p.(A693R)	113
p.(A693N)	154
p.(A693D)	160
p.(A693C)	106
p.(A693Q)	120
p.(A693E)	128
p.(A693G)	69
p.(A693H)	113
p.(A693I)	151
p.(A693K)	130
p.(A693M)	123
p.(A693F)	205
p.(A693P)	441
p.(A693L)	128
p.(A693S)	130
p.(A693T)	158
p.(A693W)	120
p.(A693Y)	125
p.(A693V)	181
p.(L694A)	125
p.(L694R)	35
p.(L694N)	81
p.(L694D)	147
p.(L694C)	46
p.(L694Q)	162
p.(L694E)	41
p.(L694G)	86
p.(L694H)	98
p.(L694I)	418
p.(L694K)	37
p.(L694M)	74
p.(L694F)	83
p.(L694P)	3
p.(L694L)	0
p.(L694S)	83
p.(L694T)	90
p.(L694W)	70
p.(L694Y)	61
p.(L694V)	83
p.(S695A)	23
p.(S695R)	91
p.(S695N)	64
p.(S695D)	75
p.(S695C)	58
p.(S695Q)	59
p.(S695E)	41
p.(S695G)	39
p.(S695H)	75
p.(S695I)	108
p.(S695K)	67
p.(S695M)	83
p.(S695F)	82
p.(S695P)	46
p.(S695L)	78
p.(S695S)	0
p.(S695T)	87
p.(S695W)	55
p.(S695Y)	300
p.(S695V)	68
p.(L696A)	75
p.(L696R)	79
p.(L696N)	64
p.(L696D)	94
p.(L696C)	90
p.(L696Q)	167
p.(L696E)	114
p.(L696G)	49
p.(L696H)	66
p.(L696I)	113
p.(L696K)	90
p.(L696M)	84
p.(L696F)	62
p.(L696P)	71
p.(L696L)	0
p.(L696S)	68
p.(L696T)	67
p.(L696W)	83
p.(L696Y)	1830
p.(L696V)	104
p.(L697A)	74
p.(L697R)	71
p.(L697N)	57
p.(L697D)	96
p.(L697C)	83
p.(L697Q)	58
p.(L697E)	50
p.(L697G)	50
p.(L697H)	29
p.(L697I)	1689
p.(L697K)	52
p.(L697M)	107
p.(L697F)	112
p.(L697P)	153
p.(L697L)	0
p.(L697S)	55
p.(L697T)	62
p.(L697W)	76
p.(L697Y)	87
p.(L697V)	83
p.(R698A)	135
p.(R698R)	0
p.(R698N)	90
p.(R698D)	95
p.(R698C)	122
p.(R698Q)	93
p.(R698E)	87
p.(R698G)	133
p.(R698H)	77
p.(R698I)	95
p.(R698K)	122
p.(R698M)	435
p.(R698F)	93
p.(R698P)	54
p.(R698L)	127
p.(R698S)	123
p.(R698T)	103
p.(R698W)	150
p.(R698Y)	131
p.(R698V)	109
p.(R699A)	66
p.(R699R)	0
p.(R699N)	112
p.(R699D)	117
p.(R699C)	144
p.(R699Q)	74
p.(R699E)	131
p.(R699G)	277
p.(R699H)	77
p.(R699I)	108
p.(R699K)	115
p.(R699M)	345
p.(R699F)	107
p.(R699P)	108
p.(R699L)	118
p.(R699S)	373
p.(R699T)	133
p.(R699W)	144
p.(R699Y)	91
p.(R699V)	112
p.(N700A)	43
p.(N700R)	85
p.(N700N)	0
p.(N700D)	108
p.(N700C)	81
p.(N700Q)	58
p.(N700E)	91
p.(N700G)	87
p.(N700H)	86
p.(N700I)	91
p.(N700K)	169
p.(N700M)	68
p.(N700F)	48
p.(N700P)	35
p.(N700L)	78
p.(N700S)	62
p.(N700T)	78
p.(N700W)	71
p.(N700Y)	48
p.(N700V)	79
p.(I701A)	69
p.(I701R)	73
p.(I701N)	61
p.(I701D)	56
p.(I701C)	106
p.(I701Q)	89
p.(I701E)	59
p.(I701G)	91
p.(I701H)	88
p.(I701I)	0
p.(I701K)	93
p.(I701M)	95
p.(I701F)	91
p.(I701P)	87
p.(I701L)	76
p.(I701S)	71
p.(I701T)	171
p.(I701W)	94
p.(I701Y)	67
p.(I701V)	21
p.(R702A)	95
p.(R702R)	0
p.(R702N)	74
p.(R702D)	77
p.(R702C)	106
p.(R702Q)	92
p.(R702E)	96
p.(R702G)	2284
p.(R702H)	133
p.(R702I)	101
p.(R702K)	106
p.(R702M)	312
p.(R702F)	102
p.(R702P)	86
p.(R702L)	93
p.(R702S)	69
p.(R702T)	100
p.(R702W)	152
p.(R702Y)	106
p.(R702V)	69
p.(Q703A)	92
p.(Q703R)	2337
p.(Q703N)	76
p.(Q703D)	114
p.(Q703C)	45
p.(Q703Q)	0
p.(Q703E)	73
p.(Q703G)	99
p.(Q703H)	293
p.(Q703I)	88
p.(Q703K)	208
p.(Q703M)	71
p.(Q703F)	72
p.(Q703P)	100
p.(Q703L)	64
p.(Q703S)	76
p.(Q703T)	77
p.(Q703W)	102
p.(Q703Y)	72
p.(Q703V)	108
p.(V704A)	367
p.(V704R)	64
p.(V704N)	83
p.(V704D)	61
p.(V704C)	39
p.(V704Q)	101
p.(V704E)	93
p.(V704G)	61
p.(V704H)	85
p.(V704I)	100
p.(V704K)	66
p.(V704M)	107
p.(V704F)	106
p.(V704P)	78
p.(V704L)	65
p.(V704S)	78
p.(V704T)	88
p.(V704W)	50
p.(V704Y)	94
p.(V704V)	0
p.(Q705A)	119
p.(Q705R)	81
p.(Q705N)	78
p.(Q705D)	44
p.(Q705C)	99
p.(Q705Q)	0
p.(Q705E)	86
p.(Q705G)	85
p.(Q705H)	120
p.(Q705I)	95
p.(Q705K)	103
p.(Q705M)	102
p.(Q705F)	110
p.(Q705P)	59
p.(Q705L)	95
p.(Q705S)	97
p.(Q705T)	88
p.(Q705W)	78
p.(Q705Y)	121
p.(Q705V)	97
p.(T706A)	73
p.(T706R)	41
p.(T706N)	168
p.(T706D)	51
p.(T706C)	109
p.(T706Q)	89
p.(T706E)	66
p.(T706G)	89
p.(T706H)	46
p.(T706I)	80
p.(T706K)	82
p.(T706M)	85
p.(T706F)	75
p.(T706P)	100
p.(T706L)	86
p.(T706S)	79
p.(T706T)	0
p.(T706W)	72
p.(T706Y)	62
p.(T706V)	76
p.(D707A)	98
p.(D707R)	98
p.(D707N)	429
p.(D707D)	0
p.(D707C)	102
p.(D707Q)	93
p.(D707E)	133
p.(D707G)	76
p.(D707H)	99
p.(D707I)	115
p.(D707K)	78
p.(D707M)	69
p.(D707F)	130
p.(D707P)	82
p.(D707L)	106
p.(D707S)	76
p.(D707T)	2331
p.(D707W)	58
p.(D707Y)	94
p.(D707V)	66
p.(Q708A)	107
p.(Q708R)	73
p.(Q708N)	124
p.(Q708D)	69
p.(Q708C)	117
p.(Q708Q)	0
p.(Q708E)	91
p.(Q708G)	140
p.(Q708H)	325
p.(Q708I)	97
p.(Q708K)	203
p.(Q708M)	67
p.(Q708F)	76
p.(Q708P)	152
p.(Q708L)	61
p.(Q708S)	66
p.(Q708T)	100
p.(Q708W)	77
p.(Q708Y)	92
p.(Q708V)	95
p.(G709A)	52
p.(G709R)	78
p.(G709N)	95
p.(G709D)	424
p.(G709C)	81
p.(G709Q)	82
p.(G709E)	80
p.(G709G)	0
p.(G709H)	54
p.(G709I)	97
p.(G709K)	113
p.(G709M)	89
p.(G709F)	90
p.(G709P)	77
p.(G709L)	83
p.(G709S)	460
p.(G709T)	83
p.(G709W)	84
p.(G709Y)	87
p.(G709V)	96
p.(H710A)	84
p.(H710R)	100
p.(H710N)	140
p.(H710D)	117
p.(H710C)	81
p.(H710Q)	98
p.(H710E)	127
p.(H710G)	75
p.(H710H)	0
p.(H710I)	135
p.(H710K)	115
p.(H710M)	109
p.(H710F)	91
p.(H710P)	76
p.(H710L)	120
p.(H710S)	73
p.(H710T)	77
p.(H710W)	101
p.(H710Y)	93
p.(H710V)	85
p.(F711A)	70
p.(F711R)	85
p.(F711N)	70
p.(F711D)	67
p.(F711C)	78
p.(F711Q)	60
p.(F711E)	42
p.(F711G)	32
p.(F711H)	71
p.(F711I)	91
p.(F711K)	70
p.(F711M)	83
p.(F711F)	0
p.(F711P)	74
p.(F711L)	106
p.(F711S)	72
p.(F711T)	74
p.(F711W)	71
p.(F711Y)	151
p.(F711V)	58
p.(T712A)	71
p.(T712R)	79
p.(T712N)	76
p.(T712D)	76
p.(T712C)	87
p.(T712Q)	2351
p.(T712E)	39
p.(T712G)	73
p.(T712H)	31
p.(T712I)	303
p.(T712K)	66
p.(T712M)	120
p.(T712F)	80
p.(T712P)	56
p.(T712L)	63
p.(T712S)	226
p.(T712T)	0
p.(T712W)	91
p.(T712Y)	86
p.(T712V)	82
p.(M713A)	85
p.(M713R)	68
p.(M713N)	148
p.(M713D)	75
p.(M713C)	61
p.(M713Q)	43
p.(M713E)	71
p.(M713G)	53
p.(M713H)	55
p.(M713I)	205
p.(M713K)	67
p.(M713M)	0
p.(M713F)	114
p.(M713P)	60
p.(M713L)	121
p.(M713S)	94
p.(M713T)	195
p.(M713W)	97
p.(M713Y)	60
p.(M713V)	61
p.(L714A)	67
p.(L714R)	102
p.(L714N)	90
p.(L714D)	71
p.(L714C)	66
p.(L714Q)	79
p.(L714E)	25
p.(L714G)	51
p.(L714H)	124
p.(L714I)	115
p.(L714K)	56
p.(L714M)	67
p.(L714F)	121
p.(L714P)	51
p.(L714L)	0
p.(L714S)	77
p.(L714T)	39
p.(L714W)	80
p.(L714Y)	98
p.(L714V)	82
p.(G715A)	81
p.(G715R)	47
p.(G715N)	59
p.(G715D)	68
p.(G715C)	101
p.(G715Q)	88
p.(G715E)	236
p.(G715G)	0
p.(G715H)	66
p.(G715I)	54
p.(G715K)	65
p.(G715M)	87
p.(G715F)	97
p.(G715P)	73
p.(G715L)	109
p.(G715S)	69
p.(G715T)	61
p.(G715W)	92
p.(G715Y)	85
p.(G715V)	272
p.(V716A)	64
p.(V716R)	27
p.(V716N)	72
p.(V716D)	76
p.(V716C)	116
p.(V716Q)	96
p.(V716E)	149
p.(V716G)	44
p.(V716H)	81
p.(V716I)	111
p.(V716K)	82
p.(V716M)	214
p.(V716F)	73
p.(V716P)	67
p.(V716L)	68
p.(V716S)	164
p.(V716T)	62
p.(V716W)	69
p.(V716Y)	95
p.(V716V)	0
p.(R717A)	111
p.(R717R)	0
p.(R717N)	92
p.(R717D)	89
p.(R717C)	70
p.(R717Q)	635
p.(R717E)	155
p.(R717G)	101
p.(R717H)	135
p.(R717I)	99
p.(R717K)	52
p.(R717M)	89
p.(R717F)	85
p.(R717P)	59
p.(R717L)	94
p.(R717S)	73
p.(R717T)	94
p.(R717W)	57
p.(R717Y)	85
p.(R717V)	81
p.(D718A)	66
p.(D718R)	195
p.(D718N)	285
p.(D718D)	0
p.(D718C)	59
p.(D718Q)	46
p.(D718E)	124
p.(D718G)	113
p.(D718H)	98
p.(D718I)	57
p.(D718K)	74
p.(D718M)	78
p.(D718F)	82
p.(D718P)	55
p.(D718L)	46
p.(D718S)	156
p.(D718T)	80
p.(D718W)	93
p.(D718Y)	59
p.(D718V)	72
p.(R719A)	88
p.(R719R)	0
p.(R719N)	91
p.(R719D)	77
p.(R719C)	430
p.(R719Q)	116
p.(R719E)	66
p.(R719G)	71
p.(R719H)	417
p.(R719I)	98
p.(R719K)	94
p.(R719M)	93
p.(R719F)	106
p.(R719P)	71
p.(R719L)	92
p.(R719S)	154
p.(R719T)	126
p.(R719W)	96
p.(R719Y)	99
p.(R719V)	98
p.(L720A)	137
p.(L720R)	99
p.(L720N)	107
p.(L720D)	89
p.(L720C)	55
p.(L720Q)	86
p.(L720E)	44
p.(L720G)	82
p.(L720H)	85
p.(L720I)	127
p.(L720K)	72
p.(L720M)	136
p.(L720F)	105
p.(L720P)	59
p.(L720L)	0
p.(L720S)	48
p.(L720T)	81
p.(L720W)	223
p.(L720Y)	60
p.(L720V)	134
p.(A721A)	0
p.(A721R)	66
p.(A721N)	84
p.(A721D)	122
p.(A721C)	35
p.(A721Q)	85
p.(A721E)	43
p.(A721G)	99
p.(A721H)	56
p.(A721I)	63
p.(A721K)	103
p.(A721M)	92
p.(A721F)	60
p.(A721P)	116
p.(A721L)	69
p.(A721S)	116
p.(A721T)	271
p.(A721W)	63
p.(A721Y)	53
p.(A721V)	67
p.(V722A)	91
p.(V722R)	76
p.(V722N)	49
p.(V722D)	73
p.(V722C)	314
p.(V722Q)	121
p.(V722E)	46
p.(V722G)	78
p.(V722H)	61
p.(V722I)	84
p.(V722K)	76
p.(V722M)	383
p.(V722F)	66
p.(V722P)	102
p.(V722L)	286
p.(V722S)	76
p.(V722T)	92
p.(V722W)	80
p.(V722Y)	58
p.(V722V)	0
p.(L723A)	231
p.(L723R)	75
p.(L723N)	46
p.(L723D)	73
p.(L723C)	49
p.(L723Q)	83
p.(L723E)	79
p.(L723G)	65
p.(L723H)	130
p.(L723I)	147
p.(L723K)	86
p.(L723M)	86
p.(L723F)	63
p.(L723P)	596
p.(L723L)	0
p.(L723S)	84
p.(L723T)	65
p.(L723W)	79
p.(L723Y)	61
p.(L723V)	91
p.(P724A)	41
p.(P724R)	37
p.(P724N)	86
p.(P724D)	91
p.(P724C)	80
p.(P724Q)	59
p.(P724E)	91
p.(P724G)	22
p.(P724H)	94
p.(P724I)	65
p.(P724K)	100
p.(P724M)	67
p.(P724F)	77
p.(P724P)	0
p.(P724L)	101
p.(P724S)	52
p.(P724T)	83
p.(P724W)	49
p.(P724Y)	29
p.(P724V)	52
p.(R725A)	122
p.(R725R)	0
p.(R725N)	108
p.(R725D)	1005
p.(R725C)	105
p.(R725Q)	24
p.(R725E)	80
p.(R725G)	343
p.(R725H)	83
p.(R725I)	373
p.(R725K)	55
p.(R725M)	42
p.(R725F)	119
p.(R725P)	108
p.(R725L)	84
p.(R725S)	70
p.(R725T)	255
p.(R725W)	91
p.(R725Y)	67
p.(R725V)	81
p.(H726A)	124
p.(H726R)	70
p.(H726N)	76
p.(H726D)	57
p.(H726C)	93
p.(H726Q)	88
p.(H726E)	68
p.(H726G)	92
p.(H726H)	0
p.(H726I)	97
p.(H726K)	70
p.(H726M)	98
p.(H726F)	81
p.(H726P)	81
p.(H726L)	78
p.(H726S)	63
p.(H726T)	261
p.(H726W)	138
p.(H726Y)	89
p.(H726V)	116
p.(S727A)	82
p.(S727R)	81
p.(S727N)	102
p.(S727D)	69
p.(S727C)	98
p.(S727Q)	94
p.(S727E)	76
p.(S727G)	93
p.(S727H)	63
p.(S727I)	125
p.(S727K)	80
p.(S727M)	45
p.(S727F)	72
p.(S727P)	247
p.(S727L)	249
p.(S727S)	0
p.(S727T)	71
p.(S727W)	73
p.(S727Y)	206
p.(S727V)	61
p.(Q728A)	95
p.(Q728R)	102
p.(Q728N)	114
p.(Q728D)	91
p.(Q728C)	106
p.(Q728Q)	0
p.(Q728E)	93
p.(Q728G)	106
p.(Q728H)	106
p.(Q728I)	55
p.(Q728K)	84
p.(Q728M)	94
p.(Q728F)	78
p.(Q728P)	84
p.(Q728L)	36
p.(Q728S)	95
p.(Q728T)	92
p.(Q728W)	127
p.(Q728Y)	75
p.(Q728V)	126
p.(P729A)	157
p.(P729R)	213
p.(P729N)	74
p.(P729D)	71
p.(P729C)	63
p.(P729Q)	229
p.(P729E)	62
p.(P729G)	53
p.(P729H)	59
p.(P729I)	110
p.(P729K)	62
p.(P729M)	84
p.(P729F)	55
p.(P729P)	0
p.(P729L)	104
p.(P729S)	74
p.(P729T)	103
p.(P729W)	49
p.(P729Y)	80
p.(P729V)	72
p.(G730A)	65
p.(G730R)	257
p.(G730N)	63
p.(G730D)	126
p.(G730C)	67
p.(G730Q)	101
p.(G730E)	1464
p.(G730G)	0
p.(G730H)	104
p.(G730I)	121
p.(G730K)	305
p.(G730M)	75
p.(G730F)	54
p.(G730P)	64
p.(G730L)	122
p.(G730S)	118
p.(G730T)	102
p.(G730W)	92
p.(G730Y)	86
p.(G730V)	466
p.(K731A)	77
p.(K731R)	1274
p.(K731N)	108
p.(K731D)	80
p.(K731C)	108
p.(K731Q)	124
p.(K731E)	91
p.(K731G)	57
p.(K731H)	91
p.(K731I)	131
p.(K731K)	0
p.(K731M)	84
p.(K731F)	70
p.(K731P)	99
p.(K731L)	108
p.(K731S)	89
p.(K731T)	120
p.(K731W)	95
p.(K731Y)	97
p.(K731V)	93
p.(T732A)	95
p.(T732R)	117
p.(T732N)	135
p.(T732D)	308
p.(T732C)	95
p.(T732Q)	91
p.(T732E)	104
p.(T732G)	54
p.(T732H)	257
p.(T732I)	89
p.(T732K)	67
p.(T732M)	69
p.(T732F)	98
p.(T732P)	77
p.(T732L)	119
p.(T732S)	146
p.(T732T)	0
p.(T732W)	141
p.(T732Y)	133
p.(T732V)	90
p.(I733A)	38
p.(I733R)	95
p.(I733N)	102
p.(I733D)	40
p.(I733C)	85
p.(I733Q)	65
p.(I733E)	72
p.(I733G)	70
p.(I733H)	73
p.(I733I)	0
p.(I733K)	72
p.(I733M)	75
p.(I733F)	86
p.(I733P)	75
p.(I733L)	110
p.(I733S)	64
p.(I733T)	67
p.(I733W)	72
p.(I733Y)	71
p.(I733V)	190
p.(W734A)	45
p.(W734R)	72
p.(W734N)	82
p.(W734D)	75
p.(W734C)	390
p.(W734Q)	69
p.(W734E)	104
p.(W734G)	1406
p.(W734H)	94
p.(W734I)	63
p.(W734K)	73
p.(W734M)	100
p.(W734F)	98
p.(W734P)	63
p.(W734L)	292
p.(W734S)	59
p.(W734T)	93
p.(W734W)	0
p.(W734Y)	48
p.(W734V)	109
p.(V735A)	76
p.(V735R)	84
p.(V735N)	61
p.(V735D)	76
p.(V735C)	123
p.(V735Q)	92
p.(V735E)	78
p.(V735G)	53
p.(V735H)	91
p.(V735I)	227
p.(V735K)	71
p.(V735M)	85
p.(V735F)	101
p.(V735P)	61
p.(V735L)	118
p.(V735S)	91
p.(V735T)	91
p.(V735W)	92
p.(V735Y)	50
p.(V735V)	0
p.(E736A)	119
p.(E736R)	59
p.(E736N)	68
p.(E736D)	113
p.(E736C)	63
p.(E736Q)	80
p.(E736E)	0
p.(E736G)	72
p.(E736H)	95
p.(E736I)	95
p.(E736K)	328
p.(E736M)	74
p.(E736F)	96
p.(E736P)	107
p.(E736L)	57
p.(E736S)	110
p.(E736T)	98
p.(E736W)	81
p.(E736Y)	95
p.(E736V)	138
p.(H737A)	94
p.(H737R)	87
p.(H737N)	94
p.(H737D)	134
p.(H737C)	89
p.(H737Q)	90
p.(H737E)	121
p.(H737G)	108
p.(H737H)	0
p.(H737I)	82
p.(H737K)	97
p.(H737M)	108
p.(H737F)	82
p.(H737P)	89
p.(H737L)	84
p.(H737S)	77
p.(H737T)	58
p.(H737W)	82
p.(H737Y)	97
p.(H737V)	69
p.(K738A)	98
p.(K738R)	71
p.(K738N)	130
p.(K738D)	68
p.(K738C)	118
p.(K738Q)	164
p.(K738E)	268
p.(K738G)	74
p.(K738H)	59
p.(K738I)	118
p.(K738K)	0
p.(K738M)	75
p.(K738F)	97
p.(K738P)	77
p.(K738L)	56
p.(K738S)	81
p.(K738T)	73
p.(K738W)	73
p.(K738Y)	87
p.(K738V)	70
p.(L739A)	113
p.(L739R)	54
p.(L739N)	117
p.(L739D)	80
p.(L739C)	87
p.(L739Q)	55
p.(L739E)	68
p.(L739G)	66
p.(L739H)	81
p.(L739I)	148
p.(L739K)	70
p.(L739M)	82
p.(L739F)	119
p.(L739P)	99
p.(L739L)	0
p.(L739S)	102
p.(L739T)	60
p.(L739W)	94
p.(L739Y)	91
p.(L739V)	75
p.(V740A)	80
p.(V740R)	109
p.(V740N)	70
p.(V740D)	98
p.(V740C)	47
p.(V740Q)	118
p.(V740E)	143
p.(V740G)	65
p.(V740H)	110
p.(V740I)	126
p.(V740K)	81
p.(V740M)	159
p.(V740F)	158
p.(V740P)	89
p.(V740L)	723
p.(V740S)	73
p.(V740T)	95
p.(V740W)	102
p.(V740Y)	107
p.(V740V)	0
p.(K741A)	90
p.(K741R)	77
p.(K741N)	111
p.(K741D)	98
p.(K741C)	72
p.(K741Q)	84
p.(K741E)	119
p.(K741G)	79
p.(K741H)	119
p.(K741I)	76
p.(K741K)	0
p.(K741M)	143
p.(K741F)	69
p.(K741P)	91
p.(K741L)	67
p.(K741S)	110
p.(K741T)	69
p.(K741W)	57
p.(K741Y)	75
p.(K741V)	67
p.(I742A)	84
p.(I742R)	62
p.(I742N)	79
p.(I742D)	34
p.(I742C)	56
p.(I742Q)	88
p.(I742E)	80
p.(I742G)	60
p.(I742H)	44
p.(I742I)	0
p.(I742K)	33
p.(I742M)	88
p.(I742F)	70
p.(I742P)	83
p.(I742L)	84
p.(I742S)	78
p.(I742T)	86
p.(I742W)	40
p.(I742Y)	54
p.(I742V)	89
p.(V743A)	179
p.(V743R)	51
p.(V743N)	81
p.(V743D)	38
p.(V743C)	99
p.(V743Q)	75
p.(V743E)	162
p.(V743G)	37
p.(V743H)	92
p.(V743I)	41
p.(V743K)	48
p.(V743M)	71
p.(V743F)	105
p.(V743P)	59
p.(V743L)	85
p.(V743S)	50
p.(V743T)	46
p.(V743W)	66
p.(V743Y)	58
p.(V743V)	0
p.(D744A)	93
p.(D744R)	93
p.(D744N)	239
p.(D744D)	0
p.(D744C)	101
p.(D744Q)	91
p.(D744E)	126
p.(D744G)	63
p.(D744H)	106
p.(D744I)	92
p.(D744K)	79
p.(D744M)	94
p.(D744F)	78
p.(D744P)	71
p.(D744L)	86
p.(D744S)	84
p.(D744T)	110
p.(D744W)	87
p.(D744Y)	74
p.(D744V)	74
p.(A745A)	0
p.(A745R)	98
p.(A745N)	107
p.(A745D)	73
p.(A745C)	123
p.(A745Q)	80
p.(A745E)	77
p.(A745G)	66
p.(A745H)	89
p.(A745I)	101
p.(A745K)	64
p.(A745M)	94
p.(A745F)	65
p.(A745P)	72
p.(A745L)	99
p.(A745S)	256
p.(A745T)	238
p.(A745W)	73
p.(A745Y)	99
p.(A745V)	60
p.(V746A)	100
p.(V746R)	101
p.(V746N)	104
p.(V746D)	72
p.(V746C)	171
p.(V746Q)	103
p.(V746E)	196
p.(V746G)	104
p.(V746H)	75
p.(V746I)	110
p.(V746K)	97
p.(V746M)	331
p.(V746F)	92
p.(V746P)	103
p.(V746L)	72
p.(V746S)	47
p.(V746T)	84
p.(V746W)	394
p.(V746Y)	76
p.(V746V)	0
p.(E747A)	51
p.(E747R)	63
p.(E747N)	81
p.(E747D)	250
p.(E747C)	100
p.(E747Q)	118
p.(E747E)	0
p.(E747G)	300
p.(E747H)	70
p.(E747I)	50
p.(E747K)	198
p.(E747M)	62
p.(E747F)	76
p.(E747P)	74
p.(E747L)	66
p.(E747S)	479
p.(E747T)	101
p.(E747W)	102
p.(E747Y)	70
p.(E747V)	168
p.(L748A)	34
p.(L748R)	61
p.(L748N)	23
p.(L748D)	38
p.(L748C)	75
p.(L748Q)	83
p.(L748E)	52
p.(L748G)	81
p.(L748H)	21
p.(L748I)	111
p.(L748K)	55
p.(L748M)	38
p.(L748F)	94
p.(L748P)	25
p.(L748L)	0
p.(L748S)	38
p.(L748T)	49
p.(L748W)	76
p.(L748Y)	75
p.(L748V)	172
p.(V749A)	127
p.(V749R)	145
p.(V749N)	131
p.(V749D)	125
p.(V749C)	126
p.(V749Q)	129
p.(V749E)	124
p.(V749G)	17
p.(V749H)	95
p.(V749I)	232
p.(V749K)	112
p.(V749M)	119
p.(V749F)	134
p.(V749P)	54
p.(V749L)	108
p.(V749S)	136
p.(V749T)	119
p.(V749W)	78
p.(V749Y)	89
p.(V749V)	0
p.(D750A)	100
p.(D750R)	96
p.(D750N)	140
p.(D750D)	0
p.(D750C)	99
p.(D750Q)	52
p.(D750E)	171
p.(D750G)	267
p.(D750H)	96
p.(D750I)	106
p.(D750K)	87
p.(D750M)	122
p.(D750F)	98
p.(D750P)	90
p.(D750L)	118
p.(D750S)	87
p.(D750T)	116
p.(D750W)	56
p.(D750Y)	272
p.(D750V)	103
p.(E751A)	78
p.(E751R)	106
p.(E751N)	117
p.(E751D)	82
p.(E751C)	69
p.(E751Q)	146
p.(E751E)	0
p.(E751G)	237
p.(E751H)	104
p.(E751I)	153
p.(E751K)	128
p.(E751M)	154
p.(E751F)	89
p.(E751P)	128
p.(E751L)	92
p.(E751S)	105
p.(E751T)	118
p.(E751W)	133
p.(E751Y)	129
p.(E751V)	95
p.(Q752A)	98
p.(Q752R)	163
p.(Q752N)	105
p.(Q752D)	104
p.(Q752C)	93
p.(Q752Q)	0
p.(Q752E)	76
p.(Q752G)	137
p.(Q752H)	88
p.(Q752I)	116
p.(Q752K)	183
p.(Q752M)	109
p.(Q752F)	87
p.(Q752P)	95
p.(Q752L)	89
p.(Q752S)	123
p.(Q752T)	115
p.(Q752W)	122
p.(Q752Y)	94
p.(Q752V)	112
p.(G753A)	135
p.(G753R)	77
p.(G753N)	117
p.(G753D)	115
p.(G753C)	99
p.(G753Q)	98
p.(G753E)	329
p.(G753G)	0
p.(G753H)	137
p.(G753I)	89
p.(G753K)	108
p.(G753M)	139
p.(G753F)	147
p.(G753P)	120
p.(G753L)	115
p.(G753S)	93
p.(G753T)	118
p.(G753W)	399
p.(G753Y)	122
p.(G753V)	93
p.(V754A)	154
p.(V754R)	122
p.(V754N)	134
p.(V754D)	102
p.(V754C)	91
p.(V754Q)	110
p.(V754E)	137
p.(V754G)	133
p.(V754H)	122
p.(V754I)	121
p.(V754K)	138
p.(V754M)	94
p.(V754F)	229
p.(V754P)	88
p.(V754L)	489
p.(V754S)	81
p.(V754T)	80
p.(V754W)	188
p.(V754Y)	97
p.(V754V)	0
p.(N755A)	114
p.(N755R)	133
p.(N755N)	0
p.(N755D)	109
p.(N755C)	113
p.(N755Q)	140
p.(N755E)	117
p.(N755G)	130
p.(N755H)	127
p.(N755I)	67
p.(N755K)	158
p.(N755M)	76
p.(N755F)	95
p.(N755P)	96
p.(N755L)	93
p.(N755S)	58
p.(N755T)	606
p.(N755W)	104
p.(N755Y)	171
p.(N755V)	86
p.(L756A)	100
p.(L756R)	92
p.(L756N)	103
p.(L756D)	100
p.(L756C)	83
p.(L756Q)	100
p.(L756E)	78
p.(L756G)	83
p.(L756H)	77
p.(L756I)	103
p.(L756K)	93
p.(L756M)	138
p.(L756F)	187
p.(L756P)	106
p.(L756L)	0
p.(L756S)	82
p.(L756T)	132
p.(L756W)	93
p.(L756Y)	101
p.(L756V)	85
p.(E757A)	70
p.(E757R)	2
p.(E757N)	111
p.(E757D)	273
p.(E757C)	111
p.(E757Q)	97
p.(E757E)	0
p.(E757G)	108
p.(E757H)	101
p.(E757I)	115
p.(E757K)	99
p.(E757M)	129
p.(E757F)	78
p.(E757P)	83
p.(E757L)	80
p.(E757S)	89
p.(E757T)	94
p.(E757W)	103
p.(E757Y)	95
p.(E757V)	93
p.(L758A)	93
p.(L758R)	68
p.(L758N)	75
p.(L758D)	81
p.(L758C)	89
p.(L758Q)	77
p.(L758E)	50
p.(L758G)	62
p.(L758H)	206
p.(L758I)	68
p.(L758K)	87
p.(L758M)	125
p.(L758F)	384
p.(L758P)	105
p.(L758L)	0
p.(L758S)	114
p.(L758T)	112
p.(L758W)	107
p.(L758Y)	98
p.(L758V)	84
p.(T759A)	135
p.(T759R)	66
p.(T759N)	98
p.(T759D)	107
p.(T759C)	110
p.(T759Q)	66
p.(T759E)	96
p.(T759G)	97
p.(T759H)	72
p.(T759I)	398
p.(T759K)	89
p.(T759M)	115
p.(T759F)	79
p.(T759P)	87
p.(T759L)	89
p.(T759S)	102
p.(T759T)	0
p.(T759W)	101
p.(T759Y)	78
p.(T759V)	90
p.(L760A)	129
p.(L760R)	122
p.(L760N)	78
p.(L760D)	71
p.(L760C)	105
p.(L760Q)	32
p.(L760E)	89
p.(L760G)	49
p.(L760H)	95
p.(L760I)	174
p.(L760K)	87
p.(L760M)	218
p.(L760F)	81
p.(L760P)	80
p.(L760L)	0
p.(L760S)	65
p.(L760T)	119
p.(L760W)	260
p.(L760Y)	74
p.(L760V)	102
p.(V761A)	67
p.(V761R)	99
p.(V761N)	90
p.(V761D)	102
p.(V761C)	87
p.(V761Q)	78
p.(V761E)	165
p.(V761G)	105
p.(V761H)	76
p.(V761I)	121
p.(V761K)	112
p.(V761M)	118
p.(V761F)	98
p.(V761P)	93
p.(V761L)	100
p.(V761S)	110
p.(V761T)	105
p.(V761W)	97
p.(V761Y)	71
p.(V761V)	0
p.(T762A)	171
p.(T762R)	71
p.(T762N)	200
p.(T762D)	68
p.(T762C)	94
p.(T762Q)	119
p.(T762E)	82
p.(T762G)	45
p.(T762H)	118
p.(T762I)	107
p.(T762K)	119
p.(T762M)	423
p.(T762F)	115
p.(T762P)	80
p.(T762L)	80
p.(T762S)	116
p.(T762T)	0
p.(T762W)	104
p.(T762Y)	185
p.(T762V)	116
p.(L763A)	105
p.(L763R)	59
p.(L763N)	97
p.(L763D)	126
p.(L763C)	125
p.(L763Q)	85
p.(L763E)	118
p.(L763G)	80
p.(L763H)	128
p.(L763I)	107
p.(L763K)	80
p.(L763M)	114
p.(L763F)	203
p.(L763P)	85
p.(L763L)	0
p.(L763S)	111
p.(L763T)	95
p.(L763W)	68
p.(L763Y)	116
p.(L763V)	143
p.(D764A)	84
p.(D764R)	49
p.(D764N)	124
p.(D764D)	0
p.(D764C)	76
p.(D764Q)	103
p.(D764E)	150
p.(D764G)	145
p.(D764H)	87
p.(D764I)	65
p.(D764K)	72
p.(D764M)	105
p.(D764F)	105
p.(D764P)	39
p.(D764L)	79
p.(D764S)	112
p.(D764T)	76
p.(D764W)	110
p.(D764Y)	333
p.(D764V)	175
p.(T765A)	304
p.(T765R)	91
p.(T765N)	93
p.(T765D)	107
p.(T765C)	94
p.(T765Q)	109
p.(T765E)	83
p.(T765G)	98
p.(T765H)	81
p.(T765I)	91
p.(T765K)	109
p.(T765M)	114
p.(T765F)	103
p.(T765P)	128
p.(T765L)	120
p.(T765S)	136
p.(T765T)	0
p.(T765W)	86
p.(T765Y)	99
p.(T765V)	91
p.(N766A)	63
p.(N766R)	39
p.(N766N)	0
p.(N766D)	220
p.(N766C)	89
p.(N766Q)	138
p.(N766E)	56
p.(N766G)	93
p.(N766H)	121
p.(N766I)	95
p.(N766K)	163
p.(N766M)	90
p.(N766F)	157
p.(N766P)	96
p.(N766L)	132
p.(N766S)	90
p.(N766T)	117
p.(N766W)	58
p.(N766Y)	93
p.(N766V)	95
p.(E767A)	87
p.(E767R)	100
p.(E767N)	93
p.(E767D)	103
p.(E767C)	133
p.(E767Q)	124
p.(E767E)	0
p.(E767G)	137
p.(E767H)	107
p.(E767I)	128
p.(E767K)	109
p.(E767M)	118
p.(E767F)	100
p.(E767P)	73
p.(E767L)	108
p.(E767S)	80
p.(E767T)	152
p.(E767W)	129
p.(E767Y)	107
p.(E767V)	101
p.(K768A)	90
p.(K768R)	109
p.(K768N)	127
p.(K768D)	71
p.(K768C)	97
p.(K768Q)	88
p.(K768E)	117
p.(K768G)	67
p.(K768H)	65
p.(K768I)	100
p.(K768K)	0
p.(K768M)	104
p.(K768F)	82
p.(K768P)	122
p.(K768L)	131
p.(K768S)	100
p.(K768T)	124
p.(K768W)	77
p.(K768Y)	152
p.(K768V)	115
p.(F769A)	67
p.(F769R)	99
p.(F769N)	129
p.(F769D)	79
p.(F769C)	100
p.(F769Q)	95
p.(F769E)	122
p.(F769G)	90
p.(F769H)	97
p.(F769I)	87
p.(F769K)	73
p.(F769M)	110
p.(F769F)	0
p.(F769P)	78
p.(F769L)	674
p.(F769S)	80
p.(F769T)	59
p.(F769W)	50
p.(F769Y)	102
p.(F769V)	111
p.(R770A)	133
p.(R770R)	0
p.(R770N)	94
p.(R770D)	110
p.(R770C)	169
p.(R770Q)	92
p.(R770E)	564
p.(R770G)	97
p.(R770H)	118
p.(R770I)	485
p.(R770K)	318
p.(R770M)	108
p.(R770F)	128
p.(R770P)	109
p.(R770L)	138
p.(R770S)	173
p.(R770T)	127
p.(R770W)	78
p.(R770Y)	119
p.(R770V)	100
p.(D771A)	124
p.(D771R)	54
p.(D771N)	82
p.(D771D)	0
p.(D771C)	89
p.(D771Q)	75
p.(D771E)	155
p.(D771G)	66
p.(D771H)	112
p.(D771I)	56
p.(D771K)	73
p.(D771M)	138
p.(D771F)	108
p.(D771P)	98
p.(D771L)	82
p.(D771S)	124
p.(D771T)	88
p.(D771W)	109
p.(D771Y)	330
p.(D771V)	218
p.(I772A)	2
p.(I772R)	90
p.(I772N)	134
p.(I772D)	9
p.(I772C)	88
p.(I772Q)	93
p.(I772E)	4
p.(I772G)	1
p.(I772H)	119
p.(I772I)	0
p.(I772K)	97
p.(I772M)	71
p.(I772F)	86
p.(I772P)	98
p.(I772L)	110
p.(I772S)	96
p.(I772T)	69
p.(I772W)	104
p.(I772Y)	78
p.(I772V)	3
p.(T773A)	119
p.(T773R)	90
p.(T773N)	119
p.(T773D)	75
p.(T773C)	136
p.(T773Q)	650
p.(T773E)	52
p.(T773G)	120
p.(T773H)	54
p.(T773I)	224
p.(T773K)	1122
p.(T773M)	178
p.(T773F)	125
p.(T773P)	78
p.(T773L)	141
p.(T773S)	149
p.(T773T)	0
p.(T773W)	91
p.(T773Y)	91
p.(T773V)	78
p.(R774A)	153
p.(R774R)	0
p.(R774N)	110
p.(R774D)	687
p.(R774C)	126
p.(R774Q)	67
p.(R774E)	90
p.(R774G)	72
p.(R774H)	105
p.(R774I)	370
p.(R774K)	288
p.(R774M)	115
p.(R774F)	80
p.(R774P)	99
p.(R774L)	110
p.(R774S)	89
p.(R774T)	99
p.(R774W)	148
p.(R774Y)	161
p.(R774V)	100
p.(F775A)	72
p.(F775R)	98
p.(F775N)	113
p.(F775D)	62
p.(F775C)	51
p.(F775Q)	86
p.(F775E)	92
p.(F775G)	75
p.(F775H)	213
p.(F775I)	97
p.(F775K)	108
p.(F775M)	115
p.(F775F)	0
p.(F775P)	49
p.(F775L)	163
p.(F775S)	307
p.(F775T)	99
p.(F775W)	115
p.(F775Y)	93
p.(F775V)	83
p.(I776A)	99
p.(I776R)	122
p.(I776N)	102
p.(I776D)	116
p.(I776C)	100
p.(I776Q)	51
p.(I776E)	93
p.(I776G)	75
p.(I776H)	75
p.(I776I)	0
p.(I776K)	118
p.(I776M)	319
p.(I776F)	139
p.(I776P)	52
p.(I776L)	126
p.(I776S)	129
p.(I776T)	214
p.(I776W)	145
p.(I776Y)	98
p.(I776V)	119
p.(P777A)	88
p.(P777R)	198
p.(P777N)	44
p.(P777D)	93
p.(P777C)	111
p.(P777Q)	278
p.(P777E)	63
p.(P777G)	68
p.(P777H)	119
p.(P777I)	69
p.(P777K)	119
p.(P777M)	97
p.(P777F)	71
p.(P777P)	0
p.(P777L)	82
p.(P777S)	116
p.(P777T)	86
p.(P777W)	91
p.(P777Y)	108
p.(P777V)	80
p.(E778A)	159
p.(E778R)	119
p.(E778N)	101
p.(E778D)	75
p.(E778C)	132
p.(E778Q)	96
p.(E778E)	0
p.(E778G)	88
p.(E778H)	82
p.(E778I)	104
p.(E778K)	62
p.(E778M)	118
p.(E778F)	97
p.(E778P)	119
p.(E778L)	68
p.(E778S)	126
p.(E778T)	84
p.(E778W)	134
p.(E778Y)	98
p.(E778V)	76
p.(T779A)	106
p.(T779R)	58
p.(T779N)	185
p.(T779D)	109
p.(T779C)	98
p.(T779Q)	898
p.(T779E)	156
p.(T779G)	98
p.(T779H)	121
p.(T779I)	205
p.(T779K)	33
p.(T779M)	78
p.(T779F)	110
p.(T779P)	110
p.(T779L)	95
p.(T779S)	117
p.(T779T)	0
p.(T779W)	169
p.(T779Y)	96
p.(T779V)	120
p.(I780A)	94
p.(I780R)	91
p.(I780N)	88
p.(I780D)	83
p.(I780C)	111
p.(I780Q)	122
p.(I780E)	70
p.(I780G)	42
p.(I780H)	79
p.(I780I)	0
p.(I780K)	60
p.(I780M)	110
p.(I780F)	107
p.(I780P)	59
p.(I780L)	111
p.(I780S)	60
p.(I780T)	201
p.(I780W)	108
p.(I780Y)	119
p.(I780V)	76
p.(S781A)	119
p.(S781R)	90
p.(S781N)	116
p.(S781D)	104
p.(S781C)	214
p.(S781Q)	91
p.(S781E)	91
p.(S781G)	246
p.(S781H)	125
p.(S781I)	122
p.(S781K)	52
p.(S781M)	89
p.(S781F)	92
p.(S781P)	42
p.(S781L)	61
p.(S781S)	0
p.(S781T)	96
p.(S781W)	84
p.(S781Y)	63
p.(S781V)	99
p.(P782A)	105
p.(P782R)	65
p.(P782N)	72
p.(P782D)	93
p.(P782C)	171
p.(P782Q)	119
p.(P782E)	83
p.(P782G)	93
p.(P782H)	90
p.(P782I)	143
p.(P782K)	110
p.(P782M)	95
p.(P782F)	137
p.(P782P)	0
p.(P782L)	987
p.(P782S)	144
p.(P782T)	272
p.(P782W)	77
p.(P782Y)	124
p.(P782V)	132
p.(A783A)	0
p.(A783R)	91
p.(A783N)	101
p.(A783D)	87
p.(A783C)	107
p.(A783Q)	117
p.(A783E)	105
p.(A783G)	82
p.(A783H)	99
p.(A783I)	109
p.(A783K)	87
p.(A783M)	75
p.(A783F)	65
p.(A783P)	84
p.(A783L)	90
p.(A783S)	46
p.(A783T)	354
p.(A783W)	88
p.(A783Y)	64
p.(A783V)	124
p.(S784A)	131
p.(S784R)	151
p.(S784N)	170
p.(S784D)	50
p.(S784C)	238
p.(S784Q)	132
p.(S784E)	106
p.(S784G)	263
p.(S784H)	145
p.(S784I)	453
p.(S784K)	105
p.(S784M)	177
p.(S784F)	106
p.(S784P)	113
p.(S784L)	58
p.(S784S)	0
p.(S784T)	75
p.(S784W)	121
p.(S784Y)	53
p.(S784V)	61
p.(D785A)	68
p.(D785R)	52
p.(D785N)	77
p.(D785D)	0
p.(D785C)	96
p.(D785Q)	84
p.(D785E)	115
p.(D785G)	241
p.(D785H)	130
p.(D785I)	124
p.(D785K)	72
p.(D785M)	1017
p.(D785F)	101
p.(D785P)	126
p.(D785L)	59
p.(D785S)	124
p.(D785T)	94
p.(D785W)	61
p.(D785Y)	313
p.(D785V)	117
p.(A786A)	0
p.(A786R)	103
p.(A786N)	86
p.(A786D)	188
p.(A786C)	126
p.(A786Q)	97
p.(A786E)	101
p.(A786G)	95
p.(A786H)	98
p.(A786I)	71
p.(A786K)	99
p.(A786M)	98
p.(A786F)	132
p.(A786P)	1005
p.(A786L)	114
p.(A786S)	111
p.(A786T)	169
p.(A786W)	65
p.(A786Y)	92
p.(A786V)	84
p.(T787A)	76
p.(T787R)	87
p.(T787N)	489
p.(T787D)	71
p.(T787C)	95
p.(T787Q)	103
p.(T787E)	86
p.(T787G)	85
p.(T787H)	108
p.(T787I)	204
p.(T787K)	121
p.(T787M)	88
p.(T787F)	159
p.(T787P)	99
p.(T787L)	101
p.(T787S)	104
p.(T787T)	0
p.(T787W)	104
p.(T787Y)	39
p.(T787V)	108
p.(L788A)	83
p.(L788R)	105
p.(L788N)	105
p.(L788D)	90
p.(L788C)	77
p.(L788Q)	60
p.(L788E)	90
p.(L788G)	30
p.(L788H)	132
p.(L788I)	126
p.(L788K)	68
p.(L788M)	106
p.(L788F)	279
p.(L788P)	58
p.(L788L)	0
p.(L788S)	99
p.(L788T)	70
p.(L788W)	56
p.(L788Y)	100
p.(L788V)	109
p.(V789A)	54
p.(V789R)	128
p.(V789N)	106
p.(V789D)	94
p.(V789C)	85
p.(V789Q)	81
p.(V789E)	120
p.(V789G)	100
p.(V789H)	80
p.(V789I)	196
p.(V789K)	118
p.(V789M)	119
p.(V789F)	89
p.(V789P)	87
p.(V789L)	137
p.(V789S)	140
p.(V789T)	90
p.(V789W)	65
p.(V789Y)	66
p.(V789V)	0
p.(I790A)	116
p.(I790R)	91
p.(I790N)	98
p.(I790D)	117
p.(I790C)	108
p.(I790Q)	110
p.(I790E)	70
p.(I790G)	101
p.(I790H)	105
p.(I790I)	0
p.(I790K)	270
p.(I790M)	320
p.(I790F)	105
p.(I790P)	123
p.(I790L)	113
p.(I790S)	110
p.(I790T)	109
p.(I790W)	54
p.(I790Y)	95
p.(I790V)	53
p.(N791A)	127
p.(N791R)	154
p.(N791N)	0
p.(N791D)	92
p.(N791C)	131
p.(N791Q)	87
p.(N791E)	122
p.(N791G)	66
p.(N791H)	77
p.(N791I)	110
p.(N791K)	274
p.(N791M)	47
p.(N791F)	86
p.(N791P)	145
p.(N791L)	94
p.(N791S)	73
p.(N791T)	109
p.(N791W)	103
p.(N791Y)	149
p.(N791V)	122
p.(T792A)	99
p.(T792R)	80
p.(T792N)	160
p.(T792D)	57
p.(T792C)	111
p.(T792Q)	119
p.(T792E)	82
p.(T792G)	113
p.(T792H)	76
p.(T792I)	74
p.(T792K)	85
p.(T792M)	115
p.(T792F)	90
p.(T792P)	52
p.(T792L)	325
p.(T792S)	108
p.(T792T)	0
p.(T792W)	127
p.(T792Y)	100
p.(T792V)	147
p.(E793A)	113
p.(E793R)	94
p.(E793N)	103
p.(E793D)	145
p.(E793C)	81
p.(E793Q)	143
p.(E793E)	0
p.(E793G)	367
p.(E793H)	112
p.(E793I)	69
p.(E793K)	977
p.(E793M)	85
p.(E793F)	160
p.(E793P)	101
p.(E793L)	84
p.(E793S)	94
p.(E793T)	105
p.(E793W)	80
p.(E793Y)	116
p.(E793V)	114
p.(H794A)	66
p.(H794R)	233
p.(H794N)	152
p.(H794D)	144
p.(H794C)	100
p.(H794Q)	120
p.(H794E)	99
p.(H794G)	85
p.(H794H)	0
p.(H794I)	454
p.(H794K)	84
p.(H794M)	113
p.(H794F)	116
p.(H794P)	101
p.(H794L)	114
p.(H794S)	118
p.(H794T)	138
p.(H794W)	133
p.(H794Y)	409
p.(H794V)	88
p.(M795A)	106
p.(M795R)	106
p.(M795N)	32
p.(M795D)	88
p.(M795C)	498
p.(M795Q)	120
p.(M795E)	97
p.(M795G)	156
p.(M795H)	94
p.(M795I)	101
p.(M795K)	130
p.(M795M)	0
p.(M795F)	128
p.(M795P)	114
p.(M795L)	117
p.(M795S)	96
p.(M795T)	163
p.(M795W)	120
p.(M795Y)	99
p.(M795V)	112
p.(P796A)	112
p.(P796R)	89
p.(P796N)	79
p.(P796D)	92
p.(P796C)	101
p.(P796Q)	164
p.(P796E)	137
p.(P796G)	88
p.(P796H)	794
p.(P796I)	100
p.(P796K)	120
p.(P796M)	108
p.(P796F)	100
p.(P796P)	0
p.(P796L)	137
p.(P796S)	131
p.(P796T)	99
p.(P796W)	72
p.(P796Y)	84
p.(P796V)	87
p.(S797A)	97
p.(S797R)	56
p.(S797N)	240
p.(S797D)	82
p.(S797C)	116
p.(S797Q)	88
p.(S797E)	75
p.(S797G)	267
p.(S797H)	193
p.(S797I)	157
p.(S797K)	97
p.(S797M)	122
p.(S797F)	89
p.(S797P)	105
p.(S797L)	155
p.(S797S)	0
p.(S797T)	71
p.(S797W)	116
p.(S797Y)	112
p.(S797V)	581
p.(M798A)	81
p.(M798R)	110
p.(M798N)	119
p.(M798D)	91
p.(M798C)	109
p.(M798Q)	101
p.(M798E)	181
p.(M798G)	73
p.(M798H)	57
p.(M798I)	231
p.(M798K)	104
p.(M798M)	0
p.(M798F)	116
p.(M798P)	117
p.(M798L)	126
p.(M798S)	102
p.(M798T)	102
p.(M798W)	124
p.(M798Y)	130
p.(M798V)	213
p.(F799A)	110
p.(F799R)	132
p.(F799N)	96
p.(F799D)	64
p.(F799C)	140
p.(F799Q)	76
p.(F799E)	122
p.(F799G)	68
p.(F799H)	84
p.(F799I)	97
p.(F799K)	95
p.(F799M)	119
p.(F799F)	0
p.(F799P)	81
p.(F799L)	178
p.(F799S)	128
p.(F799T)	87
p.(F799W)	66
p.(F799Y)	70
p.(F799V)	104
p.(V800A)	383
p.(V800R)	118
p.(V800N)	82
p.(V800D)	113
p.(V800C)	155
p.(V800Q)	83
p.(V800E)	75
p.(V800G)	111
p.(V800H)	98
p.(V800I)	126
p.(V800K)	78
p.(V800M)	199
p.(V800F)	115
p.(V800P)	121
p.(V800L)	112
p.(V800S)	77
p.(V800T)	58
p.(V800W)	71
p.(V800Y)	69
p.(V800V)	0
p.(P801A)	115
p.(P801R)	55
p.(P801N)	116
p.(P801D)	98
p.(P801C)	141
p.(P801Q)	1179
p.(P801E)	108
p.(P801G)	106
p.(P801H)	122
p.(P801I)	126
p.(P801K)	104
p.(P801M)	100
p.(P801F)	71
p.(P801P)	0
p.(P801L)	107
p.(P801S)	208
p.(P801T)	116
p.(P801W)	69
p.(P801Y)	94
p.(P801V)	83
p.(V802A)	58
p.(V802R)	45
p.(V802N)	77
p.(V802D)	72
p.(V802C)	76
p.(V802Q)	49
p.(V802E)	79
p.(V802G)	54
p.(V802H)	47
p.(V802I)	63
p.(V802K)	74
p.(V802M)	71
p.(V802F)	257
p.(V802P)	48
p.(V802L)	81
p.(V802S)	49
p.(V802T)	48
p.(V802W)	152
p.(V802Y)	50
p.(V802V)	0
p.(G803A)	107
p.(G803R)	121
p.(G803N)	104
p.(G803D)	109
p.(G803C)	37
p.(G803Q)	121
p.(G803E)	1124
p.(G803G)	0
p.(G803H)	111
p.(G803I)	96
p.(G803K)	82
p.(G803M)	86
p.(G803F)	63
p.(G803P)	104
p.(G803L)	80
p.(G803S)	87
p.(G803T)	73
p.(G803W)	169
p.(G803Y)	46
p.(G803V)	95
p.(D804A)	101
p.(D804R)	91
p.(D804N)	307
p.(D804D)	0
p.(D804C)	166
p.(D804Q)	114
p.(D804E)	90
p.(D804G)	81
p.(D804H)	78
p.(D804I)	50
p.(D804K)	79
p.(D804M)	1066
p.(D804F)	94
p.(D804P)	121
p.(D804L)	65
p.(D804S)	102
p.(D804T)	130
p.(D804W)	112
p.(D804Y)	82
p.(D804V)	103
p.(V805A)	68
p.(V805R)	40
p.(V805N)	49
p.(V805D)	47
p.(V805C)	155
p.(V805Q)	78
p.(V805E)	102
p.(V805G)	186
p.(V805H)	100
p.(V805I)	85
p.(V805K)	76
p.(V805M)	227
p.(V805F)	93
p.(V805P)	96
p.(V805L)	233
p.(V805S)	103
p.(V805T)	70
p.(V805W)	1084
p.(V805Y)	58
p.(V805V)	0
p.(V806A)	70
p.(V806R)	79
p.(V806N)	93
p.(V806D)	58
p.(V806C)	39
p.(V806Q)	74
p.(V806E)	63
p.(V806G)	212
p.(V806H)	61
p.(V806I)	104
p.(V806K)	53
p.(V806M)	68
p.(V806F)	180
p.(V806P)	188
p.(V806L)	83
p.(V806S)	83
p.(V806T)	75
p.(V806W)	65
p.(V806Y)	120
p.(V806V)	0
p.(Q807A)	59
p.(Q807R)	87
p.(Q807N)	67
p.(Q807D)	122
p.(Q807C)	114
p.(Q807Q)	0
p.(Q807E)	66
p.(Q807G)	64
p.(Q807H)	107
p.(Q807I)	79
p.(Q807K)	205
p.(Q807M)	84
p.(Q807F)	87
p.(Q807P)	100
p.(Q807L)	89
p.(Q807S)	87
p.(Q807T)	96
p.(Q807W)	72
p.(Q807Y)	91
p.(Q807V)	68
p.(Y808A)	87
p.(Y808R)	100
p.(Y808N)	48
p.(Y808D)	80
p.(Y808C)	71
p.(Y808Q)	77
p.(Y808E)	74
p.(Y808G)	61
p.(Y808H)	244
p.(Y808I)	62
p.(Y808K)	51
p.(Y808M)	1351
p.(Y808F)	181
p.(Y808P)	129
p.(Y808L)	120
p.(Y808S)	72
p.(Y808T)	48
p.(Y808W)	224
p.(Y808Y)	0
p.(Y808V)	99
p.(G809A)	78
p.(G809R)	82
p.(G809N)	89
p.(G809D)	84
p.(G809C)	78
p.(G809Q)	72
p.(G809E)	214
p.(G809G)	0
p.(G809H)	116
p.(G809I)	65
p.(G809K)	98
p.(G809M)	68
p.(G809F)	68
p.(G809P)	83
p.(G809L)	76
p.(G809S)	73
p.(G809T)	84
p.(G809W)	460
p.(G809Y)	93
p.(G809V)	218
p.(F810A)	104
p.(F810R)	70
p.(F810N)	82
p.(F810D)	79
p.(F810C)	98
p.(F810Q)	110
p.(F810E)	70
p.(F810G)	93
p.(F810H)	68
p.(F810I)	104
p.(F810K)	71
p.(F810M)	87
p.(F810F)	0
p.(F810P)	75
p.(F810L)	126
p.(F810S)	208
p.(F810T)	96
p.(F810W)	100
p.(F810Y)	99
p.(F810V)	103
p.(L811A)	114
p.(L811R)	69
p.(L811N)	71
p.(L811D)	68
p.(L811C)	121
p.(L811Q)	69
p.(L811E)	62
p.(L811G)	66
p.(L811H)	90
p.(L811I)	83
p.(L811K)	66
p.(L811M)	108
p.(L811F)	96
p.(L811P)	108
p.(L811L)	0
p.(L811S)	107
p.(L811T)	93
p.(L811W)	122
p.(L811Y)	121
p.(L811V)	79
p.(N812A)	84
p.(N812R)	49
p.(N812N)	0
p.(N812D)	315
p.(N812C)	94
p.(N812Q)	119
p.(N812E)	270
p.(N812G)	93
p.(N812H)	102
p.(N812I)	71
p.(N812K)	136
p.(N812M)	96
p.(N812F)	94
p.(N812P)	194
p.(N812L)	109
p.(N812S)	75
p.(N812T)	159
p.(N812W)	98
p.(N812Y)	129
p.(N812V)	63
p.(L813A)	41
p.(L813R)	71
p.(L813N)	93
p.(L813D)	70
p.(L813C)	105
p.(L813Q)	73
p.(L813E)	104
p.(L813G)	74
p.(L813H)	98
p.(L813I)	89
p.(L813K)	45
p.(L813M)	109
p.(L813F)	213
p.(L813P)	469
p.(L813L)	0
p.(L813S)	97
p.(L813T)	79
p.(L813W)	44
p.(L813Y)	72
p.(L813V)	97
p.(S814A)	72
p.(S814R)	95
p.(S814N)	188
p.(S814D)	121
p.(S814C)	232
p.(S814Q)	84
p.(S814E)	97
p.(S814G)	272
p.(S814H)	103
p.(S814I)	60
p.(S814K)	89
p.(S814M)	85
p.(S814F)	100
p.(S814P)	55
p.(S814L)	91
p.(S814S)	0
p.(S814T)	92
p.(S814W)	71
p.(S814Y)	84
p.(S814V)	47
p.(G815A)	109
p.(G815R)	79
p.(G815N)	79
p.(G815D)	105
p.(G815C)	98
p.(G815Q)	84
p.(G815E)	86
p.(G815G)	0
p.(G815H)	109
p.(G815I)	94
p.(G815K)	63
p.(G815M)	79
p.(G815F)	42
p.(G815P)	64
p.(G815L)	83
p.(G815S)	113
p.(G815T)	95
p.(G815W)	77
p.(G815Y)	98
p.(G815V)	203
p.(K816A)	127
p.(K816R)	86
p.(K816N)	258
p.(K816D)	57
p.(K816C)	83
p.(K816Q)	107
p.(K816E)	113
p.(K816G)	101
p.(K816H)	72
p.(K816I)	77
p.(K816K)	0
p.(K816M)	132
p.(K816F)	99
p.(K816P)	105
p.(K816L)	81
p.(K816S)	39
p.(K816T)	141
p.(K816W)	58
p.(K816Y)	92
p.(K816V)	119
p.(P817A)	49
p.(P817R)	96
p.(P817N)	106
p.(P817D)	45
p.(P817C)	76
p.(P817Q)	105
p.(P817E)	121
p.(P817G)	86
p.(P817H)	121
p.(P817I)	90
p.(P817K)	93
p.(P817M)	74
p.(P817F)	105
p.(P817P)	0
p.(P817L)	90
p.(P817S)	461
p.(P817T)	273
p.(P817W)	132
p.(P817Y)	52
p.(P817V)	60
p.(T818A)	115
p.(T818R)	108
p.(T818N)	72
p.(T818D)	41
p.(T818C)	93
p.(T818Q)	91
p.(T818E)	81
p.(T818G)	134
p.(T818H)	73
p.(T818I)	284
p.(T818K)	38
p.(T818M)	94
p.(T818F)	60
p.(T818P)	106
p.(T818L)	36
p.(T818S)	75
p.(T818T)	0
p.(T818W)	92
p.(T818Y)	43
p.(T818V)	118
p.(H819A)	52
p.(H819R)	193
p.(H819N)	43
p.(H819D)	109
p.(H819C)	64
p.(H819Q)	152
p.(H819E)	102
p.(H819G)	73
p.(H819H)	0
p.(H819I)	52
p.(H819K)	47
p.(H819M)	82
p.(H819F)	56
p.(H819P)	96
p.(H819L)	224
p.(H819S)	91
p.(H819T)	57
p.(H819W)	55
p.(H819Y)	468
p.(H819V)	119
p.(R820A)	81
p.(R820R)	0
p.(R820N)	64
p.(R820D)	112
p.(R820C)	91
p.(R820Q)	108
p.(R820E)	71
p.(R820G)	328
p.(R820H)	65
p.(R820I)	99
p.(R820K)	125
p.(R820M)	309
p.(R820F)	90
p.(R820P)	55
p.(R820L)	88
p.(R820S)	64
p.(R820T)	99
p.(R820W)	148
p.(R820Y)	105
p.(R820V)	78
p.(T821A)	85
p.(T821R)	82
p.(T821N)	125
p.(T821D)	51
p.(T821C)	88
p.(T821Q)	45
p.(T821E)	50
p.(T821G)	76
p.(T821H)	88
p.(T821I)	82
p.(T821K)	121
p.(T821M)	66
p.(T821F)	94
p.(T821P)	79
p.(T821L)	75
p.(T821S)	45
p.(T821T)	0
p.(T821W)	107
p.(T821Y)	119
p.(T821V)	80
p.(M822A)	67
p.(M822R)	98
p.(M822N)	63
p.(M822D)	49
p.(M822C)	57
p.(M822Q)	80
p.(M822E)	58
p.(M822G)	124
p.(M822H)	77
p.(M822I)	81
p.(M822K)	117
p.(M822M)	0
p.(M822F)	73
p.(M822P)	78
p.(M822L)	51
p.(M822S)	94
p.(M822T)	70
p.(M822W)	55
p.(M822Y)	71
p.(M822V)	192
p.(M823A)	83
p.(M823R)	51
p.(M823N)	99
p.(M823D)	103
p.(M823C)	100
p.(M823Q)	82
p.(M823E)	68
p.(M823G)	79
p.(M823H)	46
p.(M823I)	67
p.(M823K)	86
p.(M823M)	0
p.(M823F)	60
p.(M823P)	67
p.(M823L)	93
p.(M823S)	101
p.(M823T)	228
p.(M823W)	83
p.(M823Y)	54
p.(M823V)	91
p.(Y824A)	68
p.(Y824R)	49
p.(Y824N)	73
p.(Y824D)	53
p.(Y824C)	282
p.(Y824Q)	69
p.(Y824E)	66
p.(Y824G)	89
p.(Y824H)	81
p.(Y824I)	42
p.(Y824K)	65
p.(Y824M)	61
p.(Y824F)	161
p.(Y824P)	80
p.(Y824L)	78
p.(Y824S)	50
p.(Y824T)	113
p.(Y824W)	82
p.(Y824Y)	0
p.(Y824V)	81
p.(N825A)	56
p.(N825R)	68
p.(N825N)	0
p.(N825D)	246
p.(N825C)	117
p.(N825Q)	118
p.(N825E)	60
p.(N825G)	58
p.(N825H)	103
p.(N825I)	172
p.(N825K)	62
p.(N825M)	71
p.(N825F)	56
p.(N825P)	71
p.(N825L)	53
p.(N825S)	81
p.(N825T)	86
p.(N825W)	74
p.(N825Y)	127
p.(N825V)	112
p.(F826A)	82
p.(F826R)	62
p.(F826N)	75
p.(F826D)	106
p.(F826C)	51
p.(F826Q)	54
p.(F826E)	57
p.(F826G)	73
p.(F826H)	98
p.(F826I)	72
p.(F826K)	90
p.(F826M)	99
p.(F826F)	0
p.(F826P)	131
p.(F826L)	106
p.(F826S)	114
p.(F826T)	81
p.(F826W)	124
p.(F826Y)	83
p.(F826V)	94
p.(P827A)	117
p.(P827R)	85
p.(P827N)	169
p.(P827D)	73
p.(P827C)	91
p.(P827Q)	70
p.(P827E)	44
p.(P827G)	71
p.(P827H)	57
p.(P827I)	48
p.(P827K)	73
p.(P827M)	93
p.(P827F)	50
p.(P827P)	0
p.(P827L)	81
p.(P827S)	81
p.(P827T)	62
p.(P827W)	38
p.(P827Y)	83
p.(P827V)	76
p.(T828A)	103
p.(T828R)	61
p.(T828N)	129
p.(T828D)	42
p.(T828C)	79
p.(T828Q)	337
p.(T828E)	88
p.(T828G)	47
p.(T828H)	26
p.(T828I)	72
p.(T828K)	97
p.(T828M)	83
p.(T828F)	92
p.(T828P)	111
p.(T828L)	46
p.(T828S)	77
p.(T828T)	0
p.(T828W)	76
p.(T828Y)	82
p.(T828V)	52
p.(K829A)	129
p.(K829R)	98
p.(K829N)	98
p.(K829D)	82
p.(K829C)	111
p.(K829Q)	79
p.(K829E)	166
p.(K829G)	84
p.(K829H)	90
p.(K829I)	76
p.(K829K)	0
p.(K829M)	79
p.(K829F)	57
p.(K829P)	105
p.(K829L)	115
p.(K829S)	101
p.(K829T)	149
p.(K829W)	71
p.(K829Y)	82
p.(K829V)	36
p.(A830A)	0
p.(A830R)	156
p.(A830N)	87
p.(A830D)	85
p.(A830C)	98
p.(A830Q)	65
p.(A830E)	80
p.(A830G)	90
p.(A830H)	99
p.(A830I)	95
p.(A830K)	71
p.(A830M)	58
p.(A830F)	28
p.(A830P)	101
p.(A830L)	112
p.(A830S)	249
p.(A830T)	46
p.(A830W)	80
p.(A830Y)	129
p.(A830V)	69
p.(G831A)	95
p.(G831R)	113
p.(G831N)	70
p.(G831D)	501
p.(G831C)	53
p.(G831Q)	79
p.(G831E)	478
p.(G831G)	0
p.(G831H)	81
p.(G831I)	67
p.(G831K)	95
p.(G831M)	71
p.(G831F)	89
p.(G831P)	138
p.(G831L)	90
p.(G831S)	52
p.(G831T)	184
p.(G831W)	87
p.(G831Y)	85
p.(G831V)	97
p.(Q832A)	108
p.(Q832R)	112
p.(Q832N)	111
p.(Q832D)	80
p.(Q832C)	91
p.(Q832Q)	0
p.(Q832E)	85
p.(Q832G)	72
p.(Q832H)	201
p.(Q832I)	100
p.(Q832K)	148
p.(Q832M)	45
p.(Q832F)	47
p.(Q832P)	122
p.(Q832L)	82
p.(Q832S)	85
p.(Q832T)	76
p.(Q832W)	122
p.(Q832Y)	88
p.(Q832V)	60
p.(C833A)	79
p.(C833R)	65
p.(C833N)	57
p.(C833D)	38
p.(C833C)	0
p.(C833Q)	26
p.(C833E)	67
p.(C833G)	58
p.(C833H)	122
p.(C833I)	126
p.(C833K)	82
p.(C833M)	70
p.(C833F)	267
p.(C833P)	82
p.(C833L)	110
p.(C833S)	135
p.(C833T)	113
p.(C833W)	231
p.(C833Y)	242
p.(C833V)	674
p.(G834A)	70
p.(G834R)	66
p.(G834N)	71
p.(G834D)	227
p.(G834C)	113
p.(G834Q)	73
p.(G834E)	77
p.(G834G)	0
p.(G834H)	74
p.(G834I)	97
p.(G834K)	74
p.(G834M)	68
p.(G834F)	41
p.(G834P)	89
p.(G834L)	71
p.(G834S)	483
p.(G834T)	74
p.(G834W)	323
p.(G834Y)	83
p.(G834V)	78
p.(G835A)	138
p.(G835R)	101
p.(G835N)	77
p.(G835D)	203
p.(G835C)	55
p.(G835Q)	144
p.(G835E)	85
p.(G835G)	0
p.(G835H)	40
p.(G835I)	68
p.(G835K)	72
p.(G835M)	84
p.(G835F)	96
p.(G835P)	77
p.(G835L)	70
p.(G835S)	59
p.(G835T)	117
p.(G835W)	238
p.(G835Y)	82
p.(G835V)	63
p.(V836A)	72
p.(V836R)	56
p.(V836N)	89
p.(V836D)	78
p.(V836C)	376
p.(V836Q)	90
p.(V836E)	65
p.(V836G)	72
p.(V836H)	80
p.(V836I)	69
p.(V836K)	60
p.(V836M)	64
p.(V836F)	82
p.(V836P)	96
p.(V836L)	69
p.(V836S)	81
p.(V836T)	72
p.(V836W)	51
p.(V836Y)	58
p.(V836V)	0
p.(V837A)	108
p.(V837R)	83
p.(V837N)	94
p.(V837D)	229
p.(V837C)	226
p.(V837Q)	47
p.(V837E)	68
p.(V837G)	95
p.(V837H)	124
p.(V837I)	71
p.(V837K)	78
p.(V837M)	220
p.(V837F)	82
p.(V837P)	99
p.(V837L)	55
p.(V837S)	107
p.(V837T)	82
p.(V837W)	81
p.(V837Y)	55
p.(V837V)	0
p.(T838A)	77
p.(T838R)	68
p.(T838N)	81
p.(T838D)	104
p.(T838C)	229
p.(T838Q)	77
p.(T838E)	68
p.(T838G)	74
p.(T838H)	38
p.(T838I)	65
p.(T838K)	93
p.(T838M)	95
p.(T838F)	97
p.(T838P)	85
p.(T838L)	87
p.(T838S)	137
p.(T838T)	0
p.(T838W)	87
p.(T838Y)	32
p.(T838V)	101
p.(A839A)	0
p.(A839R)	238
p.(A839N)	87
p.(A839D)	147
p.(A839C)	254
p.(A839Q)	89
p.(A839E)	71
p.(A839G)	68
p.(A839H)	87
p.(A839I)	94
p.(A839K)	93
p.(A839M)	98
p.(A839F)	98
p.(A839P)	102
p.(A839L)	91
p.(A839S)	91
p.(A839T)	93
p.(A839W)	61
p.(A839Y)	81
p.(A839V)	103
p.(V840A)	111
p.(V840R)	50
p.(V840N)	83
p.(V840D)	88
p.(V840C)	50
p.(V840Q)	91
p.(V840E)	214
p.(V840G)	60
p.(V840H)	92
p.(V840I)	43
p.(V840K)	81
p.(V840M)	436
p.(V840F)	84
p.(V840P)	97
p.(V840L)	258
p.(V840S)	50
p.(V840T)	63
p.(V840W)	135
p.(V840Y)	98
p.(V840V)	0
p.(G841A)	84
p.(G841R)	69
p.(G841N)	90
p.(G841D)	87
p.(G841C)	271
p.(G841Q)	84
p.(G841E)	76
p.(G841G)	0
p.(G841H)	72
p.(G841I)	75
p.(G841K)	75
p.(G841M)	93
p.(G841F)	90
p.(G841P)	59
p.(G841L)	53
p.(G841S)	106
p.(G841T)	110
p.(G841W)	71
p.(G841Y)	71
p.(G841V)	72
p.(K842A)	77
p.(K842R)	115
p.(K842N)	96
p.(K842D)	108
p.(K842C)	139
p.(K842Q)	178
p.(K842E)	80
p.(K842G)	89
p.(K842H)	108
p.(K842I)	79
p.(K842K)	0
p.(K842M)	80
p.(K842F)	76
p.(K842P)	60
p.(K842L)	74
p.(K842S)	106
p.(K842T)	134
p.(K842W)	98
p.(K842Y)	94
p.(K842V)	85
p.(V843A)	63
p.(V843R)	75
p.(V843N)	89
p.(V843D)	104
p.(V843C)	61
p.(V843Q)	54
p.(V843E)	82
p.(V843G)	93
p.(V843H)	126
p.(V843I)	90
p.(V843K)	44
p.(V843M)	184
p.(V843F)	106
p.(V843P)	123
p.(V843L)	101
p.(V843S)	69
p.(V843T)	94
p.(V843W)	103
p.(V843Y)	66
p.(V843V)	0
p.(I844A)	71
p.(I844R)	79
p.(I844N)	83
p.(I844D)	103
p.(I844C)	69
p.(I844Q)	43
p.(I844E)	94
p.(I844G)	74
p.(I844H)	79
p.(I844I)	0
p.(I844K)	85
p.(I844M)	137
p.(I844F)	40
p.(I844P)	75
p.(I844L)	83
p.(I844S)	77
p.(I844T)	106
p.(I844W)	101
p.(I844Y)	88
p.(I844V)	80
p.(G845A)	80
p.(G845R)	83
p.(G845N)	52
p.(G845D)	94
p.(G845C)	75
p.(G845Q)	64
p.(G845E)	78
p.(G845G)	0
p.(G845H)	78
p.(G845I)	84
p.(G845K)	103
p.(G845M)	73
p.(G845F)	79
p.(G845P)	108
p.(G845L)	93
p.(G845S)	74
p.(G845T)	80
p.(G845W)	440
p.(G845Y)	68
p.(G845V)	240
p.(I846A)	47
p.(I846R)	88
p.(I846N)	133
p.(I846D)	93
p.(I846C)	90
p.(I846Q)	40
p.(I846E)	32
p.(I846G)	96
p.(I846H)	60
p.(I846I)	0
p.(I846K)	73
p.(I846M)	99
p.(I846F)	127
p.(I846P)	115
p.(I846L)	78
p.(I846S)	72
p.(I846T)	75
p.(I846W)	60
p.(I846Y)	77
p.(I846V)	73
p.(H847A)	65
p.(H847R)	92
p.(H847N)	249
p.(H847D)	120
p.(H847C)	57
p.(H847Q)	93
p.(H847E)	55
p.(H847G)	89
p.(H847H)	0
p.(H847I)	88
p.(H847K)	72
p.(H847M)	58
p.(H847F)	100
p.(H847P)	155
p.(H847L)	56
p.(H847S)	83
p.(H847T)	54
p.(H847W)	70
p.(H847Y)	44
p.(H847V)	90
p.(I848A)	75
p.(I848R)	79
p.(I848N)	120
p.(I848D)	100
p.(I848C)	73
p.(I848Q)	96
p.(I848E)	113
p.(I848G)	69
p.(I848H)	86
p.(I848I)	0
p.(I848K)	103
p.(I848M)	152
p.(I848F)	62
p.(I848P)	67
p.(I848L)	62
p.(I848S)	43
p.(I848T)	88
p.(I848W)	108
p.(I848Y)	73
p.(I848V)	98
p.(G849A)	90
p.(G849R)	78
p.(G849N)	92
p.(G849D)	183
p.(G849C)	451
p.(G849Q)	82
p.(G849E)	109
p.(G849G)	0
p.(G849H)	79
p.(G849I)	106
p.(G849K)	77
p.(G849M)	103
p.(G849F)	116
p.(G849P)	81
p.(G849L)	104
p.(G849S)	121
p.(G849T)	84
p.(G849W)	189
p.(G849Y)	91
p.(G849V)	62
p.(G850A)	498
p.(G850R)	78
p.(G850N)	56
p.(G850D)	70
p.(G850C)	98
p.(G850Q)	102
p.(G850E)	50
p.(G850G)	0
p.(G850H)	130
p.(G850I)	88
p.(G850K)	84
p.(G850M)	78
p.(G850F)	87
p.(G850P)	85
p.(G850L)	61
p.(G850S)	529
p.(G850T)	98
p.(G850W)	134
p.(G850Y)	60
p.(G850V)	263
p.(N851A)	78
p.(N851R)	103
p.(N851N)	0
p.(N851D)	414
p.(N851C)	87
p.(N851Q)	185
p.(N851E)	81
p.(N851G)	94
p.(N851H)	102
p.(N851I)	97
p.(N851K)	168
p.(N851M)	96
p.(N851F)	106
p.(N851P)	87
p.(N851L)	85
p.(N851S)	67
p.(N851T)	505
p.(N851W)	96
p.(N851Y)	102
p.(N851V)	54
p.(G852A)	99
p.(G852R)	146
p.(G852N)	89
p.(G852D)	367
p.(G852C)	341
p.(G852Q)	101
p.(G852E)	71
p.(G852G)	0
p.(G852H)	98
p.(G852I)	77
p.(G852K)	106
p.(G852M)	112
p.(G852F)	87
p.(G852P)	87
p.(G852L)	63
p.(G852S)	492
p.(G852T)	85
p.(G852W)	34
p.(G852Y)	67
p.(G852V)	213
p.(R853A)	74
p.(R853R)	0
p.(R853N)	71
p.(R853D)	127
p.(R853C)	101
p.(R853Q)	87
p.(R853E)	97
p.(R853G)	357
p.(R853H)	133
p.(R853I)	98
p.(R853K)	290
p.(R853M)	313
p.(R853F)	97
p.(R853P)	78
p.(R853L)	105
p.(R853S)	394
p.(R853T)	97
p.(R853W)	178
p.(R853Y)	65
p.(R853V)	69
p.(Q854A)	130
p.(Q854R)	37
p.(Q854N)	116
p.(Q854D)	74
p.(Q854C)	106
p.(Q854Q)	0
p.(Q854E)	71
p.(Q854G)	94
p.(Q854H)	107
p.(Q854I)	65
p.(Q854K)	686
p.(Q854M)	89
p.(Q854F)	95
p.(Q854P)	150
p.(Q854L)	111
p.(Q854S)	78
p.(Q854T)	41
p.(Q854W)	141
p.(Q854Y)	102
p.(Q854V)	135
p.(G855A)	107
p.(G855R)	66
p.(G855N)	64
p.(G855D)	234
p.(G855C)	354
p.(G855Q)	70
p.(G855E)	95
p.(G855G)	0
p.(G855H)	73
p.(G855I)	101
p.(G855K)	82
p.(G855M)	111
p.(G855F)	105
p.(G855P)	101
p.(G855L)	127
p.(G855S)	118
p.(G855T)	97
p.(G855W)	114
p.(G855Y)	79
p.(G855V)	64
p.(F856A)	97
p.(F856R)	104
p.(F856N)	94
p.(F856D)	100
p.(F856C)	107
p.(F856Q)	119
p.(F856E)	48
p.(F856G)	106
p.(F856H)	104
p.(F856I)	122
p.(F856K)	79
p.(F856M)	113
p.(F856F)	0
p.(F856P)	88
p.(F856L)	99
p.(F856S)	234
p.(F856T)	111
p.(F856W)	67
p.(F856Y)	54
p.(F856V)	98
p.(C857A)	140
p.(C857R)	89
p.(C857N)	90
p.(C857D)	94
p.(C857C)	0
p.(C857Q)	95
p.(C857E)	117
p.(C857G)	93
p.(C857H)	56
p.(C857I)	85
p.(C857K)	63
p.(C857M)	128
p.(C857F)	101
p.(C857P)	68
p.(C857L)	101
p.(C857S)	98
p.(C857T)	117
p.(C857W)	149
p.(C857Y)	67
p.(C857V)	93
p.(A858A)	0
p.(A858R)	43
p.(A858N)	119
p.(A858D)	85
p.(A858C)	136
p.(A858Q)	83
p.(A858E)	108
p.(A858G)	101
p.(A858H)	100
p.(A858I)	107
p.(A858K)	85
p.(A858M)	119
p.(A858F)	131
p.(A858P)	94
p.(A858L)	81
p.(A858S)	104
p.(A858T)	92
p.(A858W)	72
p.(A858Y)	87
p.(A858V)	101
p.(A859A)	0
p.(A859R)	73
p.(A859N)	127
p.(A859D)	138
p.(A859C)	163
p.(A859Q)	95
p.(A859E)	104
p.(A859G)	74
p.(A859H)	80
p.(A859I)	81
p.(A859K)	79
p.(A859M)	151
p.(A859F)	102
p.(A859P)	134
p.(A859L)	81
p.(A859S)	100
p.(A859T)	84
p.(A859W)	95
p.(A859Y)	94
p.(A859V)	546
p.(L860A)	69
p.(L860R)	64
p.(L860N)	94
p.(L860D)	93
p.(L860C)	43
p.(L860Q)	148
p.(L860E)	84
p.(L860G)	107
p.(L860H)	80
p.(L860I)	101
p.(L860K)	148
p.(L860M)	263
p.(L860F)	37
p.(L860P)	180
p.(L860L)	0
p.(L860S)	101
p.(L860T)	115
p.(L860W)	91
p.(L860Y)	34
p.(L860V)	88
p.(K861A)	145
p.(K861R)	107
p.(K861N)	133
p.(K861D)	48
p.(K861C)	100
p.(K861Q)	116
p.(K861E)	176
p.(K861G)	96
p.(K861H)	63
p.(K861I)	98
p.(K861K)	0
p.(K861M)	151
p.(K861F)	105
p.(K861P)	114
p.(K861L)	57
p.(K861S)	73
p.(K861T)	132
p.(K861W)	91
p.(K861Y)	128
p.(K861V)	120
p.(R862A)	136
p.(R862R)	0
p.(R862N)	116
p.(R862D)	105
p.(R862C)	104
p.(R862Q)	58
p.(R862E)	193
p.(R862G)	82
p.(R862H)	74
p.(R862I)	124
p.(R862K)	115
p.(R862M)	502
p.(R862F)	96
p.(R862P)	102
p.(R862L)	37
p.(R862S)	101
p.(R862T)	127
p.(R862W)	171
p.(R862Y)	115
p.(R862V)	98
p.(G863A)	108
p.(G863R)	363
p.(G863N)	108
p.(G863D)	96
p.(G863C)	81
p.(G863Q)	84
p.(G863E)	123
p.(G863G)	0
p.(G863H)	121
p.(G863I)	130
p.(G863K)	115
p.(G863M)	134
p.(G863F)	123
p.(G863P)	90
p.(G863L)	157
p.(G863S)	117
p.(G863T)	97
p.(G863W)	143
p.(G863Y)	68
p.(G863V)	126
p.(Y864A)	89
p.(Y864R)	68
p.(Y864N)	156
p.(Y864D)	120
p.(Y864C)	236
p.(Y864Q)	76
p.(Y864E)	71
p.(Y864G)	95
p.(Y864H)	114
p.(Y864I)	104
p.(Y864K)	50
p.(Y864M)	119
p.(Y864F)	152
p.(Y864P)	96
p.(Y864L)	110
p.(Y864S)	140
p.(Y864T)	68
p.(Y864W)	119
p.(Y864Y)	0
p.(Y864V)	104
p.(F865A)	76
p.(F865R)	159
p.(F865N)	99
p.(F865D)	102
p.(F865C)	119
p.(F865Q)	101
p.(F865E)	70
p.(F865G)	84
p.(F865H)	92
p.(F865I)	91
p.(F865K)	88
p.(F865M)	104
p.(F865F)	0
p.(F865P)	43
p.(F865L)	558
p.(F865S)	61
p.(F865T)	103
p.(F865W)	93
p.(F865Y)	101
p.(F865V)	140
p.(C866A)	95
p.(C866R)	80
p.(C866N)	85
p.(C866D)	116
p.(C866C)	0
p.(C866Q)	74
p.(C866E)	100
p.(C866G)	86
p.(C866H)	87
p.(C866I)	130
p.(C866K)	125
p.(C866M)	113
p.(C866F)	233
p.(C866P)	96
p.(C866L)	91
p.(C866S)	137
p.(C866T)	98
p.(C866W)	107
p.(C866Y)	452
p.(C866V)	131
p.(S867A)	90
p.(S867R)	143
p.(S867N)	251
p.(S867D)	145
p.(S867C)	244
p.(S867Q)	259
p.(S867E)	109
p.(S867G)	110
p.(S867H)	114
p.(S867I)	89
p.(S867K)	121
p.(S867M)	112
p.(S867F)	131
p.(S867P)	97
p.(S867L)	91
p.(S867S)	0
p.(S867T)	115
p.(S867W)	106
p.(S867Y)	90
p.(S867V)	530
p.(E868A)	83
p.(E868R)	109
p.(E868N)	115
p.(E868D)	150
p.(E868C)	112
p.(E868Q)	141
p.(E868E)	0
p.(E868G)	302
p.(E868H)	99
p.(E868I)	121
p.(E868K)	545
p.(E868M)	144
p.(E868F)	133
p.(E868P)	59
p.(E868L)	139
p.(E868S)	126
p.(E868T)	94
p.(E868W)	153
p.(E868Y)	95
p.(E868V)	120
p.(Q869A)	79
p.(Q869R)	125
p.(Q869N)	105
p.(Q869D)	125
p.(Q869C)	104
p.(Q869Q)	0
p.(Q869E)	105
p.(Q869G)	143
p.(Q869H)	159
p.(Q869I)	101
p.(Q869K)	710
p.(Q869M)	116
p.(Q869F)	128
p.(Q869P)	117
p.(Q869L)	114
p.(Q869S)	140
p.(Q869T)	84
p.(Q869W)	132
p.(Q869Y)	90
p.(Q869V)	119
p.(G870A)	122
p.(G870R)	158
p.(G870N)	99
p.(G870D)	129
p.(G870C)	148
p.(G870Q)	141
p.(G870E)	143
p.(G870G)	0
p.(G870H)	39
p.(G870I)	138
p.(G870K)	122
p.(G870M)	161
p.(G870F)	126
p.(G870P)	82
p.(G870L)	131
p.(G870S)	117
p.(G870T)	126
p.(G870W)	113
p.(G870Y)	117
p.(G870V)	94
p.(E871A)	113
p.(E871R)	60
p.(E871N)	134
p.(E871D)	282
p.(E871C)	46
p.(E871Q)	108
p.(E871E)	0
p.(E871G)	401
p.(E871H)	119
p.(E871I)	152
p.(E871K)	118
p.(E871M)	160
p.(E871F)	45
p.(E871P)	122
p.(E871L)	110
p.(E871S)	115
p.(E871T)	133
p.(E871W)	98
p.(E871Y)	101
p.(E871V)	74
p.(I872A)	121
p.(I872R)	137
p.(I872N)	120
p.(I872D)	113
p.(I872C)	115
p.(I872Q)	109
p.(I872E)	118
p.(I872G)	117
p.(I872H)	92
p.(I872I)	0
p.(I872K)	141
p.(I872M)	116
p.(I872F)	111
p.(I872P)	97
p.(I872L)	144
p.(I872S)	90
p.(I872T)	141
p.(I872W)	122
p.(I872Y)	66
p.(I872V)	264
p.(Q873A)	129
p.(Q873R)	105
p.(Q873N)	808
p.(Q873D)	130
p.(Q873C)	111
p.(Q873Q)	0
p.(Q873E)	137
p.(Q873G)	91
p.(Q873H)	150
p.(Q873I)	91
p.(Q873K)	351
p.(Q873M)	153
p.(Q873F)	112
p.(Q873P)	104
p.(Q873L)	150
p.(Q873S)	111
p.(Q873T)	117
p.(Q873W)	109
p.(Q873Y)	97
p.(Q873V)	91
p.(W874A)	156
p.(W874R)	158
p.(W874N)	115
p.(W874D)	172
p.(W874C)	134
p.(W874Q)	132
p.(W874E)	83
p.(W874G)	125
p.(W874H)	54
p.(W874I)	150
p.(W874K)	96
p.(W874M)	151
p.(W874F)	143
p.(W874P)	64
p.(W874L)	87
p.(W874S)	144
p.(W874T)	136
p.(W874W)	0
p.(W874Y)	125
p.(W874V)	169
p.(M875A)	116
p.(M875R)	110
p.(M875N)	159
p.(M875D)	130
p.(M875C)	108
p.(M875Q)	91
p.(M875E)	65
p.(M875G)	75
p.(M875H)	142
p.(M875I)	1504
p.(M875K)	104
p.(M875M)	0
p.(M875F)	109
p.(M875P)	92
p.(M875L)	134
p.(M875S)	127
p.(M875T)	237
p.(M875W)	69
p.(M875Y)	40
p.(M875V)	100
p.(K876A)	199
p.(K876R)	104
p.(K876N)	307
p.(K876D)	64
p.(K876C)	120
p.(K876Q)	164
p.(K876E)	447
p.(K876G)	162
p.(K876H)	103
p.(K876I)	121
p.(K876K)	0
p.(K876M)	174
p.(K876F)	87
p.(K876P)	50
p.(K876L)	145
p.(K876S)	129
p.(K876T)	111
p.(K876W)	103
p.(K876Y)	112
p.(K876V)	105
p.(P877A)	26
p.(P877R)	110
p.(P877N)	80
p.(P877D)	66
p.(P877C)	131
p.(P877Q)	208
p.(P877E)	88
p.(P877G)	38
p.(P877H)	103
p.(P877I)	113
p.(P877K)	138
p.(P877M)	100
p.(P877F)	104
p.(P877P)	0
p.(P877L)	128
p.(P877S)	121
p.(P877T)	207
p.(P877W)	147
p.(P877Y)	133
p.(P877V)	146
p.(N878A)	122
p.(N878R)	119
p.(N878N)	0
p.(N878D)	319
p.(N878C)	138
p.(N878Q)	240
p.(N878E)	79
p.(N878G)	102
p.(N878H)	99
p.(N878I)	105
p.(N878K)	101
p.(N878M)	111
p.(N878F)	114
p.(N878P)	99
p.(N878L)	81
p.(N878S)	110
p.(N878T)	260
p.(N878W)	83
p.(N878Y)	129
p.(N878V)	147
p.(K879A)	101
p.(K879R)	305
p.(K879N)	133
p.(K879D)	152
p.(K879C)	110
p.(K879Q)	153
p.(K879E)	119
p.(K879G)	92
p.(K879H)	82
p.(K879I)	139
p.(K879K)	0
p.(K879M)	81
p.(K879F)	103
p.(K879P)	96
p.(K879L)	125
p.(K879S)	117
p.(K879T)	112
p.(K879W)	83
p.(K879Y)	138
p.(K879V)	126
p.(E880A)	157
p.(E880R)	125
p.(E880N)	110
p.(E880D)	114
p.(E880C)	153
p.(E880Q)	130
p.(E880E)	0
p.(E880G)	140
p.(E880H)	131
p.(E880I)	126
p.(E880K)	715
p.(E880M)	113
p.(E880F)	88
p.(E880P)	165
p.(E880L)	141
p.(E880S)	91
p.(E880T)	123
p.(E880W)	117
p.(E880Y)	135
p.(E880V)	156
p.(T881A)	125
p.(T881R)	89
p.(T881N)	203
p.(T881D)	90
p.(T881C)	146
p.(T881Q)	108
p.(T881E)	74
p.(T881G)	147
p.(T881H)	78
p.(T881I)	308
p.(T881K)	70
p.(T881M)	110
p.(T881F)	188
p.(T881P)	89
p.(T881L)	77
p.(T881S)	153
p.(T881T)	0
p.(T881W)	206
p.(T881Y)	117
p.(T881V)	85
p.(G882A)	171
p.(G882R)	92
p.(G882N)	141
p.(G882D)	447
p.(G882C)	438
p.(G882Q)	232
p.(G882E)	93
p.(G882G)	0
p.(G882H)	104
p.(G882I)	112
p.(G882K)	100
p.(G882M)	176
p.(G882F)	145
p.(G882P)	75
p.(G882L)	143
p.(G882S)	150
p.(G882T)	84
p.(G882W)	239
p.(G882Y)	136
p.(G882V)	346
p.(R883A)	142
p.(R883R)	0
p.(R883N)	128
p.(R883D)	118
p.(R883C)	125
p.(R883Q)	190
p.(R883E)	129
p.(R883G)	159
p.(R883H)	94
p.(R883I)	101
p.(R883K)	393
p.(R883M)	345
p.(R883F)	117
p.(R883P)	86
p.(R883L)	119
p.(R883S)	319
p.(R883T)	191
p.(R883W)	129
p.(R883Y)	90
p.(R883V)	106
p.(L884A)	102
p.(L884R)	113
p.(L884N)	114
p.(L884D)	105
p.(L884C)	94
p.(L884Q)	125
p.(L884E)	103
p.(L884G)	120
p.(L884H)	132
p.(L884I)	82
p.(L884K)	90
p.(L884M)	128
p.(L884F)	637
p.(L884P)	121
p.(L884L)	0
p.(L884S)	454
p.(L884T)	120
p.(L884W)	112
p.(L884Y)	107
p.(L884V)	138
p.(N885A)	130
p.(N885R)	164
p.(N885N)	0
p.(N885D)	420
p.(N885C)	137
p.(N885Q)	110
p.(N885E)	120
p.(N885G)	140
p.(N885H)	170
p.(N885I)	185
p.(N885K)	172
p.(N885M)	119
p.(N885F)	136
p.(N885P)	103
p.(N885L)	140
p.(N885S)	146
p.(N885T)	224
p.(N885W)	114
p.(N885Y)	138
p.(N885V)	128
p.(I886A)	113
p.(I886R)	77
p.(I886N)	168
p.(I886D)	138
p.(I886C)	114
p.(I886Q)	65
p.(I886E)	77
p.(I886G)	109
p.(I886H)	195
p.(I886I)	0
p.(I886K)	173
p.(I886M)	163
p.(I886F)	104
p.(I886P)	163
p.(I886L)	110
p.(I886S)	74
p.(I886T)	142
p.(I886W)	106
p.(I886Y)	120
p.(I886V)	150
p.(N887A)	136
p.(N887R)	84
p.(N887N)	0
p.(N887D)	334
p.(N887C)	105
p.(N887Q)	86
p.(N887E)	122
p.(N887G)	108
p.(N887H)	183
p.(N887I)	166
p.(N887K)	193
p.(N887M)	127
p.(N887F)	151
p.(N887P)	66
p.(N887L)	153
p.(N887S)	60
p.(N887T)	255
p.(N887W)	83
p.(N887Y)	105
p.(N887V)	89
p.(G888A)	144
p.(G888R)	55
p.(G888N)	137
p.(G888D)	352
p.(G888C)	129
p.(G888Q)	109
p.(G888E)	156
p.(G888G)	0
p.(G888H)	114
p.(G888I)	127
p.(G888K)	125
p.(G888M)	109
p.(G888F)	121
p.(G888P)	171
p.(G888L)	122
p.(G888S)	164
p.(G888T)	114
p.(G888W)	121
p.(G888Y)	170
p.(G888V)	130
p.(P889A)	48
p.(P889R)	101
p.(P889N)	135
p.(P889D)	106
p.(P889C)	118
p.(P889Q)	134
p.(P889E)	97
p.(P889G)	58
p.(P889H)	211
p.(P889I)	131
p.(P889K)	114
p.(P889M)	106
p.(P889F)	128
p.(P889P)	0
p.(P889L)	380
p.(P889S)	66
p.(P889T)	109
p.(P889W)	82
p.(P889Y)	281
p.(P889V)	72
p.(T890A)	225
p.(T890R)	122
p.(T890N)	155
p.(T890D)	120
p.(T890C)	121
p.(T890Q)	75
p.(T890E)	118
p.(T890G)	86
p.(T890H)	153
p.(T890I)	72
p.(T890K)	119
p.(T890M)	138
p.(T890F)	136
p.(T890P)	89
p.(T890L)	342
p.(T890S)	148
p.(T890T)	0
p.(T890W)	159
p.(T890Y)	224
p.(T890V)	100
p.(R891A)	404
p.(R891R)	0
p.(R891N)	80
p.(R891D)	144
p.(R891C)	99
p.(R891Q)	131
p.(R891E)	77
p.(R891G)	117
p.(R891H)	829
p.(R891I)	116
p.(R891K)	93
p.(R891M)	82
p.(R891F)	164
p.(R891P)	98
p.(R891L)	100
p.(R891S)	336
p.(R891T)	73
p.(R891W)	146
p.(R891Y)	84
p.(R891V)	122
p.(T892A)	93
p.(T892R)	103
p.(T892N)	75
p.(T892D)	70
p.(T892C)	135
p.(T892Q)	113
p.(T892E)	64
p.(T892G)	125
p.(T892H)	123
p.(T892I)	101
p.(T892K)	89
p.(T892M)	106
p.(T892F)	93
p.(T892P)	98
p.(T892L)	94
p.(T892S)	177
p.(T892T)	0
p.(T892W)	99
p.(T892Y)	101
p.(T892V)	83
p.(K893A)	128
p.(K893R)	109
p.(K893N)	142
p.(K893D)	92
p.(K893C)	128
p.(K893Q)	102
p.(K893E)	243
p.(K893G)	135
p.(K893H)	144
p.(K893I)	121
p.(K893K)	0
p.(K893M)	81
p.(K893F)	122
p.(K893P)	125
p.(K893L)	134
p.(K893S)	73
p.(K893T)	90
p.(K893W)	109
p.(K893Y)	46
p.(K893V)	83
p.(L894A)	93
p.(L894R)	105
p.(L894N)	129
p.(L894D)	118
p.(L894C)	145
p.(L894Q)	115
p.(L894E)	76
p.(L894G)	123
p.(L894H)	162
p.(L894I)	32
p.(L894K)	118
p.(L894M)	117
p.(L894F)	305
p.(L894P)	124
p.(L894L)	0
p.(L894S)	68
p.(L894T)	126
p.(L894W)	90
p.(L894Y)	105
p.(L894V)	118
p.(E895A)	111
p.(E895R)	76
p.(E895N)	685
p.(E895D)	143
p.(E895C)	157
p.(E895Q)	153
p.(E895E)	0
p.(E895G)	328
p.(E895H)	73
p.(E895I)	104
p.(E895K)	115
p.(E895M)	156
p.(E895F)	84
p.(E895P)	133
p.(E895L)	107
p.(E895S)	119
p.(E895T)	110
p.(E895W)	132
p.(E895Y)	128
p.(E895V)	138
p.(P896A)	126
p.(P896R)	87
p.(P896N)	109
p.(P896D)	133
p.(P896C)	86
p.(P896Q)	40
p.(P896E)	112
p.(P896G)	94
p.(P896H)	169
p.(P896I)	171
p.(P896K)	84
p.(P896M)	56
p.(P896F)	131
p.(P896P)	0
p.(P896L)	470
p.(P896S)	109
p.(P896T)	85
p.(P896W)	101
p.(P896Y)	125
p.(P896V)	66
p.(S897A)	144
p.(S897R)	107
p.(S897N)	89
p.(S897D)	125
p.(S897C)	153
p.(S897Q)	83
p.(S897E)	58
p.(S897G)	289
p.(S897H)	102
p.(S897I)	111
p.(S897K)	107
p.(S897M)	135
p.(S897F)	153
p.(S897P)	91
p.(S897L)	113
p.(S897S)	0
p.(S897T)	64
p.(S897W)	180
p.(S897Y)	95
p.(S897V)	99
p.(V898A)	133
p.(V898R)	100
p.(V898N)	98
p.(V898D)	122
p.(V898C)	99
p.(V898Q)	101
p.(V898E)	72
p.(V898G)	135
p.(V898H)	126
p.(V898I)	107
p.(V898K)	63
p.(V898M)	132
p.(V898F)	279
p.(V898P)	113
p.(V898L)	100
p.(V898S)	749
p.(V898T)	39
p.(V898W)	97
p.(V898Y)	91
p.(V898V)	0
p.(F899A)	94
p.(F899R)	94
p.(F899N)	121
p.(F899D)	127
p.(F899C)	105
p.(F899Q)	125
p.(F899E)	100
p.(F899G)	47
p.(F899H)	114
p.(F899I)	116
p.(F899K)	106
p.(F899M)	102
p.(F899F)	0
p.(F899P)	70
p.(F899L)	99
p.(F899S)	40
p.(F899T)	90
p.(F899W)	80
p.(F899Y)	111
p.(F899V)	129
p.(H900A)	117
p.(H900R)	103
p.(H900N)	71
p.(H900D)	104
p.(H900C)	112
p.(H900Q)	245
p.(H900E)	180
p.(H900G)	107
p.(H900H)	0
p.(H900I)	140
p.(H900K)	88
p.(H900M)	120
p.(H900F)	156
p.(H900P)	92
p.(H900L)	100
p.(H900S)	94
p.(H900T)	83
p.(H900W)	79
p.(H900Y)	692
p.(H900V)	116
p.(D901A)	113
p.(D901R)	131
p.(D901N)	94
p.(D901D)	0
p.(D901C)	180
p.(D901Q)	104
p.(D901E)	134
p.(D901G)	204
p.(D901H)	109
p.(D901I)	81
p.(D901K)	173
p.(D901M)	861
p.(D901F)	180
p.(D901P)	123
p.(D901L)	90
p.(D901S)	152
p.(D901T)	122
p.(D901W)	80
p.(D901Y)	374
p.(D901V)	130
p.(V902A)	223
p.(V902R)	112
p.(V902N)	88
p.(V902D)	118
p.(V902C)	61
p.(V902Q)	77
p.(V902E)	132
p.(V902G)	107
p.(V902H)	78
p.(V902I)	212
p.(V902K)	74
p.(V902M)	295
p.(V902F)	127
p.(V902P)	159
p.(V902L)	138
p.(V902S)	113
p.(V902T)	130
p.(V902W)	104
p.(V902Y)	107
p.(V902V)	0
p.(F903A)	97
p.(F903R)	58
p.(F903N)	116
p.(F903D)	99
p.(F903C)	139
p.(F903Q)	103
p.(F903E)	86
p.(F903G)	73
p.(F903H)	84
p.(F903I)	188
p.(F903K)	72
p.(F903M)	119
p.(F903F)	0
p.(F903P)	97
p.(F903L)	339
p.(F903S)	99
p.(F903T)	100
p.(F903W)	42
p.(F903Y)	109
p.(F903V)	86
p.(E904A)	133
p.(E904R)	80
p.(E904N)	136
p.(E904D)	137
p.(E904C)	121
p.(E904Q)	101
p.(E904E)	0
p.(E904G)	174
p.(E904H)	132
p.(E904I)	72
p.(E904K)	994
p.(E904M)	105
p.(E904F)	167
p.(E904P)	153
p.(E904L)	98
p.(E904S)	146
p.(E904T)	118
p.(E904W)	113
p.(E904Y)	150
p.(E904V)	164
p.(G905A)	1197
p.(G905R)	122
p.(G905N)	62
p.(G905D)	116
p.(G905C)	117
p.(G905Q)	114
p.(G905E)	128
p.(G905G)	0
p.(G905H)	118
p.(G905I)	119
p.(G905K)	98
p.(G905M)	140
p.(G905F)	130
p.(G905P)	122
p.(G905L)	114
p.(G905S)	99
p.(G905T)	64
p.(G905W)	119
p.(G905Y)	95
p.(G905V)	357
p.(T906A)	74
p.(T906R)	93
p.(T906N)	164
p.(T906D)	119
p.(T906C)	119
p.(T906Q)	65
p.(T906E)	73
p.(T906G)	61
p.(T906H)	177
p.(T906I)	269
p.(T906K)	96
p.(T906M)	109
p.(T906F)	96
p.(T906P)	118
p.(T906L)	63
p.(T906S)	88
p.(T906T)	0
p.(T906W)	145
p.(T906Y)	141
p.(T906V)	113
p.(K907A)	178
p.(K907R)	51
p.(K907N)	132
p.(K907D)	106
p.(K907C)	116
p.(K907Q)	153
p.(K907E)	91
p.(K907G)	94
p.(K907H)	119
p.(K907I)	145
p.(K907K)	0
p.(K907M)	105
p.(K907F)	124
p.(K907P)	116
p.(K907L)	197
p.(K907S)	108
p.(K907T)	179
p.(K907W)	110
p.(K907Y)	77
p.(K907V)	173
p.(E908A)	115
p.(E908R)	126
p.(E908N)	145
p.(E908D)	292
p.(E908C)	117
p.(E908Q)	82
p.(E908E)	0
p.(E908G)	258
p.(E908H)	82
p.(E908I)	109
p.(E908K)	603
p.(E908M)	87
p.(E908F)	61
p.(E908P)	124
p.(E908L)	105
p.(E908S)	50
p.(E908T)	59
p.(E908W)	121
p.(E908Y)	114
p.(E908V)	72
p.(P909A)	99
p.(P909R)	82
p.(P909N)	115
p.(P909D)	83
p.(P909C)	86
p.(P909Q)	258
p.(P909E)	58
p.(P909G)	78
p.(P909H)	91
p.(P909I)	99
p.(P909K)	66
p.(P909M)	106
p.(P909F)	87
p.(P909P)	0
p.(P909L)	131
p.(P909S)	140
p.(P909T)	153
p.(P909W)	107
p.(P909Y)	138
p.(P909V)	93
p.(A910A)	0
p.(A910R)	66
p.(A910N)	72
p.(A910D)	140
p.(A910C)	117
p.(A910Q)	94
p.(A910E)	90
p.(A910G)	124
p.(A910H)	72
p.(A910I)	129
p.(A910K)	110
p.(A910M)	102
p.(A910F)	76
p.(A910P)	54
p.(A910L)	93
p.(A910S)	89
p.(A910T)	327
p.(A910W)	116
p.(A910Y)	78
p.(A910V)	97
p.(V911A)	347
p.(V911R)	82
p.(V911N)	120
p.(V911D)	112
p.(V911C)	1843
p.(V911Q)	97
p.(V911E)	84
p.(V911G)	97
p.(V911H)	102
p.(V911I)	81
p.(V911K)	67
p.(V911M)	206
p.(V911F)	96
p.(V911P)	71
p.(V911L)	72
p.(V911S)	106
p.(V911T)	62
p.(V911W)	119
p.(V911Y)	116
p.(V911V)	0
p.(L912A)	100
p.(L912R)	114
p.(L912N)	83
p.(L912D)	151
p.(L912C)	70
p.(L912Q)	82
p.(L912E)	67
p.(L912G)	87
p.(L912H)	97
p.(L912I)	92
p.(L912K)	84
p.(L912M)	120
p.(L912F)	135
p.(L912P)	78
p.(L912L)	0
p.(L912S)	90
p.(L912T)	47
p.(L912W)	124
p.(L912Y)	64
p.(L912V)	101
p.(T913A)	68
p.(T913R)	74
p.(T913N)	136
p.(T913D)	130
p.(T913C)	140
p.(T913Q)	124
p.(T913E)	91
p.(T913G)	40
p.(T913H)	81
p.(T913I)	129
p.(T913K)	88
p.(T913M)	70
p.(T913F)	49
p.(T913P)	67
p.(T913L)	92
p.(T913S)	125
p.(T913T)	0
p.(T913W)	95
p.(T913Y)	61
p.(T913V)	69
p.(S914A)	90
p.(S914R)	49
p.(S914N)	69
p.(S914D)	75
p.(S914C)	182
p.(S914Q)	65
p.(S914E)	71
p.(S914G)	71
p.(S914H)	102
p.(S914I)	278
p.(S914K)	134
p.(S914M)	50
p.(S914F)	101
p.(S914P)	90
p.(S914L)	72
p.(S914S)	0
p.(S914T)	119
p.(S914W)	99
p.(S914Y)	63
p.(S914V)	194
p.(K915A)	68
p.(K915R)	107
p.(K915N)	96
p.(K915D)	91
p.(K915C)	112
p.(K915Q)	102
p.(K915E)	317
p.(K915G)	105
p.(K915H)	58
p.(K915I)	56
p.(K915K)	0
p.(K915M)	92
p.(K915F)	114
p.(K915P)	66
p.(K915L)	112
p.(K915S)	120
p.(K915T)	74
p.(K915W)	71
p.(K915Y)	71
p.(K915V)	104
p.(D916A)	98
p.(D916R)	120
p.(D916N)	102
p.(D916D)	0
p.(D916C)	85
p.(D916Q)	130
p.(D916E)	179
p.(D916G)	112
p.(D916H)	108
p.(D916I)	124
p.(D916K)	80
p.(D916M)	77
p.(D916F)	81
p.(D916P)	105
p.(D916L)	59
p.(D916S)	77
p.(D916T)	45
p.(D916W)	110
p.(D916Y)	99
p.(D916V)	84
p.(P917A)	82
p.(P917R)	128
p.(P917N)	93
p.(P917D)	67
p.(P917C)	166
p.(P917Q)	79
p.(P917E)	51
p.(P917G)	65
p.(P917H)	112
p.(P917I)	85
p.(P917K)	116
p.(P917M)	101
p.(P917F)	100
p.(P917P)	0
p.(P917L)	94
p.(P917S)	102
p.(P917T)	218
p.(P917W)	92
p.(P917Y)	84
p.(P917V)	98
p.(R918A)	140
p.(R918R)	0
p.(R918N)	94
p.(R918D)	96
p.(R918C)	90
p.(R918Q)	77
p.(R918E)	91
p.(R918G)	55
p.(R918H)	116
p.(R918I)	111
p.(R918K)	88
p.(R918M)	510
p.(R918F)	107
p.(R918P)	70
p.(R918L)	90
p.(R918S)	106
p.(R918T)	97
p.(R918W)	178
p.(R918Y)	88
p.(R918V)	110
p.(L919A)	81
p.(L919R)	87
p.(L919N)	103
p.(L919D)	89
p.(L919C)	69
p.(L919Q)	84
p.(L919E)	63
p.(L919G)	82
p.(L919H)	82
p.(L919I)	114
p.(L919K)	95
p.(L919M)	188
p.(L919F)	102
p.(L919P)	84
p.(L919L)	0
p.(L919S)	81
p.(L919T)	31
p.(L919W)	510
p.(L919Y)	78
p.(L919V)	70
p.(E920A)	84
p.(E920R)	77
p.(E920N)	70
p.(E920D)	94
p.(E920C)	87
p.(E920Q)	62
p.(E920E)	0
p.(E920G)	104
p.(E920H)	40
p.(E920I)	93
p.(E920K)	613
p.(E920M)	95
p.(E920F)	134
p.(E920P)	39
p.(E920L)	55
p.(E920S)	115
p.(E920T)	97
p.(E920W)	86
p.(E920Y)	104
p.(E920V)	105
p.(V921A)	51
p.(V921R)	40
p.(V921N)	77
p.(V921D)	58
p.(V921C)	109
p.(V921Q)	85
p.(V921E)	67
p.(V921G)	75
p.(V921H)	87
p.(V921I)	71
p.(V921K)	64
p.(V921M)	54
p.(V921F)	71
p.(V921P)	104
p.(V921L)	76
p.(V921S)	51
p.(V921T)	112
p.(V921W)	92
p.(V921Y)	71
p.(V921V)	0
p.(D922A)	96
p.(D922R)	69
p.(D922N)	89
p.(D922D)	0
p.(D922C)	96
p.(D922Q)	89
p.(D922E)	102
p.(D922G)	81
p.(D922H)	117
p.(D922I)	83
p.(D922K)	69
p.(D922M)	85
p.(D922F)	78
p.(D922P)	75
p.(D922L)	74
p.(D922S)	106
p.(D922T)	82
p.(D922W)	97
p.(D922Y)	438
p.(D922V)	91
p.(F923A)	81
p.(F923R)	86
p.(F923N)	82
p.(F923D)	65
p.(F923C)	94
p.(F923Q)	88
p.(F923E)	63
p.(F923G)	47
p.(F923H)	69
p.(F923I)	88
p.(F923K)	51
p.(F923M)	88
p.(F923F)	0
p.(F923P)	87
p.(F923L)	75
p.(F923S)	66
p.(F923T)	73
p.(F923W)	117
p.(F923Y)	71
p.(F923V)	86
p.(E924A)	97
p.(E924R)	81
p.(E924N)	688
p.(E924D)	132
p.(E924C)	106
p.(E924Q)	105
p.(E924E)	0
p.(E924G)	83
p.(E924H)	47
p.(E924I)	119
p.(E924K)	63
p.(E924M)	57
p.(E924F)	114
p.(E924P)	88
p.(E924L)	68
p.(E924S)	87
p.(E924T)	83
p.(E924W)	110
p.(E924Y)	85
p.(E924V)	112
p.(Q925A)	74
p.(Q925R)	88
p.(Q925N)	100
p.(Q925D)	43
p.(Q925C)	128
p.(Q925Q)	0
p.(Q925E)	96
p.(Q925G)	70
p.(Q925H)	115
p.(Q925I)	69
p.(Q925K)	83
p.(Q925M)	37
p.(Q925F)	107
p.(Q925P)	68
p.(Q925L)	81
p.(Q925S)	75
p.(Q925T)	63
p.(Q925W)	89
p.(Q925Y)	70
p.(Q925V)	93
p.(A926A)	0
p.(A926R)	92
p.(A926N)	77
p.(A926D)	87
p.(A926C)	82
p.(A926Q)	72
p.(A926E)	80
p.(A926G)	70
p.(A926H)	103
p.(A926I)	38
p.(A926K)	82
p.(A926M)	84
p.(A926F)	63
p.(A926P)	98
p.(A926L)	64
p.(A926S)	72
p.(A926T)	75
p.(A926W)	98
p.(A926Y)	81
p.(A926V)	114
p.(L927A)	92
p.(L927R)	41
p.(L927N)	93
p.(L927D)	66
p.(L927C)	60
p.(L927Q)	71
p.(L927E)	52
p.(L927G)	93
p.(L927H)	93
p.(L927I)	111
p.(L927K)	62
p.(L927M)	64
p.(L927F)	931
p.(L927P)	87
p.(L927L)	0
p.(L927S)	73
p.(L927T)	66
p.(L927W)	60
p.(L927Y)	111
p.(L927V)	79
p.(F928A)	42
p.(F928R)	66
p.(F928N)	93
p.(F928D)	84
p.(F928C)	98
p.(F928Q)	98
p.(F928E)	33
p.(F928G)	90
p.(F928H)	90
p.(F928I)	93
p.(F928K)	100
p.(F928M)	173
p.(F928F)	0
p.(F928P)	74
p.(F928L)	118
p.(F928S)	81
p.(F928T)	70
p.(F928W)	89
p.(F928Y)	64
p.(F928V)	163
p.(S929A)	102
p.(S929R)	49
p.(S929N)	70
p.(S929D)	67
p.(S929C)	82
p.(S929Q)	52
p.(S929E)	39
p.(S929G)	85
p.(S929H)	61
p.(S929I)	130
p.(S929K)	70
p.(S929M)	82
p.(S929F)	658
p.(S929P)	69
p.(S929L)	82
p.(S929S)	0
p.(S929T)	75
p.(S929W)	40
p.(S929Y)	67
p.(S929V)	61
p.(K930A)	42
p.(K930R)	94
p.(K930N)	131
p.(K930D)	106
p.(K930C)	71
p.(K930Q)	142
p.(K930E)	277
p.(K930G)	94
p.(K930H)	69
p.(K930I)	164
p.(K930K)	0
p.(K930M)	106
p.(K930F)	68
p.(K930P)	82
p.(K930L)	77
p.(K930S)	76
p.(K930T)	105
p.(K930W)	90
p.(K930Y)	80
p.(K930V)	97
p.(Y931A)	76
p.(Y931R)	79
p.(Y931N)	92
p.(Y931D)	23
p.(Y931C)	82
p.(Y931Q)	94
p.(Y931E)	69
p.(Y931G)	59
p.(Y931H)	84
p.(Y931I)	84
p.(Y931K)	52
p.(Y931M)	93
p.(Y931F)	83
p.(Y931P)	82
p.(Y931L)	76
p.(Y931S)	91
p.(Y931T)	56
p.(Y931W)	62
p.(Y931Y)	0
p.(Y931V)	49
p.(V932A)	172
p.(V932R)	90
p.(V932N)	101
p.(V932D)	71
p.(V932C)	58
p.(V932Q)	63
p.(V932E)	57
p.(V932G)	44
p.(V932H)	55
p.(V932I)	85
p.(V932K)	67
p.(V932M)	292
p.(V932F)	85
p.(V932P)	47
p.(V932L)	75
p.(V932S)	63
p.(V932T)	73
p.(V932W)	1774
p.(V932Y)	68
p.(V932V)	0
p.(G933A)	78
p.(G933R)	71
p.(G933N)	131
p.(G933D)	66
p.(G933C)	92
p.(G933Q)	72
p.(G933E)	154
p.(G933G)	0
p.(G933H)	104
p.(G933I)	99
p.(G933K)	102
p.(G933M)	110
p.(G933F)	82
p.(G933P)	92
p.(G933L)	105
p.(G933S)	89
p.(G933T)	74
p.(G933W)	417
p.(G933Y)	69
p.(G933V)	72
p.(N934A)	45
p.(N934R)	75
p.(N934N)	0
p.(N934D)	59
p.(N934C)	85
p.(N934Q)	58
p.(N934E)	663
p.(N934G)	93
p.(N934H)	108
p.(N934I)	39
p.(N934K)	128
p.(N934M)	70
p.(N934F)	95
p.(N934P)	99
p.(N934L)	91
p.(N934S)	83
p.(N934T)	45
p.(N934W)	95
p.(N934Y)	71
p.(N934V)	72
p.(T935A)	79
p.(T935R)	89
p.(T935N)	82
p.(T935D)	77
p.(T935C)	92
p.(T935Q)	88
p.(T935E)	95
p.(T935G)	79
p.(T935H)	80
p.(T935I)	40
p.(T935K)	56
p.(T935M)	388
p.(T935F)	86
p.(T935P)	80
p.(T935L)	68
p.(T935S)	88
p.(T935T)	0
p.(T935W)	75
p.(T935Y)	66
p.(T935V)	45
p.(L936A)	60
p.(L936R)	81
p.(L936N)	50
p.(L936D)	69
p.(L936C)	103
p.(L936Q)	53
p.(L936E)	62
p.(L936G)	76
p.(L936H)	58
p.(L936I)	98
p.(L936K)	69
p.(L936M)	80
p.(L936F)	236
p.(L936P)	84
p.(L936L)	0
p.(L936S)	130
p.(L936T)	55
p.(L936W)	65
p.(L936Y)	71
p.(L936V)	86
p.(H937A)	88
p.(H937R)	74
p.(H937N)	458
p.(H937D)	64
p.(H937C)	77
p.(H937Q)	80
p.(H937E)	73
p.(H937G)	100
p.(H937H)	0
p.(H937I)	68
p.(H937K)	93
p.(H937M)	1841
p.(H937F)	93
p.(H937P)	78
p.(H937L)	49
p.(H937S)	111
p.(H937T)	63
p.(H937W)	83
p.(H937Y)	712
p.(H937V)	45
p.(E938A)	78
p.(E938R)	69
p.(E938N)	1852
p.(E938D)	121
p.(E938C)	101
p.(E938Q)	93
p.(E938E)	0
p.(E938G)	248
p.(E938H)	79
p.(E938I)	72
p.(E938K)	1552
p.(E938M)	91
p.(E938F)	70
p.(E938P)	61
p.(E938L)	82
p.(E938S)	75
p.(E938T)	72
p.(E938W)	91
p.(E938Y)	98
p.(E938V)	68
p.(P939A)	76
p.(P939R)	88
p.(P939N)	85
p.(P939D)	81
p.(P939C)	73
p.(P939Q)	86
p.(P939E)	52
p.(P939G)	73
p.(P939H)	151
p.(P939I)	65
p.(P939K)	103
p.(P939M)	50
p.(P939F)	52
p.(P939P)	0
p.(P939L)	77
p.(P939S)	67
p.(P939T)	78
p.(P939W)	37
p.(P939Y)	84
p.(P939V)	69
p.(D940A)	96
p.(D940R)	57
p.(D940N)	492
p.(D940D)	0
p.(D940C)	82
p.(D940Q)	68
p.(D940E)	143
p.(D940G)	78
p.(D940H)	61
p.(D940I)	90
p.(D940K)	85
p.(D940M)	40
p.(D940F)	79
p.(D940P)	62
p.(D940L)	92
p.(D940S)	33
p.(D940T)	83
p.(D940W)	52
p.(D940Y)	64
p.(D940V)	63
p.(E941A)	84
p.(E941R)	90
p.(E941N)	78
p.(E941D)	91
p.(E941C)	89
p.(E941Q)	84
p.(E941E)	0
p.(E941G)	77
p.(E941H)	63
p.(E941I)	87
p.(E941K)	357
p.(E941M)	69
p.(E941F)	55
p.(E941P)	78
p.(E941L)	54
p.(E941S)	94
p.(E941T)	85
p.(E941W)	66
p.(E941Y)	68
p.(E941V)	96
p.(F942A)	76
p.(F942R)	58
p.(F942N)	69
p.(F942D)	72
p.(F942C)	103
p.(F942Q)	53
p.(F942E)	66
p.(F942G)	53
p.(F942H)	99
p.(F942I)	104
p.(F942K)	31
p.(F942M)	73
p.(F942F)	0
p.(F942P)	63
p.(F942L)	87
p.(F942S)	71
p.(F942T)	52
p.(F942W)	74
p.(F942Y)	118
p.(F942V)	76
p.(V943A)	58
p.(V943R)	41
p.(V943N)	79
p.(V943D)	88
p.(V943C)	79
p.(V943Q)	105
p.(V943E)	72
p.(V943G)	63
p.(V943H)	55
p.(V943I)	74
p.(V943K)	59
p.(V943M)	76
p.(V943F)	163
p.(V943P)	75
p.(V943L)	69
p.(V943S)	84
p.(V943T)	57
p.(V943W)	69
p.(V943Y)	44
p.(V943V)	0
p.(K944A)	86
p.(K944R)	67
p.(K944N)	260
p.(K944D)	99
p.(K944C)	83
p.(K944Q)	112
p.(K944E)	91
p.(K944G)	51
p.(K944H)	73
p.(K944I)	70
p.(K944K)	0
p.(K944M)	139
p.(K944F)	74
p.(K944P)	79
p.(K944L)	77
p.(K944S)	40
p.(K944T)	102
p.(K944W)	38
p.(K944Y)	64
p.(K944V)	69
p.(E945A)	43
p.(E945R)	74
p.(E945N)	100
p.(E945D)	238
p.(E945C)	70
p.(E945Q)	64
p.(E945E)	0
p.(E945G)	42
p.(E945H)	68
p.(E945I)	53
p.(E945K)	101
p.(E945M)	100
p.(E945F)	73
p.(E945P)	86
p.(E945L)	110
p.(E945S)	78
p.(E945T)	76
p.(E945W)	74
p.(E945Y)	86
p.(E945V)	76
p.(A946A)	0
p.(A946R)	47
p.(A946N)	59
p.(A946D)	46
p.(A946C)	96
p.(A946Q)	57
p.(A946E)	54
p.(A946G)	182
p.(A946H)	65
p.(A946I)	85
p.(A946K)	54
p.(A946M)	69
p.(A946F)	31
p.(A946P)	57
p.(A946L)	58
p.(A946S)	69
p.(A946T)	107
p.(A946W)	52
p.(A946Y)	57
p.(A946V)	46
p.(A947A)	0
p.(A947R)	82
p.(A947N)	65
p.(A947D)	128
p.(A947C)	58
p.(A947Q)	73
p.(A947E)	52
p.(A947G)	130
p.(A947H)	66
p.(A947I)	74
p.(A947K)	71
p.(A947M)	68
p.(A947F)	61
p.(A947P)	84
p.(A947L)	47
p.(A947S)	66
p.(A947T)	319
p.(A947W)	54
p.(A947Y)	80
p.(A947V)	30
p.(L948A)	61
p.(L948R)	40
p.(L948N)	85
p.(L948D)	63
p.(L948C)	85
p.(L948Q)	48
p.(L948E)	82
p.(L948G)	72
p.(L948H)	92
p.(L948I)	132
p.(L948K)	72
p.(L948M)	81
p.(L948F)	135
p.(L948P)	64
p.(L948L)	0
p.(L948S)	70
p.(L948T)	51
p.(L948W)	68
p.(L948Y)	1798
p.(L948V)	40
p.(H949A)	71
p.(H949R)	81
p.(H949N)	197
p.(H949D)	72
p.(H949C)	112
p.(H949Q)	108
p.(H949E)	62
p.(H949G)	83
p.(H949H)	0
p.(H949I)	1805
p.(H949K)	81
p.(H949M)	87
p.(H949F)	45
p.(H949P)	87
p.(H949L)	95
p.(H949S)	69
p.(H949T)	65
p.(H949W)	80
p.(H949Y)	78
p.(H949V)	41
p.(Y950A)	56
p.(Y950R)	48
p.(Y950N)	66
p.(Y950D)	57
p.(Y950C)	212
p.(Y950Q)	61
p.(Y950E)	24
p.(Y950G)	66
p.(Y950H)	50
p.(Y950I)	51
p.(Y950K)	47
p.(Y950M)	1821
p.(Y950F)	70
p.(Y950P)	75
p.(Y950L)	114
p.(Y950S)	60
p.(Y950T)	48
p.(Y950W)	64
p.(Y950Y)	0
p.(Y950V)	58
p.(A951A)	0
p.(A951R)	41
p.(A951N)	91
p.(A951D)	53
p.(A951C)	75
p.(A951Q)	128
p.(A951E)	50
p.(A951G)	63
p.(A951H)	61
p.(A951I)	64
p.(A951K)	66
p.(A951M)	75
p.(A951F)	43
p.(A951P)	106
p.(A951L)	75
p.(A951S)	64
p.(A951T)	68
p.(A951W)	71
p.(A951Y)	38
p.(A951V)	88
p.(N952A)	83
p.(N952R)	109
p.(N952N)	0
p.(N952D)	84
p.(N952C)	57
p.(N952Q)	172
p.(N952E)	76
p.(N952G)	61
p.(N952H)	80
p.(N952I)	52
p.(N952K)	62
p.(N952M)	70
p.(N952F)	79
p.(N952P)	58
p.(N952L)	71
p.(N952S)	88
p.(N952T)	1889
p.(N952W)	57
p.(N952Y)	104
p.(N952V)	91
p.(Q953A)	74
p.(Q953R)	49
p.(Q953N)	70
p.(Q953D)	99
p.(Q953C)	36
p.(Q953Q)	0
p.(Q953E)	73
p.(Q953G)	78
p.(Q953H)	140
p.(Q953I)	69
p.(Q953K)	69
p.(Q953M)	67
p.(Q953F)	38
p.(Q953P)	182
p.(Q953L)	60
p.(Q953S)	81
p.(Q953T)	79
p.(Q953W)	83
p.(Q953Y)	59
p.(Q953V)	87
p.(L954A)	70
p.(L954R)	42
p.(L954N)	57
p.(L954D)	53
p.(L954C)	62
p.(L954Q)	171
p.(L954E)	54
p.(L954G)	57
p.(L954H)	180
p.(L954I)	94
p.(L954K)	53
p.(L954M)	74
p.(L954F)	193
p.(L954P)	65
p.(L954L)	0
p.(L954S)	80
p.(L954T)	92
p.(L954W)	62
p.(L954Y)	63
p.(L954V)	50
p.(K955A)	167
p.(K955R)	74
p.(K955N)	192
p.(K955D)	33
p.(K955C)	68
p.(K955Q)	102
p.(K955E)	192
p.(K955G)	43
p.(K955H)	65
p.(K955I)	55
p.(K955K)	0
p.(K955M)	59
p.(K955F)	68
p.(K955P)	58
p.(K955L)	52
p.(K955S)	25
p.(K955T)	88
p.(K955W)	50
p.(K955Y)	56
p.(K955V)	110
p.(Q956A)	147
p.(Q956R)	51
p.(Q956N)	76
p.(Q956D)	67
p.(Q956C)	66
p.(Q956Q)	0
p.(Q956E)	95
p.(Q956G)	52
p.(Q956H)	104
p.(Q956I)	68
p.(Q956K)	177
p.(Q956M)	96
p.(Q956F)	88
p.(Q956P)	79
p.(Q956L)	81
p.(Q956S)	86
p.(Q956T)	62
p.(Q956W)	80
p.(Q956Y)	65
p.(Q956V)	50
p.(L957A)	76
p.(L957R)	57
p.(L957N)	46
p.(L957D)	85
p.(L957C)	68
p.(L957Q)	69
p.(L957E)	58
p.(L957G)	34
p.(L957H)	52
p.(L957I)	113
p.(L957K)	60
p.(L957M)	83
p.(L957F)	122
p.(L957P)	77
p.(L957L)	0
p.(L957S)	59
p.(L957T)	31
p.(L957W)	45
p.(L957Y)	107
p.(L957V)	62
p.(D958A)	92
p.(D958R)	82
p.(D958N)	49
p.(D958D)	0
p.(D958C)	75
p.(D958Q)	66
p.(D958E)	71
p.(D958G)	211
p.(D958H)	80
p.(D958I)	55
p.(D958K)	84
p.(D958M)	58
p.(D958F)	79
p.(D958P)	89
p.(D958L)	78
p.(D958S)	110
p.(D958T)	76
p.(D958W)	69
p.(D958Y)	392
p.(D958V)	72
p.(I959A)	77
p.(I959R)	72
p.(I959N)	109
p.(I959D)	51
p.(I959C)	56
p.(I959Q)	213
p.(I959E)	28
p.(I959G)	36
p.(I959H)	80
p.(I959I)	0
p.(I959K)	60
p.(I959M)	114
p.(I959F)	88
p.(I959P)	76
p.(I959L)	29
p.(I959S)	84
p.(I959T)	96
p.(I959W)	96
p.(I959Y)	53
p.(I959V)	93
p.(K960A)	70
p.(K960R)	297
p.(K960N)	95
p.(K960D)	169
p.(K960C)	87
p.(K960Q)	100
p.(K960E)	343
p.(K960G)	79
p.(K960H)	96
p.(K960I)	99
p.(K960K)	0
p.(K960M)	170
p.(K960F)	71
p.(K960P)	73
p.(K960L)	76
p.(K960S)	74
p.(K960T)	50
p.(K960W)	69
p.(K960Y)	69
p.(K960V)	84
p.(T961A)	301
p.(T961R)	112
p.(T961N)	119
p.(T961D)	110
p.(T961C)	109
p.(T961Q)	110
p.(T961E)	75
p.(T961G)	70
p.(T961H)	220
p.(T961I)	163
p.(T961K)	100
p.(T961M)	94
p.(T961F)	60
p.(T961P)	383
p.(T961L)	56
p.(T961S)	98
p.(T961T)	0
p.(T961W)	110
p.(T961Y)	71
p.(T961V)	90
p.(T962A)	196
p.(T962R)	81
p.(T962N)	79
p.(T962D)	103
p.(T962C)	62
p.(T962Q)	242
p.(T962E)	80
p.(T962G)	83
p.(T962H)	207
p.(T962I)	90
p.(T962K)	47
p.(T962M)	117
p.(T962F)	78
p.(T962P)	105
p.(T962L)	57
p.(T962S)	122
p.(T962T)	0
p.(T962W)	89
p.(T962Y)	115
p.(T962V)	113
p.(K963A)	104
p.(K963R)	90
p.(K963N)	94
p.(K963D)	80
p.(K963C)	97
p.(K963Q)	248
p.(K963E)	185
p.(K963G)	96
p.(K963H)	127
p.(K963I)	89
p.(K963K)	0
p.(K963M)	184
p.(K963F)	120
p.(K963P)	85
p.(K963L)	67
p.(K963S)	39
p.(K963T)	70
p.(K963W)	40
p.(K963Y)	110
p.(K963V)	79
p.(M964A)	101
p.(M964R)	88
p.(M964N)	87
p.(M964D)	238
p.(M964C)	77
p.(M964Q)	64
p.(M964E)	256
p.(M964G)	49
p.(M964H)	135
p.(M964I)	1045
p.(M964K)	78
p.(M964M)	0
p.(M964F)	120
p.(M964P)	60
p.(M964L)	90
p.(M964S)	129
p.(M964T)	95
p.(M964W)	61
p.(M964Y)	71
p.(M964V)	87
p.(S965A)	58
p.(S965R)	69
p.(S965N)	355
p.(S965D)	52
p.(S965C)	99
p.(S965Q)	104
p.(S965E)	200
p.(S965G)	77
p.(S965H)	244
p.(S965I)	89
p.(S965K)	93
p.(S965M)	97
p.(S965F)	103
p.(S965P)	106
p.(S965L)	81
p.(S965S)	0
p.(S965T)	65
p.(S965W)	46
p.(S965Y)	122
p.(S965V)	99
p.(M966A)	108
p.(M966R)	82
p.(M966N)	55
p.(M966D)	77
p.(M966C)	93
p.(M966Q)	88
p.(M966E)	95
p.(M966G)	83
p.(M966H)	218
p.(M966I)	73
p.(M966K)	94
p.(M966M)	0
p.(M966F)	66
p.(M966P)	83
p.(M966L)	149
p.(M966S)	125
p.(M966T)	115
p.(M966W)	152
p.(M966Y)	51
p.(M966V)	105
p.(E967A)	111
p.(E967R)	42
p.(E967N)	140
p.(E967D)	143
p.(E967C)	60
p.(E967Q)	128
p.(E967E)	0
p.(E967G)	429
p.(E967H)	136
p.(E967I)	109
p.(E967K)	269
p.(E967M)	138
p.(E967F)	129
p.(E967P)	50
p.(E967L)	98
p.(E967S)	91
p.(E967T)	118
p.(E967W)	93
p.(E967Y)	112
p.(E967V)	121
p.(D968A)	75
p.(D968R)	89
p.(D968N)	326
p.(D968D)	0
p.(D968C)	245
p.(D968Q)	102
p.(D968E)	73
p.(D968G)	108
p.(D968H)	87
p.(D968I)	105
p.(D968K)	63
p.(D968M)	280
p.(D968F)	113
p.(D968P)	47
p.(D968L)	116
p.(D968S)	75
p.(D968T)	109
p.(D968W)	96
p.(D968Y)	90
p.(D968V)	105
p.(A969A)	0
p.(A969R)	116
p.(A969N)	89
p.(A969D)	47
p.(A969C)	90
p.(A969Q)	96
p.(A969E)	109
p.(A969G)	113
p.(A969H)	108
p.(A969I)	130
p.(A969K)	99
p.(A969M)	258
p.(A969F)	58
p.(A969P)	71
p.(A969L)	91
p.(A969S)	90
p.(A969T)	50
p.(A969W)	132
p.(A969Y)	133
p.(A969V)	679
p.(C970A)	121
p.(C970R)	72
p.(C970N)	116
p.(C970D)	130
p.(C970C)	0
p.(C970Q)	86
p.(C970E)	74
p.(C970G)	121
p.(C970H)	61
p.(C970I)	132
p.(C970K)	106
p.(C970M)	278
p.(C970F)	106
p.(C970P)	131
p.(C970L)	122
p.(C970S)	108
p.(C970T)	77
p.(C970W)	151
p.(C970Y)	112
p.(C970V)	75
p.(Y971A)	112
p.(Y971R)	102
p.(Y971N)	79
p.(Y971D)	96
p.(Y971C)	119
p.(Y971Q)	109
p.(Y971E)	100
p.(Y971G)	71
p.(Y971H)	258
p.(Y971I)	109
p.(Y971K)	93
p.(Y971M)	123
p.(Y971F)	141
p.(Y971P)	110
p.(Y971L)	298
p.(Y971S)	88
p.(Y971T)	84
p.(Y971W)	89
p.(Y971Y)	0
p.(Y971V)	44
p.(G972A)	86
p.(G972R)	134
p.(G972N)	79
p.(G972D)	556
p.(G972C)	436
p.(G972Q)	72
p.(G972E)	79
p.(G972G)	0
p.(G972H)	230
p.(G972I)	121
p.(G972K)	58
p.(G972M)	100
p.(G972F)	113
p.(G972P)	93
p.(G972L)	62
p.(G972S)	92
p.(G972T)	83
p.(G972W)	114
p.(G972Y)	103
p.(G972V)	70
p.(T973A)	125
p.(T973R)	83
p.(T973N)	118
p.(T973D)	58
p.(T973C)	144
p.(T973Q)	80
p.(T973E)	88
p.(T973G)	98
p.(T973H)	78
p.(T973I)	101
p.(T973K)	196
p.(T973M)	110
p.(T973F)	114
p.(T973P)	132
p.(T973L)	86
p.(T973S)	100
p.(T973T)	0
p.(T973W)	137
p.(T973Y)	70
p.(T973V)	108
p.(E974A)	48
p.(E974R)	96
p.(E974N)	95
p.(E974D)	299
p.(E974C)	122
p.(E974Q)	127
p.(E974E)	0
p.(E974G)	119
p.(E974H)	91
p.(E974I)	130
p.(E974K)	345
p.(E974M)	107
p.(E974F)	120
p.(E974P)	81
p.(E974L)	109
p.(E974S)	105
p.(E974T)	132
p.(E974W)	55
p.(E974Y)	120
p.(E974V)	94
p.(N975A)	89
p.(N975R)	103
p.(N975N)	0
p.(N975D)	271
p.(N975C)	116
p.(N975Q)	98
p.(N975E)	85
p.(N975G)	115
p.(N975H)	93
p.(N975I)	90
p.(N975K)	120
p.(N975M)	79
p.(N975F)	78
p.(N975P)	100
p.(N975L)	90
p.(N975S)	85
p.(N975T)	96
p.(N975W)	97
p.(N975Y)	93
p.(N975V)	102
p.(L976A)	97
p.(L976R)	89
p.(L976N)	108
p.(L976D)	94
p.(L976C)	99
p.(L976Q)	90
p.(L976E)	150
p.(L976G)	86
p.(L976H)	96
p.(L976I)	126
p.(L976K)	80
p.(L976M)	219
p.(L976F)	131
p.(L976P)	250
p.(L976L)	0
p.(L976S)	67
p.(L976T)	93
p.(L976W)	538
p.(L976Y)	76
p.(L976V)	92
p.(E977A)	104
p.(E977R)	75
p.(E977N)	111
p.(E977D)	129
p.(E977C)	97
p.(E977Q)	133
p.(E977E)	0
p.(E977G)	83
p.(E977H)	92
p.(E977I)	81
p.(E977K)	658
p.(E977M)	91
p.(E977F)	136
p.(E977P)	83
p.(E977L)	148
p.(E977S)	123
p.(E977T)	46
p.(E977W)	44
p.(E977Y)	43
p.(E977V)	138
p.(A978A)	0
p.(A978R)	104
p.(A978N)	99
p.(A978D)	63
p.(A978C)	128
p.(A978Q)	131
p.(A978E)	88
p.(A978G)	121
p.(A978H)	89
p.(A978I)	108
p.(A978K)	115
p.(A978M)	90
p.(A978F)	118
p.(A978P)	151
p.(A978L)	151
p.(A978S)	286
p.(A978T)	115
p.(A978W)	111
p.(A978Y)	51
p.(A978V)	101
p.(I979A)	125
p.(I979R)	63
p.(I979N)	103
p.(I979D)	125
p.(I979C)	82
p.(I979Q)	111
p.(I979E)	131
p.(I979G)	96
p.(I979H)	136
p.(I979I)	0
p.(I979K)	99
p.(I979M)	302
p.(I979F)	123
p.(I979P)	149
p.(I979L)	53
p.(I979S)	116
p.(I979T)	105
p.(I979W)	112
p.(I979Y)	113
p.(I979V)	82
p.(D980A)	125
p.(D980R)	260
p.(D980N)	257
p.(D980D)	0
p.(D980C)	112
p.(D980Q)	68
p.(D980E)	126
p.(D980G)	67
p.(D980H)	62
p.(D980I)	43
p.(D980K)	95
p.(D980M)	81
p.(D980F)	113
p.(D980P)	92
p.(D980L)	65
p.(D980S)	97
p.(D980T)	158
p.(D980W)	103
p.(D980Y)	268
p.(D980V)	85
p.(L981A)	118
p.(L981R)	106
p.(L981N)	49
p.(L981D)	122
p.(L981C)	106
p.(L981Q)	88
p.(L981E)	68
p.(L981G)	106
p.(L981H)	93
p.(L981I)	92
p.(L981K)	113
p.(L981M)	95
p.(L981F)	149
p.(L981P)	110
p.(L981L)	0
p.(L981S)	114
p.(L981T)	85
p.(L981W)	105
p.(L981Y)	85
p.(L981V)	82
p.(H982A)	91
p.(H982R)	92
p.(H982N)	87
p.(H982D)	106
p.(H982C)	81
p.(H982Q)	118
p.(H982E)	92
p.(H982G)	121
p.(H982H)	0
p.(H982I)	57
p.(H982K)	121
p.(H982M)	92
p.(H982F)	139
p.(H982P)	62
p.(H982L)	141
p.(H982S)	72
p.(H982T)	82
p.(H982W)	112
p.(H982Y)	89
p.(H982V)	134
p.(T983A)	102
p.(T983R)	138
p.(T983N)	92
p.(T983D)	103
p.(T983C)	58
p.(T983Q)	223
p.(T983E)	117
p.(T983G)	117
p.(T983H)	289
p.(T983I)	66
p.(T983K)	215
p.(T983M)	124
p.(T983F)	106
p.(T983P)	133
p.(T983L)	154
p.(T983S)	96
p.(T983T)	0
p.(T983W)	89
p.(T983Y)	124
p.(T983V)	67
p.(S984A)	98
p.(S984R)	192
p.(S984N)	108
p.(S984D)	87
p.(S984C)	125
p.(S984Q)	82
p.(S984E)	57
p.(S984G)	69
p.(S984H)	104
p.(S984I)	105
p.(S984K)	116
p.(S984M)	89
p.(S984F)	103
p.(S984P)	110
p.(S984L)	139
p.(S984S)	0
p.(S984T)	117
p.(S984W)	93
p.(S984Y)	139
p.(S984V)	99
p.(A985A)	0
p.(A985R)	87
p.(A985N)	90
p.(A985D)	94
p.(A985C)	117
p.(A985Q)	60
p.(A985E)	151
p.(A985G)	80
p.(A985H)	84
p.(A985I)	47
p.(A985K)	108
p.(A985M)	52
p.(A985F)	105
p.(A985P)	108
p.(A985L)	58
p.(A985S)	259
p.(A985T)	130
p.(A985W)	96
p.(A985Y)	100
p.(A985V)	113
p.(G986A)	121
p.(G986R)	109
p.(G986N)	88
p.(G986D)	441
p.(G986C)	95
p.(G986Q)	162
p.(G986E)	150
p.(G986G)	0
p.(G986H)	45
p.(G986I)	328
p.(G986K)	59
p.(G986M)	130
p.(G986F)	93
p.(G986P)	113
p.(G986L)	115
p.(G986S)	114
p.(G986T)	172
p.(G986W)	135
p.(G986Y)	173
p.(G986V)	355
p.(Y987A)	108
p.(Y987R)	27
p.(Y987N)	99
p.(Y987D)	101
p.(Y987C)	210
p.(Y987Q)	105
p.(Y987E)	86
p.(Y987G)	63
p.(Y987H)	97
p.(Y987I)	64
p.(Y987K)	98
p.(Y987M)	68
p.(Y987F)	111
p.(Y987P)	69
p.(Y987L)	93
p.(Y987S)	112
p.(Y987T)	99
p.(Y987W)	65
p.(Y987Y)	0
p.(Y987V)	79
p.(P988A)	116
p.(P988R)	88
p.(P988N)	102
p.(P988D)	60
p.(P988C)	146
p.(P988Q)	101
p.(P988E)	122
p.(P988G)	81
p.(P988H)	575
p.(P988I)	139
p.(P988K)	92
p.(P988M)	88
p.(P988F)	75
p.(P988P)	0
p.(P988L)	49
p.(P988S)	112
p.(P988T)	72
p.(P988W)	124
p.(P988Y)	150
p.(P988V)	117
p.(Y989A)	114
p.(Y989R)	101
p.(Y989N)	147
p.(Y989D)	128
p.(Y989C)	118
p.(Y989Q)	338
p.(Y989E)	109
p.(Y989G)	81
p.(Y989H)	242
p.(Y989I)	208
p.(Y989K)	134
p.(Y989M)	89
p.(Y989F)	101
p.(Y989P)	126
p.(Y989L)	120
p.(Y989S)	109
p.(Y989T)	89
p.(Y989W)	76
p.(Y989Y)	0
p.(Y989V)	125
p.(S990A)	84
p.(S990R)	186
p.(S990N)	212
p.(S990D)	123
p.(S990C)	330
p.(S990Q)	92
p.(S990E)	59
p.(S990G)	118
p.(S990H)	76
p.(S990I)	266
p.(S990K)	89
p.(S990M)	109
p.(S990F)	138
p.(S990P)	46
p.(S990L)	140
p.(S990S)	0
p.(S990T)	87
p.(S990W)	110
p.(S990Y)	79
p.(S990V)	69
p.(A991A)	0
p.(A991R)	100
p.(A991N)	95
p.(A991D)	119
p.(A991C)	134
p.(A991Q)	128
p.(A991E)	201
p.(A991G)	98
p.(A991H)	542
p.(A991I)	64
p.(A991K)	103
p.(A991M)	95
p.(A991F)	124
p.(A991P)	108
p.(A991L)	80
p.(A991S)	79
p.(A991T)	67
p.(A991W)	86
p.(A991Y)	119
p.(A991V)	599
p.(L992A)	105
p.(L992R)	105
p.(L992N)	100
p.(L992D)	66
p.(L992C)	93
p.(L992Q)	176
p.(L992E)	100
p.(L992G)	91
p.(L992H)	63
p.(L992I)	163
p.(L992K)	107
p.(L992M)	108
p.(L992F)	108
p.(L992P)	122
p.(L992L)	0
p.(L992S)	132
p.(L992T)	237
p.(L992W)	94
p.(L992Y)	98
p.(L992V)	106
p.(G993A)	65
p.(G993R)	88
p.(G993N)	103
p.(G993D)	549
p.(G993C)	380
p.(G993Q)	88
p.(G993E)	82
p.(G993G)	0
p.(G993H)	90
p.(G993I)	80
p.(G993K)	140
p.(G993M)	121
p.(G993F)	98
p.(G993P)	140
p.(G993L)	87
p.(G993S)	98
p.(G993T)	143
p.(G993W)	108
p.(G993Y)	131
p.(G993V)	49
p.(I994A)	106
p.(I994R)	87
p.(I994N)	110
p.(I994D)	80
p.(I994C)	58
p.(I994Q)	333
p.(I994E)	77
p.(I994G)	101
p.(I994H)	257
p.(I994I)	0
p.(I994K)	120
p.(I994M)	85
p.(I994F)	110
p.(I994P)	68
p.(I994L)	103
p.(I994S)	80
p.(I994T)	97
p.(I994W)	91
p.(I994Y)	62
p.(I994V)	101
p.(K995A)	106
p.(K995R)	92
p.(K995N)	134
p.(K995D)	124
p.(K995C)	81
p.(K995Q)	288
p.(K995E)	338
p.(K995G)	70
p.(K995H)	88
p.(K995I)	132
p.(K995K)	0
p.(K995M)	154
p.(K995F)	72
p.(K995P)	108
p.(K995L)	116
p.(K995S)	71
p.(K995T)	96
p.(K995W)	116
p.(K995Y)	104
p.(K995V)	109
p.(K996A)	98
p.(K996R)	47
p.(K996N)	156
p.(K996D)	81
p.(K996C)	116
p.(K996Q)	83
p.(K996E)	453
p.(K996G)	98
p.(K996H)	79
p.(K996I)	143
p.(K996K)	0
p.(K996M)	127
p.(K996F)	102
p.(K996P)	95
p.(K996L)	54
p.(K996S)	69
p.(K996T)	118
p.(K996W)	127
p.(K996Y)	111
p.(K996V)	104
p.(K997A)	102
p.(K997R)	84
p.(K997N)	115
p.(K997D)	142
p.(K997C)	56
p.(K997Q)	91
p.(K997E)	110
p.(K997G)	80
p.(K997H)	135
p.(K997I)	122
p.(K997K)	0
p.(K997M)	146
p.(K997F)	116
p.(K997P)	111
p.(K997L)	137
p.(K997S)	67
p.(K997T)	90
p.(K997W)	86
p.(K997Y)	113
p.(K997V)	143
p.(D998A)	144
p.(D998R)	61
p.(D998N)	72
p.(D998D)	0
p.(D998C)	131
p.(D998Q)	127
p.(D998E)	191
p.(D998G)	327
p.(D998H)	394
p.(D998I)	72
p.(D998K)	103
p.(D998M)	102
p.(D998F)	58
p.(D998P)	96
p.(D998L)	87
p.(D998S)	60
p.(D998T)	84
p.(D998W)	124
p.(D998Y)	290
p.(D998V)	157
p.(I999A)	122
p.(I999R)	102
p.(I999N)	109
p.(I999D)	107
p.(I999C)	125
p.(I999Q)	66
p.(I999E)	123
p.(I999G)	86
p.(I999H)	332
p.(I999I)	0
p.(I999K)	136
p.(I999M)	88
p.(I999F)	93
p.(I999P)	119
p.(I999L)	86
p.(I999S)	128
p.(I999T)	69
p.(I999W)	99
p.(I999Y)	108
p.(I999V)	107
p.(L1000A)	81
p.(L1000R)	76
p.(L1000N)	114
p.(L1000D)	85
p.(L1000C)	148
p.(L1000Q)	114
p.(L1000E)	89
p.(L1000G)	121
p.(L1000H)	129
p.(L1000I)	35
p.(L1000K)	105
p.(L1000M)	156
p.(L1000F)	699
p.(L1000P)	113
p.(L1000L)	0
p.(L1000S)	62
p.(L1000T)	104
p.(L1000W)	1509
p.(L1000Y)	68
p.(L1000V)	134
p.(D1001A)	44
p.(D1001R)	65
p.(D1001N)	227
p.(D1001D)	0
p.(D1001C)	100
p.(D1001Q)	62
p.(D1001E)	86
p.(D1001G)	269
p.(D1001H)	99
p.(D1001I)	134
p.(D1001K)	96
p.(D1001M)	67
p.(D1001F)	69
p.(D1001P)	46
p.(D1001L)	98
p.(D1001S)	82
p.(D1001T)	82
p.(D1001W)	80
p.(D1001Y)	69
p.(D1001V)	131
p.(P1002A)	109
p.(P1002R)	121
p.(P1002N)	349
p.(P1002D)	94
p.(P1002C)	66
p.(P1002Q)	110
p.(P1002E)	53
p.(P1002G)	82
p.(P1002H)	48
p.(P1002I)	96
p.(P1002K)	69
p.(P1002M)	151
p.(P1002F)	135
p.(P1002P)	0
p.(P1002L)	109
p.(P1002S)	98
p.(P1002T)	102
p.(P1002W)	96
p.(P1002Y)	99
p.(P1002V)	78
p.(T1003A)	132
p.(T1003R)	144
p.(T1003N)	122
p.(T1003D)	118
p.(T1003C)	116
p.(T1003Q)	101
p.(T1003E)	112
p.(T1003G)	114
p.(T1003H)	97
p.(T1003I)	108
p.(T1003K)	111
p.(T1003M)	93
p.(T1003F)	114
p.(T1003P)	125
p.(T1003L)	121
p.(T1003S)	82
p.(T1003T)	0
p.(T1003W)	94
p.(T1003Y)	42
p.(T1003V)	121
p.(T1004A)	86
p.(T1004R)	133
p.(T1004N)	328
p.(T1004D)	49
p.(T1004C)	118
p.(T1004Q)	78
p.(T1004E)	104
p.(T1004G)	122
p.(T1004H)	49
p.(T1004I)	101
p.(T1004K)	95
p.(T1004M)	78
p.(T1004F)	83
p.(T1004P)	93
p.(T1004L)	116
p.(T1004S)	302
p.(T1004T)	0
p.(T1004W)	142
p.(T1004Y)	98
p.(T1004V)	166
p.(R1005A)	1696
p.(R1005R)	0
p.(R1005N)	82
p.(R1005D)	99
p.(R1005C)	736
p.(R1005Q)	121
p.(R1005E)	46
p.(R1005G)	83
p.(R1005H)	98
p.(R1005I)	118
p.(R1005K)	142
p.(R1005M)	120
p.(R1005F)	78
p.(R1005P)	100
p.(R1005L)	148
p.(R1005S)	79
p.(R1005T)	176
p.(R1005W)	98
p.(R1005Y)	115
p.(R1005V)	127
p.(D1006A)	71
p.(D1006R)	128
p.(D1006N)	106
p.(D1006D)	0
p.(D1006C)	419
p.(D1006Q)	93
p.(D1006E)	112
p.(D1006G)	197
p.(D1006H)	158
p.(D1006I)	118
p.(D1006K)	128
p.(D1006M)	1727
p.(D1006F)	199
p.(D1006P)	98
p.(D1006L)	156
p.(D1006S)	56
p.(D1006T)	105
p.(D1006W)	178
p.(D1006Y)	479
p.(D1006V)	171
p.(V1007A)	81
p.(V1007R)	103
p.(V1007N)	73
p.(V1007D)	90
p.(V1007C)	112
p.(V1007Q)	141
p.(V1007E)	96
p.(V1007G)	112
p.(V1007H)	123
p.(V1007I)	97
p.(V1007K)	32
p.(V1007M)	64
p.(V1007F)	133
p.(V1007P)	108
p.(V1007L)	123
p.(V1007S)	149
p.(V1007T)	156
p.(V1007W)	72
p.(V1007Y)	135
p.(V1007V)	0
p.(S1008A)	1841
p.(S1008R)	119
p.(S1008N)	394
p.(S1008D)	88
p.(S1008C)	171
p.(S1008Q)	378
p.(S1008E)	99
p.(S1008G)	65
p.(S1008H)	82
p.(S1008I)	64
p.(S1008K)	76
p.(S1008M)	84
p.(S1008F)	111
p.(S1008P)	43
p.(S1008L)	123
p.(S1008S)	0
p.(S1008T)	101
p.(S1008W)	125
p.(S1008Y)	108
p.(S1008V)	123
p.(K1009A)	127
p.(K1009R)	121
p.(K1009N)	121
p.(K1009D)	381
p.(K1009C)	116
p.(K1009Q)	134
p.(K1009E)	299
p.(K1009G)	95
p.(K1009H)	103
p.(K1009I)	108
p.(K1009K)	0
p.(K1009M)	124
p.(K1009F)	124
p.(K1009P)	85
p.(K1009L)	123
p.(K1009S)	125
p.(K1009T)	102
p.(K1009W)	93
p.(K1009Y)	134
p.(K1009V)	100
p.(M1010A)	131
p.(M1010R)	77
p.(M1010N)	69
p.(M1010D)	361
p.(M1010C)	91
p.(M1010Q)	122
p.(M1010E)	389
p.(M1010G)	97
p.(M1010H)	108
p.(M1010I)	160
p.(M1010K)	128
p.(M1010M)	0
p.(M1010F)	110
p.(M1010P)	111
p.(M1010L)	89
p.(M1010S)	127
p.(M1010T)	131
p.(M1010W)	122
p.(M1010Y)	115
p.(M1010V)	128
p.(K1011A)	126
p.(K1011R)	107
p.(K1011N)	418
p.(K1011D)	66
p.(K1011C)	71
p.(K1011Q)	124
p.(K1011E)	136
p.(K1011G)	105
p.(K1011H)	120
p.(K1011I)	129
p.(K1011K)	0
p.(K1011M)	122
p.(K1011F)	151
p.(K1011P)	123
p.(K1011L)	131
p.(K1011S)	99
p.(K1011T)	91
p.(K1011W)	130
p.(K1011Y)	145
p.(K1011V)	134
p.(F1012A)	108
p.(F1012R)	78
p.(F1012N)	93
p.(F1012D)	110
p.(F1012C)	55
p.(F1012Q)	85
p.(F1012E)	53
p.(F1012G)	100
p.(F1012H)	77
p.(F1012I)	65
p.(F1012K)	68
p.(F1012M)	74
p.(F1012F)	0
p.(F1012P)	118
p.(F1012L)	280
p.(F1012S)	90
p.(F1012T)	104
p.(F1012W)	97
p.(F1012Y)	90
p.(F1012V)	121
p.(Y1013A)	36
p.(Y1013R)	62
p.(Y1013N)	103
p.(Y1013D)	97
p.(Y1013C)	100
p.(Y1013Q)	121
p.(Y1013E)	91
p.(Y1013G)	128
p.(Y1013H)	445
p.(Y1013I)	159
p.(Y1013K)	69
p.(Y1013M)	103
p.(Y1013F)	76
p.(Y1013P)	103
p.(Y1013L)	135
p.(Y1013S)	110
p.(Y1013T)	118
p.(Y1013W)	112
p.(Y1013Y)	0
p.(Y1013V)	129
p.(M1014A)	66
p.(M1014R)	99
p.(M1014N)	89
p.(M1014D)	143
p.(M1014C)	103
p.(M1014Q)	96
p.(M1014E)	153
p.(M1014G)	58
p.(M1014H)	96
p.(M1014I)	127
p.(M1014K)	113
p.(M1014M)	0
p.(M1014F)	105
p.(M1014P)	74
p.(M1014L)	101
p.(M1014S)	84
p.(M1014T)	97
p.(M1014W)	466
p.(M1014Y)	68
p.(M1014V)	139
p.(D1015A)	127
p.(D1015R)	71
p.(D1015N)	335
p.(D1015D)	0
p.(D1015C)	134
p.(D1015Q)	113
p.(D1015E)	213
p.(D1015G)	393
p.(D1015H)	92
p.(D1015I)	98
p.(D1015K)	102
p.(D1015M)	105
p.(D1015F)	116
p.(D1015P)	91
p.(D1015L)	92
p.(D1015S)	118
p.(D1015T)	86
p.(D1015W)	77
p.(D1015Y)	145
p.(D1015V)	89
p.(K1016A)	107
p.(K1016R)	88
p.(K1016N)	134
p.(K1016D)	87
p.(K1016C)	133
p.(K1016Q)	392
p.(K1016E)	342
p.(K1016G)	109
p.(K1016H)	134
p.(K1016I)	95
p.(K1016K)	0
p.(K1016M)	106
p.(K1016F)	131
p.(K1016P)	72
p.(K1016L)	144
p.(K1016S)	103
p.(K1016T)	154
p.(K1016W)	100
p.(K1016Y)	61
p.(K1016V)	393
p.(Y1017A)	48
p.(Y1017R)	105
p.(Y1017N)	107
p.(Y1017D)	85
p.(Y1017C)	130
p.(Y1017Q)	97
p.(Y1017E)	73
p.(Y1017G)	79
p.(Y1017H)	140
p.(Y1017I)	79
p.(Y1017K)	91
p.(Y1017M)	906
p.(Y1017F)	153
p.(Y1017P)	79
p.(Y1017L)	95
p.(Y1017S)	159
p.(Y1017T)	113
p.(Y1017W)	418
p.(Y1017Y)	0
p.(Y1017V)	106
p.(G1018A)	155
p.(G1018R)	137
p.(G1018N)	24
p.(G1018D)	109
p.(G1018C)	105
p.(G1018Q)	101
p.(G1018E)	115
p.(G1018G)	0
p.(G1018H)	67
p.(G1018I)	99
p.(G1018K)	93
p.(G1018M)	102
p.(G1018F)	108
p.(G1018P)	127
p.(G1018L)	160
p.(G1018S)	69
p.(G1018T)	92
p.(G1018W)	639
p.(G1018Y)	105
p.(G1018V)	304
p.(L1019A)	92
p.(L1019R)	77
p.(L1019N)	112
p.(L1019D)	126
p.(L1019C)	86
p.(L1019Q)	76
p.(L1019E)	95
p.(L1019G)	83
p.(L1019H)	162
p.(L1019I)	41
p.(L1019K)	77
p.(L1019M)	118
p.(L1019F)	400
p.(L1019P)	128
p.(L1019L)	0
p.(L1019S)	123
p.(L1019T)	94
p.(L1019W)	1204
p.(L1019Y)	103
p.(L1019V)	108
p.(D1020A)	104
p.(D1020R)	120
p.(D1020N)	281
p.(D1020D)	0
p.(D1020C)	85
p.(D1020Q)	120
p.(D1020E)	112
p.(D1020G)	95
p.(D1020H)	126
p.(D1020I)	1214
p.(D1020K)	95
p.(D1020M)	99
p.(D1020F)	135
p.(D1020P)	118
p.(D1020L)	96
p.(D1020S)	91
p.(D1020T)	116
p.(D1020W)	131
p.(D1020Y)	234
p.(D1020V)	123
p.(L1021A)	129
p.(L1021R)	94
p.(L1021N)	96
p.(L1021D)	120
p.(L1021C)	125
p.(L1021Q)	88
p.(L1021E)	116
p.(L1021G)	127
p.(L1021H)	91
p.(L1021I)	108
p.(L1021K)	118
p.(L1021M)	91
p.(L1021F)	109
p.(L1021P)	87
p.(L1021L)	0
p.(L1021S)	404
p.(L1021T)	113
p.(L1021W)	110
p.(L1021Y)	102
p.(L1021V)	113
p.(P1022A)	54
p.(P1022R)	86
p.(P1022N)	82
p.(P1022D)	69
p.(P1022C)	94
p.(P1022Q)	95
p.(P1022E)	95
p.(P1022G)	65
p.(P1022H)	108
p.(P1022I)	127
p.(P1022K)	65
p.(P1022M)	90
p.(P1022F)	112
p.(P1022P)	0
p.(P1022L)	68
p.(P1022S)	92
p.(P1022T)	175
p.(P1022W)	88
p.(P1022Y)	78
p.(P1022V)	169
p.(Y1023A)	114
p.(Y1023R)	64
p.(Y1023N)	127
p.(Y1023D)	152
p.(Y1023C)	160
p.(Y1023Q)	130
p.(Y1023E)	136
p.(Y1023G)	137
p.(Y1023H)	201
p.(Y1023I)	82
p.(Y1023K)	91
p.(Y1023M)	102
p.(Y1023F)	127
p.(Y1023P)	98
p.(Y1023L)	114
p.(Y1023S)	86
p.(Y1023T)	76
p.(Y1023W)	86
p.(Y1023Y)	0
p.(Y1023V)	390
p.(S1024A)	80
p.(S1024R)	111
p.(S1024N)	109
p.(S1024D)	94
p.(S1024C)	97
p.(S1024Q)	107
p.(S1024E)	103
p.(S1024G)	57
p.(S1024H)	105
p.(S1024I)	54
p.(S1024K)	47
p.(S1024M)	120
p.(S1024F)	509
p.(S1024P)	83
p.(S1024L)	129
p.(S1024S)	0
p.(S1024T)	80
p.(S1024W)	138
p.(S1024Y)	200
p.(S1024V)	118
p.(T1025A)	102
p.(T1025R)	99
p.(T1025N)	146
p.(T1025D)	86
p.(T1025C)	151
p.(T1025Q)	59
p.(T1025E)	108
p.(T1025G)	155
p.(T1025H)	56
p.(T1025I)	263
p.(T1025K)	141
p.(T1025M)	84
p.(T1025F)	127
p.(T1025P)	111
p.(T1025L)	96
p.(T1025S)	124
p.(T1025T)	0
p.(T1025W)	87
p.(T1025Y)	384
p.(T1025V)	104
p.(Y1026A)	67
p.(Y1026R)	132
p.(Y1026N)	131
p.(Y1026D)	131
p.(Y1026C)	448
p.(Y1026Q)	108
p.(Y1026E)	102
p.(Y1026G)	85
p.(Y1026H)	312
p.(Y1026I)	56
p.(Y1026K)	102
p.(Y1026M)	1367
p.(Y1026F)	113
p.(Y1026P)	96
p.(Y1026L)	77
p.(Y1026S)	112
p.(Y1026T)	103
p.(Y1026W)	114
p.(Y1026Y)	0
p.(Y1026V)	103
p.(V1027A)	76
p.(V1027R)	97
p.(V1027N)	108
p.(V1027D)	180
p.(V1027C)	55
p.(V1027Q)	98
p.(V1027E)	99
p.(V1027G)	119
p.(V1027H)	116
p.(V1027I)	108
p.(V1027K)	100
p.(V1027M)	75
p.(V1027F)	199
p.(V1027P)	69
p.(V1027L)	88
p.(V1027S)	115
p.(V1027T)	114
p.(V1027W)	63
p.(V1027Y)	85
p.(V1027V)	0
p.(K1028A)	127
p.(K1028R)	117
p.(K1028N)	129
p.(K1028D)	110
p.(K1028C)	104
p.(K1028Q)	124
p.(K1028E)	299
p.(K1028G)	122
p.(K1028H)	114
p.(K1028I)	123
p.(K1028K)	0
p.(K1028M)	84
p.(K1028F)	96
p.(K1028P)	128
p.(K1028L)	106
p.(K1028S)	101
p.(K1028T)	71
p.(K1028W)	92
p.(K1028Y)	96
p.(K1028V)	164
p.(D1029A)	78
p.(D1029R)	98
p.(D1029N)	98
p.(D1029D)	0
p.(D1029C)	122
p.(D1029Q)	91
p.(D1029E)	119
p.(D1029G)	122
p.(D1029H)	117
p.(D1029I)	89
p.(D1029K)	91
p.(D1029M)	1448
p.(D1029F)	99
p.(D1029P)	119
p.(D1029L)	68
p.(D1029S)	111
p.(D1029T)	106
p.(D1029W)	52
p.(D1029Y)	353
p.(D1029V)	129
p.(E1030A)	94
p.(E1030R)	119
p.(E1030N)	116
p.(E1030D)	167
p.(E1030C)	76
p.(E1030Q)	122
p.(E1030E)	0
p.(E1030G)	114
p.(E1030H)	88
p.(E1030I)	52
p.(E1030K)	1431
p.(E1030M)	56
p.(E1030F)	93
p.(E1030P)	102
p.(E1030L)	53
p.(E1030S)	127
p.(E1030T)	100
p.(E1030W)	105
p.(E1030Y)	88
p.(E1030V)	112
p.(L1031A)	86
p.(L1031R)	93
p.(L1031N)	93
p.(L1031D)	116
p.(L1031C)	113
p.(L1031Q)	103
p.(L1031E)	98
p.(L1031G)	82
p.(L1031H)	105
p.(L1031I)	88
p.(L1031K)	96
p.(L1031M)	107
p.(L1031F)	147
p.(L1031P)	134
p.(L1031L)	0
p.(L1031S)	78
p.(L1031T)	102
p.(L1031W)	84
p.(L1031Y)	160
p.(L1031V)	88
p.(R1032A)	128
p.(R1032R)	0
p.(R1032N)	63
p.(R1032D)	130
p.(R1032C)	120
p.(R1032Q)	150
p.(R1032E)	133
p.(R1032G)	80
p.(R1032H)	149
p.(R1032I)	150
p.(R1032K)	136
p.(R1032M)	355
p.(R1032F)	123
p.(R1032P)	165
p.(R1032L)	178
p.(R1032S)	107
p.(R1032T)	138
p.(R1032W)	176
p.(R1032Y)	96
p.(R1032V)	69
p.(A1033A)	0
p.(A1033R)	75
p.(A1033N)	65
p.(A1033D)	151
p.(A1033C)	99
p.(A1033Q)	122
p.(A1033E)	90
p.(A1033G)	191
p.(A1033H)	97
p.(A1033I)	111
p.(A1033K)	128
p.(A1033M)	88
p.(A1033F)	118
p.(A1033P)	170
p.(A1033L)	115
p.(A1033S)	88
p.(A1033T)	70
p.(A1033W)	104
p.(A1033Y)	102
p.(A1033V)	69
p.(I1034A)	149
p.(I1034R)	105
p.(I1034N)	101
p.(I1034D)	135
p.(I1034C)	122
p.(I1034Q)	66
p.(I1034E)	92
p.(I1034G)	101
p.(I1034H)	104
p.(I1034I)	0
p.(I1034K)	72
p.(I1034M)	113
p.(I1034F)	136
p.(I1034P)	102
p.(I1034L)	38
p.(I1034S)	101
p.(I1034T)	121
p.(I1034W)	79
p.(I1034Y)	106
p.(I1034V)	216
p.(D1035A)	72
p.(D1035R)	92
p.(D1035N)	553
p.(D1035D)	0
p.(D1035C)	90
p.(D1035Q)	85
p.(D1035E)	225
p.(D1035G)	98
p.(D1035H)	49
p.(D1035I)	82
p.(D1035K)	102
p.(D1035M)	134
p.(D1035F)	117
p.(D1035P)	85
p.(D1035L)	157
p.(D1035S)	82
p.(D1035T)	50
p.(D1035W)	105
p.(D1035Y)	123
p.(D1035V)	113
p.(K1036A)	157
p.(K1036R)	296
p.(K1036N)	317
p.(K1036D)	132
p.(K1036C)	141
p.(K1036Q)	144
p.(K1036E)	378
p.(K1036G)	102
p.(K1036H)	100
p.(K1036I)	125
p.(K1036K)	0
p.(K1036M)	132
p.(K1036F)	112
p.(K1036P)	103
p.(K1036L)	97
p.(K1036S)	142
p.(K1036T)	101
p.(K1036W)	112
p.(K1036Y)	123
p.(K1036V)	68
p.(I1037A)	103
p.(I1037R)	53
p.(I1037N)	159
p.(I1037D)	139
p.(I1037C)	92
p.(I1037Q)	86
p.(I1037E)	89
p.(I1037G)	124
p.(I1037H)	108
p.(I1037I)	0
p.(I1037K)	89
p.(I1037M)	89
p.(I1037F)	100
p.(I1037P)	104
p.(I1037L)	67
p.(I1037S)	44
p.(I1037T)	76
p.(I1037W)	83
p.(I1037Y)	118
p.(I1037V)	89
p.(K1038A)	104
p.(K1038R)	1712
p.(K1038N)	125
p.(K1038D)	52
p.(K1038C)	117
p.(K1038Q)	195
p.(K1038E)	176
p.(K1038G)	110
p.(K1038H)	123
p.(K1038I)	89
p.(K1038K)	0
p.(K1038M)	124
p.(K1038F)	52
p.(K1038P)	75
p.(K1038L)	149
p.(K1038S)	121
p.(K1038T)	152
p.(K1038W)	115
p.(K1038Y)	126
p.(K1038V)	103
p.(K1039A)	120
p.(K1039R)	116
p.(K1039N)	84
p.(K1039D)	133
p.(K1039C)	106
p.(K1039Q)	171
p.(K1039E)	64
p.(K1039G)	90
p.(K1039H)	80
p.(K1039I)	92
p.(K1039K)	0
p.(K1039M)	113
p.(K1039F)	106
p.(K1039P)	105
p.(K1039L)	102
p.(K1039S)	117
p.(K1039T)	119
p.(K1039W)	82
p.(K1039Y)	81
p.(K1039V)	106
p.(G1040A)	139
p.(G1040R)	176
p.(G1040N)	114
p.(G1040D)	111
p.(G1040C)	104
p.(G1040Q)	112
p.(G1040E)	315
p.(G1040G)	0
p.(G1040H)	108
p.(G1040I)	138
p.(G1040K)	136
p.(G1040M)	143
p.(G1040F)	114
p.(G1040P)	120
p.(G1040L)	138
p.(G1040S)	139
p.(G1040T)	124
p.(G1040W)	653
p.(G1040Y)	125
p.(G1040V)	339
p.(K1041A)	126
p.(K1041R)	133
p.(K1041N)	102
p.(K1041D)	100
p.(K1041C)	68
p.(K1041Q)	139
p.(K1041E)	368
p.(K1041G)	95
p.(K1041H)	137
p.(K1041I)	114
p.(K1041K)	0
p.(K1041M)	116
p.(K1041F)	57
p.(K1041P)	136
p.(K1041L)	103
p.(K1041S)	1704
p.(K1041T)	98
p.(K1041W)	160
p.(K1041Y)	118
p.(K1041V)	132
p.(S1042A)	118
p.(S1042R)	2
p.(S1042N)	96
p.(S1042D)	103
p.(S1042C)	63
p.(S1042Q)	121
p.(S1042E)	62
p.(S1042G)	80
p.(S1042H)	83
p.(S1042I)	151
p.(S1042K)	136
p.(S1042M)	110
p.(S1042F)	133
p.(S1042P)	129
p.(S1042L)	40
p.(S1042S)	0
p.(S1042T)	63
p.(S1042W)	134
p.(S1042Y)	120
p.(S1042V)	120
p.(R1043A)	124
p.(R1043R)	0
p.(R1043N)	52
p.(R1043D)	108
p.(R1043C)	94
p.(R1043Q)	120
p.(R1043E)	89
p.(R1043G)	134
p.(R1043H)	60
p.(R1043I)	121
p.(R1043K)	102
p.(R1043M)	105
p.(R1043F)	101
p.(R1043P)	105
p.(R1043L)	278
p.(R1043S)	171
p.(R1043T)	107
p.(R1043W)	87
p.(R1043Y)	101
p.(R1043V)	70
p.(L1044A)	114
p.(L1044R)	139
p.(L1044N)	60
p.(L1044D)	148
p.(L1044C)	86
p.(L1044Q)	180
p.(L1044E)	71
p.(L1044G)	94
p.(L1044H)	135
p.(L1044I)	121
p.(L1044K)	93
p.(L1044M)	267
p.(L1044F)	128
p.(L1044P)	43
p.(L1044L)	0
p.(L1044S)	134
p.(L1044T)	110
p.(L1044W)	96
p.(L1044Y)	149
p.(L1044V)	98
p.(I1045A)	148
p.(I1045R)	108
p.(I1045N)	123
p.(I1045D)	75
p.(I1045C)	133
p.(I1045Q)	45
p.(I1045E)	81
p.(I1045G)	85
p.(I1045H)	105
p.(I1045I)	0
p.(I1045K)	136
p.(I1045M)	381
p.(I1045F)	147
p.(I1045P)	105
p.(I1045L)	162
p.(I1045S)	89
p.(I1045T)	230
p.(I1045W)	136
p.(I1045Y)	83
p.(I1045V)	110
p.(E1046A)	126
p.(E1046R)	149
p.(E1046N)	143
p.(E1046D)	163
p.(E1046C)	115
p.(E1046Q)	139
p.(E1046E)	0
p.(E1046G)	93
p.(E1046H)	139
p.(E1046I)	125
p.(E1046K)	150
p.(E1046M)	118
p.(E1046F)	128
p.(E1046P)	213
p.(E1046L)	160
p.(E1046S)	145
p.(E1046T)	154
p.(E1046W)	95
p.(E1046Y)	102
p.(E1046V)	95
p.(A1047A)	0
p.(A1047R)	95
p.(A1047N)	111
p.(A1047D)	108
p.(A1047C)	104
p.(A1047Q)	98
p.(A1047E)	294
p.(A1047G)	112
p.(A1047H)	127
p.(A1047I)	139
p.(A1047K)	86
p.(A1047M)	87
p.(A1047F)	113
p.(A1047P)	105
p.(A1047L)	114
p.(A1047S)	104
p.(A1047T)	86
p.(A1047W)	86
p.(A1047Y)	90
p.(A1047V)	72
p.(S1048A)	79
p.(S1048R)	233
p.(S1048N)	450
p.(S1048D)	40
p.(S1048C)	112
p.(S1048Q)	71
p.(S1048E)	259
p.(S1048G)	86
p.(S1048H)	129
p.(S1048I)	105
p.(S1048K)	78
p.(S1048M)	134
p.(S1048F)	127
p.(S1048P)	110
p.(S1048L)	136
p.(S1048S)	0
p.(S1048T)	71
p.(S1048W)	116
p.(S1048Y)	116
p.(S1048V)	103
p.(S1049A)	140
p.(S1049R)	98
p.(S1049N)	253
p.(S1049D)	99
p.(S1049C)	182
p.(S1049Q)	106
p.(S1049E)	85
p.(S1049G)	150
p.(S1049H)	118
p.(S1049I)	130
p.(S1049K)	152
p.(S1049M)	94
p.(S1049F)	93
p.(S1049P)	162
p.(S1049L)	145
p.(S1049S)	0
p.(S1049T)	126
p.(S1049W)	89
p.(S1049Y)	117
p.(S1049V)	35
p.(L1050A)	38
p.(L1050R)	177
p.(L1050N)	105
p.(L1050D)	113
p.(L1050C)	125
p.(L1050Q)	148
p.(L1050E)	118
p.(L1050G)	103
p.(L1050H)	147
p.(L1050I)	111
p.(L1050K)	263
p.(L1050M)	84
p.(L1050F)	175
p.(L1050P)	130
p.(L1050L)	0
p.(L1050S)	233
p.(L1050T)	123
p.(L1050W)	98
p.(L1050Y)	83
p.(L1050V)	79
p.(N1051A)	129
p.(N1051R)	131
p.(N1051N)	0
p.(N1051D)	198
p.(N1051C)	64
p.(N1051Q)	93
p.(N1051E)	98
p.(N1051G)	99
p.(N1051H)	83
p.(N1051I)	97
p.(N1051K)	125
p.(N1051M)	280
p.(N1051F)	114
p.(N1051P)	127
p.(N1051L)	117
p.(N1051S)	162
p.(N1051T)	113
p.(N1051W)	135
p.(N1051Y)	96
p.(N1051V)	130
p.(D1052A)	91
p.(D1052R)	99
p.(D1052N)	332
p.(D1052D)	0
p.(D1052C)	111
p.(D1052Q)	112
p.(D1052E)	145
p.(D1052G)	96
p.(D1052H)	123
p.(D1052I)	100
p.(D1052K)	108
p.(D1052M)	108
p.(D1052F)	129
p.(D1052P)	85
p.(D1052L)	93
p.(D1052S)	78
p.(D1052T)	132
p.(D1052W)	113
p.(D1052Y)	105
p.(D1052V)	170
p.(S1053A)	137
p.(S1053R)	129
p.(S1053N)	117
p.(S1053D)	140
p.(S1053C)	115
p.(S1053Q)	85
p.(S1053E)	105
p.(S1053G)	127
p.(S1053H)	80
p.(S1053I)	112
p.(S1053K)	114
p.(S1053M)	98
p.(S1053F)	114
p.(S1053P)	288
p.(S1053L)	749
p.(S1053S)	0
p.(S1053T)	97
p.(S1053W)	116
p.(S1053Y)	43
p.(S1053V)	67
p.(V1054A)	106
p.(V1054R)	105
p.(V1054N)	91
p.(V1054D)	53
p.(V1054C)	48
p.(V1054Q)	133
p.(V1054E)	178
p.(V1054G)	111
p.(V1054H)	86
p.(V1054I)	63
p.(V1054K)	87
p.(V1054M)	246
p.(V1054F)	87
p.(V1054P)	78
p.(V1054L)	96
p.(V1054S)	157
p.(V1054T)	113
p.(V1054W)	82
p.(V1054Y)	60
p.(V1054V)	0
p.(Y1055A)	101
p.(Y1055R)	111
p.(Y1055N)	101
p.(Y1055D)	130
p.(Y1055C)	118
p.(Y1055Q)	107
p.(Y1055E)	105
p.(Y1055G)	103
p.(Y1055H)	103
p.(Y1055I)	112
p.(Y1055K)	87
p.(Y1055M)	92
p.(Y1055F)	97
p.(Y1055P)	80
p.(Y1055L)	119
p.(Y1055S)	62
p.(Y1055T)	379
p.(Y1055W)	99
p.(Y1055Y)	0
p.(Y1055V)	109
p.(L1056A)	104
p.(L1056R)	112
p.(L1056N)	90
p.(L1056D)	140
p.(L1056C)	84
p.(L1056Q)	89
p.(L1056E)	114
p.(L1056G)	69
p.(L1056H)	109
p.(L1056I)	117
p.(L1056K)	120
p.(L1056M)	125
p.(L1056F)	471
p.(L1056P)	105
p.(L1056L)	0
p.(L1056S)	88
p.(L1056T)	83
p.(L1056W)	97
p.(L1056Y)	110
p.(L1056V)	126
p.(R1057A)	130
p.(R1057R)	0
p.(R1057N)	191
p.(R1057D)	98
p.(R1057C)	174
p.(R1057Q)	122
p.(R1057E)	110
p.(R1057G)	98
p.(R1057H)	109
p.(R1057I)	88
p.(R1057K)	92
p.(R1057M)	77
p.(R1057F)	187
p.(R1057P)	60
p.(R1057L)	117
p.(R1057S)	191
p.(R1057T)	157
p.(R1057W)	137
p.(R1057Y)	135
p.(R1057V)	122
p.(M1058A)	136
p.(M1058R)	6
p.(M1058N)	110
p.(M1058D)	159
p.(M1058C)	84
p.(M1058Q)	94
p.(M1058E)	111
p.(M1058G)	103
p.(M1058H)	38
p.(M1058I)	537
p.(M1058K)	135
p.(M1058M)	0
p.(M1058F)	105
p.(M1058P)	149
p.(M1058L)	114
p.(M1058S)	122
p.(M1058T)	155
p.(M1058W)	125
p.(M1058Y)	85
p.(M1058V)	119
p.(T1059A)	393
p.(T1059R)	110
p.(T1059N)	97
p.(T1059D)	132
p.(T1059C)	107
p.(T1059Q)	118
p.(T1059E)	86
p.(T1059G)	143
p.(T1059H)	92
p.(T1059I)	100
p.(T1059K)	12
p.(T1059M)	99
p.(T1059F)	92
p.(T1059P)	94
p.(T1059L)	93
p.(T1059S)	221
p.(T1059T)	0
p.(T1059W)	155
p.(T1059Y)	95
p.(T1059V)	142
p.(F1060A)	79
p.(F1060R)	97
p.(F1060N)	105
p.(F1060D)	85
p.(F1060C)	89
p.(F1060Q)	83
p.(F1060E)	68
p.(F1060G)	96
p.(F1060H)	111
p.(F1060I)	169
p.(F1060K)	90
p.(F1060M)	97
p.(F1060F)	0
p.(F1060P)	107
p.(F1060L)	120
p.(F1060S)	115
p.(F1060T)	97
p.(F1060W)	194
p.(F1060Y)	179
p.(F1060V)	98
p.(G1061A)	128
p.(G1061R)	105
p.(G1061N)	120
p.(G1061D)	107
p.(G1061C)	171
p.(G1061Q)	85
p.(G1061E)	155
p.(G1061G)	0
p.(G1061H)	62
p.(G1061I)	121
p.(G1061K)	95
p.(G1061M)	150
p.(G1061F)	131
p.(G1061P)	83
p.(G1061L)	142
p.(G1061S)	133
p.(G1061T)	125
p.(G1061W)	589
p.(G1061Y)	98
p.(G1061V)	123
p.(H1062A)	66
p.(H1062R)	107
p.(H1062N)	156
p.(H1062D)	141
p.(H1062C)	145
p.(H1062Q)	137
p.(H1062E)	148
p.(H1062G)	92
p.(H1062H)	0
p.(H1062I)	96
p.(H1062K)	113
p.(H1062M)	142
p.(H1062F)	120
p.(H1062P)	131
p.(H1062L)	114
p.(H1062S)	87
p.(H1062T)	71
p.(H1062W)	147
p.(H1062Y)	106
p.(H1062V)	80
p.(L1063A)	110
p.(L1063R)	149
p.(L1063N)	81
p.(L1063D)	66
p.(L1063C)	87
p.(L1063Q)	96
p.(L1063E)	81
p.(L1063G)	52
p.(L1063H)	152
p.(L1063I)	262
p.(L1063K)	74
p.(L1063M)	108
p.(L1063F)	720
p.(L1063P)	120
p.(L1063L)	0
p.(L1063S)	124
p.(L1063T)	119
p.(L1063W)	64
p.(L1063Y)	131
p.(L1063V)	73
p.(Y1064A)	90
p.(Y1064R)	82
p.(Y1064N)	80
p.(Y1064D)	62
p.(Y1064C)	173
p.(Y1064Q)	119
p.(Y1064E)	51
p.(Y1064G)	81
p.(Y1064H)	310
p.(Y1064I)	52
p.(Y1064K)	95
p.(Y1064M)	589
p.(Y1064F)	128
p.(Y1064P)	91
p.(Y1064L)	74
p.(Y1064S)	117
p.(Y1064T)	74
p.(Y1064W)	89
p.(Y1064Y)	0
p.(Y1064V)	86
p.(E1065A)	93
p.(E1065R)	138
p.(E1065N)	132
p.(E1065D)	185
p.(E1065C)	156
p.(E1065Q)	103
p.(E1065E)	0
p.(E1065G)	90
p.(E1065H)	123
p.(E1065I)	89
p.(E1065K)	642
p.(E1065M)	133
p.(E1065F)	165
p.(E1065P)	101
p.(E1065L)	249
p.(E1065S)	152
p.(E1065T)	96
p.(E1065W)	123
p.(E1065Y)	77
p.(E1065V)	246
p.(A1066A)	0
p.(A1066R)	99
p.(A1066N)	89
p.(A1066D)	123
p.(A1066C)	79
p.(A1066Q)	109
p.(A1066E)	51
p.(A1066G)	109
p.(A1066H)	68
p.(A1066I)	94
p.(A1066K)	108
p.(A1066M)	90
p.(A1066F)	68
p.(A1066P)	85
p.(A1066L)	52
p.(A1066S)	104
p.(A1066T)	69
p.(A1066W)	185
p.(A1066Y)	103
p.(A1066V)	342
p.(F1067A)	47
p.(F1067R)	53
p.(F1067N)	86
p.(F1067D)	37
p.(F1067C)	84
p.(F1067Q)	47
p.(F1067E)	62
p.(F1067G)	68
p.(F1067H)	66
p.(F1067I)	64
p.(F1067K)	67
p.(F1067M)	85
p.(F1067F)	0
p.(F1067P)	12
p.(F1067L)	293
p.(F1067S)	49
p.(F1067T)	41
p.(F1067W)	73
p.(F1067Y)	83
p.(F1067V)	73
p.(H1068A)	93
p.(H1068R)	73
p.(H1068N)	257
p.(H1068D)	52
p.(H1068C)	70
p.(H1068Q)	155
p.(H1068E)	113
p.(H1068G)	82
p.(H1068H)	0
p.(H1068I)	96
p.(H1068K)	79
p.(H1068M)	88
p.(H1068F)	78
p.(H1068P)	81
p.(H1068L)	85
p.(H1068S)	61
p.(H1068T)	66
p.(H1068W)	69
p.(H1068Y)	74
p.(H1068V)	93
p.(A1069A)	0
p.(A1069R)	61
p.(A1069N)	70
p.(A1069D)	97
p.(A1069C)	73
p.(A1069Q)	39
p.(A1069E)	64
p.(A1069G)	77
p.(A1069H)	56
p.(A1069I)	63
p.(A1069K)	70
p.(A1069M)	101
p.(A1069F)	78
p.(A1069P)	71
p.(A1069L)	65
p.(A1069S)	87
p.(A1069T)	683
p.(A1069W)	89
p.(A1069Y)	77
p.(A1069V)	286
p.(N1070A)	49
p.(N1070R)	61
p.(N1070N)	0
p.(N1070D)	176
p.(N1070C)	29
p.(N1070Q)	119
p.(N1070E)	63
p.(N1070G)	82
p.(N1070H)	81
p.(N1070I)	61
p.(N1070K)	79
p.(N1070M)	73
p.(N1070F)	55
p.(N1070P)	114
p.(N1070L)	63
p.(N1070S)	68
p.(N1070T)	73
p.(N1070W)	75
p.(N1070Y)	126
p.(N1070V)	56
p.(P1071A)	77
p.(P1071R)	101
p.(P1071N)	65
p.(P1071D)	70
p.(P1071C)	83
p.(P1071Q)	290
p.(P1071E)	66
p.(P1071G)	63
p.(P1071H)	67
p.(P1071I)	61
p.(P1071K)	66
p.(P1071M)	70
p.(P1071F)	66
p.(P1071P)	0
p.(P1071L)	67
p.(P1071S)	56
p.(P1071T)	187
p.(P1071W)	76
p.(P1071Y)	91
p.(P1071V)	104
p.(G1072A)	76
p.(G1072R)	46
p.(G1072N)	69
p.(G1072D)	59
p.(G1072C)	55
p.(G1072Q)	57
p.(G1072E)	36
p.(G1072G)	0
p.(G1072H)	60
p.(G1072I)	40
p.(G1072K)	46
p.(G1072M)	51
p.(G1072F)	50
p.(G1072P)	63
p.(G1072L)	52
p.(G1072S)	344
p.(G1072T)	71
p.(G1072W)	60
p.(G1072Y)	112
p.(G1072V)	211
p.(T1073A)	221
p.(T1073R)	66
p.(T1073N)	79
p.(T1073D)	58
p.(T1073C)	53
p.(T1073Q)	31
p.(T1073E)	69
p.(T1073G)	45
p.(T1073H)	74
p.(T1073I)	81
p.(T1073K)	143
p.(T1073M)	80
p.(T1073F)	75
p.(T1073P)	86
p.(T1073L)	64
p.(T1073S)	70
p.(T1073T)	0
p.(T1073W)	72
p.(T1073Y)	107
p.(T1073V)	85
p.(I1074A)	69
p.(I1074R)	89
p.(I1074N)	137
p.(I1074D)	59
p.(I1074C)	90
p.(I1074Q)	70
p.(I1074E)	80
p.(I1074G)	55
p.(I1074H)	127
p.(I1074I)	0
p.(I1074K)	77
p.(I1074M)	79
p.(I1074F)	64
p.(I1074P)	67
p.(I1074L)	59
p.(I1074S)	69
p.(I1074T)	56
p.(I1074W)	80
p.(I1074Y)	56
p.(I1074V)	68
p.(T1075A)	62
p.(T1075R)	60
p.(T1075N)	634
p.(T1075D)	31
p.(T1075C)	48
p.(T1075Q)	77
p.(T1075E)	67
p.(T1075G)	43
p.(T1075H)	149
p.(T1075I)	47
p.(T1075K)	61
p.(T1075M)	60
p.(T1075F)	56
p.(T1075P)	40
p.(T1075L)	89
p.(T1075S)	68
p.(T1075T)	0
p.(T1075W)	136
p.(T1075Y)	23
p.(T1075V)	77
p.(G1076A)	70
p.(G1076R)	54
p.(G1076N)	44
p.(G1076D)	245
p.(G1076C)	257
p.(G1076Q)	46
p.(G1076E)	43
p.(G1076G)	0
p.(G1076H)	48
p.(G1076I)	52
p.(G1076K)	63
p.(G1076M)	48
p.(G1076F)	37
p.(G1076P)	63
p.(G1076L)	59
p.(G1076S)	316
p.(G1076T)	31
p.(G1076W)	153
p.(G1076Y)	69
p.(G1076V)	1128
p.(S1077A)	47
p.(S1077R)	50
p.(S1077N)	83
p.(S1077D)	49
p.(S1077C)	53
p.(S1077Q)	975
p.(S1077E)	51
p.(S1077G)	71
p.(S1077H)	50
p.(S1077I)	51
p.(S1077K)	39
p.(S1077M)	75
p.(S1077F)	76
p.(S1077P)	43
p.(S1077L)	691
p.(S1077S)	0
p.(S1077T)	78
p.(S1077W)	61
p.(S1077Y)	64
p.(S1077V)	61
p.(A1078A)	0
p.(A1078R)	53
p.(A1078N)	77
p.(A1078D)	67
p.(A1078C)	25
p.(A1078Q)	67
p.(A1078E)	44
p.(A1078G)	44
p.(A1078H)	47
p.(A1078I)	72
p.(A1078K)	63
p.(A1078M)	78
p.(A1078F)	100
p.(A1078P)	57
p.(A1078L)	45
p.(A1078S)	163
p.(A1078T)	68
p.(A1078W)	49
p.(A1078Y)	75
p.(A1078V)	78
p.(V1079A)	55
p.(V1079R)	82
p.(V1079N)	68
p.(V1079D)	75
p.(V1079C)	191
p.(V1079Q)	63
p.(V1079E)	40
p.(V1079G)	56
p.(V1079H)	81
p.(V1079I)	69
p.(V1079K)	49
p.(V1079M)	65
p.(V1079F)	224
p.(V1079P)	40
p.(V1079L)	70
p.(V1079S)	42
p.(V1079T)	47
p.(V1079W)	118
p.(V1079Y)	70
p.(V1079V)	0
p.(G1080A)	84
p.(G1080R)	53
p.(G1080N)	41
p.(G1080D)	42
p.(G1080C)	46
p.(G1080Q)	66
p.(G1080E)	371
p.(G1080G)	0
p.(G1080H)	75
p.(G1080I)	58
p.(G1080K)	66
p.(G1080M)	51
p.(G1080F)	62
p.(G1080P)	71
p.(G1080L)	33
p.(G1080S)	59
p.(G1080T)	58
p.(G1080W)	523
p.(G1080Y)	79
p.(G1080V)	69
p.(C1081A)	53
p.(C1081R)	73
p.(C1081N)	67
p.(C1081D)	80
p.(C1081C)	0
p.(C1081Q)	57
p.(C1081E)	65
p.(C1081G)	42
p.(C1081H)	36
p.(C1081I)	69
p.(C1081K)	24
p.(C1081M)	48
p.(C1081F)	68
p.(C1081P)	42
p.(C1081L)	72
p.(C1081S)	71
p.(C1081T)	39
p.(C1081W)	79
p.(C1081Y)	55
p.(C1081V)	965
p.(N1082A)	66
p.(N1082R)	74
p.(N1082N)	0
p.(N1082D)	225
p.(N1082C)	37
p.(N1082Q)	61
p.(N1082E)	83
p.(N1082G)	55
p.(N1082H)	64
p.(N1082I)	39
p.(N1082K)	135
p.(N1082M)	65
p.(N1082F)	52
p.(N1082P)	50
p.(N1082L)	90
p.(N1082S)	80
p.(N1082T)	1107
p.(N1082W)	77
p.(N1082Y)	23
p.(N1082V)	68
p.(P1083A)	43
p.(P1083R)	56
p.(P1083N)	57
p.(P1083D)	35
p.(P1083C)	62
p.(P1083Q)	1207
p.(P1083E)	45
p.(P1083G)	26
p.(P1083H)	49
p.(P1083I)	62
p.(P1083K)	69
p.(P1083M)	50
p.(P1083F)	79
p.(P1083P)	0
p.(P1083L)	59
p.(P1083S)	54
p.(P1083T)	62
p.(P1083W)	64
p.(P1083Y)	88
p.(P1083V)	76
p.(D1084A)	110
p.(D1084R)	56
p.(D1084N)	75
p.(D1084D)	0
p.(D1084C)	78
p.(D1084Q)	42
p.(D1084E)	336
p.(D1084G)	76
p.(D1084H)	82
p.(D1084I)	66
p.(D1084K)	57
p.(D1084M)	1200
p.(D1084F)	59
p.(D1084P)	76
p.(D1084L)	62
p.(D1084S)	63
p.(D1084T)	77
p.(D1084W)	67
p.(D1084Y)	255
p.(D1084V)	100
p.(V1085A)	85
p.(V1085R)	36
p.(V1085N)	74
p.(V1085D)	67
p.(V1085C)	59
p.(V1085Q)	52
p.(V1085E)	105
p.(V1085G)	78
p.(V1085H)	342
p.(V1085I)	55
p.(V1085K)	75
p.(V1085M)	235
p.(V1085F)	78
p.(V1085P)	64
p.(V1085L)	108
p.(V1085S)	45
p.(V1085T)	107
p.(V1085W)	100
p.(V1085Y)	49
p.(V1085V)	0
p.(F1086A)	50
p.(F1086R)	36
p.(F1086N)	56
p.(F1086D)	65
p.(F1086C)	67
p.(F1086Q)	50
p.(F1086E)	51
p.(F1086G)	60
p.(F1086H)	47
p.(F1086I)	383
p.(F1086K)	46
p.(F1086M)	29
p.(F1086F)	0
p.(F1086P)	43
p.(F1086L)	61
p.(F1086S)	254
p.(F1086T)	74
p.(F1086W)	67
p.(F1086Y)	112
p.(F1086V)	65
p.(W1087A)	33
p.(W1087R)	310
p.(W1087N)	61
p.(W1087D)	70
p.(W1087C)	315
p.(W1087Q)	83
p.(W1087E)	82
p.(W1087G)	1136
p.(W1087H)	61
p.(W1087I)	64
p.(W1087K)	80
p.(W1087M)	59
p.(W1087F)	48
p.(W1087P)	59
p.(W1087L)	33
p.(W1087S)	58
p.(W1087T)	51
p.(W1087W)	0
p.(W1087Y)	87
p.(W1087V)	50
p.(S1088A)	68
p.(S1088R)	178
p.(S1088N)	62
p.(S1088D)	40
p.(S1088C)	110
p.(S1088Q)	99
p.(S1088E)	34
p.(S1088G)	47
p.(S1088H)	40
p.(S1088I)	44
p.(S1088K)	49
p.(S1088M)	48
p.(S1088F)	61
p.(S1088P)	62
p.(S1088L)	64
p.(S1088S)	0
p.(S1088T)	66
p.(S1088W)	70
p.(S1088Y)	82
p.(S1088V)	62
p.(K1089A)	33
p.(K1089R)	47
p.(K1089N)	95
p.(K1089D)	75
p.(K1089C)	59
p.(K1089Q)	148
p.(K1089E)	194
p.(K1089G)	77
p.(K1089H)	78
p.(K1089I)	53
p.(K1089K)	0
p.(K1089M)	109
p.(K1089F)	89
p.(K1089P)	59
p.(K1089L)	79
p.(K1089S)	68
p.(K1089T)	94
p.(K1089W)	51
p.(K1089Y)	83
p.(K1089V)	114
p.(L1090A)	65
p.(L1090R)	46
p.(L1090N)	66
p.(L1090D)	66
p.(L1090C)	72
p.(L1090Q)	68
p.(L1090E)	44
p.(L1090G)	43
p.(L1090H)	50
p.(L1090I)	76
p.(L1090K)	40
p.(L1090M)	86
p.(L1090F)	123
p.(L1090P)	49
p.(L1090L)	0
p.(L1090S)	51
p.(L1090T)	52
p.(L1090W)	70
p.(L1090Y)	71
p.(L1090V)	51
p.(P1091A)	71
p.(P1091R)	60
p.(P1091N)	113
p.(P1091D)	64
p.(P1091C)	48
p.(P1091Q)	62
p.(P1091E)	60
p.(P1091G)	85
p.(P1091H)	63
p.(P1091I)	60
p.(P1091K)	83
p.(P1091M)	79
p.(P1091F)	56
p.(P1091P)	0
p.(P1091L)	47
p.(P1091S)	245
p.(P1091T)	117
p.(P1091W)	47
p.(P1091Y)	50
p.(P1091V)	51
p.(I1092A)	85
p.(I1092R)	69
p.(I1092N)	146
p.(I1092D)	57
p.(I1092C)	63
p.(I1092Q)	47
p.(I1092E)	71
p.(I1092G)	64
p.(I1092H)	31
p.(I1092I)	0
p.(I1092K)	65
p.(I1092M)	94
p.(I1092F)	89
p.(I1092P)	58
p.(I1092L)	74
p.(I1092S)	56
p.(I1092T)	49
p.(I1092W)	51
p.(I1092Y)	65
p.(I1092V)	71
p.(L1093A)	60
p.(L1093R)	66
p.(L1093N)	53
p.(L1093D)	56
p.(L1093C)	42
p.(L1093Q)	90
p.(L1093E)	80
p.(L1093G)	51
p.(L1093H)	72
p.(L1093I)	65
p.(L1093K)	60
p.(L1093M)	59
p.(L1093F)	62
p.(L1093P)	262
p.(L1093L)	0
p.(L1093S)	104
p.(L1093T)	57
p.(L1093W)	66
p.(L1093Y)	1181
p.(L1093V)	75
p.(L1094A)	68
p.(L1094R)	53
p.(L1094N)	47
p.(L1094D)	72
p.(L1094C)	63
p.(L1094Q)	38
p.(L1094E)	60
p.(L1094G)	52
p.(L1094H)	51
p.(L1094I)	312
p.(L1094K)	63
p.(L1094M)	62
p.(L1094F)	1171
p.(L1094P)	47
p.(L1094L)	0
p.(L1094S)	63
p.(L1094T)	72
p.(L1094W)	51
p.(L1094Y)	74
p.(L1094V)	9
p.(P1095A)	84
p.(P1095R)	71
p.(P1095N)	84
p.(P1095D)	54
p.(P1095C)	80
p.(P1095Q)	1240
p.(P1095E)	40
p.(P1095G)	66
p.(P1095H)	57
p.(P1095I)	78
p.(P1095K)	50
p.(P1095M)	57
p.(P1095F)	56
p.(P1095P)	0
p.(P1095L)	550
p.(P1095S)	45
p.(P1095T)	74
p.(P1095W)	34
p.(P1095Y)	65
p.(P1095V)	78
p.(G1096A)	65
p.(G1096R)	80
p.(G1096N)	64
p.(G1096D)	80
p.(G1096C)	53
p.(G1096Q)	45
p.(G1096E)	234
p.(G1096G)	0
p.(G1096H)	63
p.(G1096I)	74
p.(G1096K)	39
p.(G1096M)	41
p.(G1096F)	46
p.(G1096P)	49
p.(G1096L)	57
p.(G1096S)	47
p.(G1096T)	58
p.(G1096W)	57
p.(G1096Y)	49
p.(G1096V)	62
p.(S1097A)	113
p.(S1097R)	78
p.(S1097N)	59
p.(S1097D)	55
p.(S1097C)	60
p.(S1097Q)	29
p.(S1097E)	46
p.(S1097G)	61
p.(S1097H)	73
p.(S1097I)	104
p.(S1097K)	70
p.(S1097M)	67
p.(S1097F)	68
p.(S1097P)	47
p.(S1097L)	57
p.(S1097S)	0
p.(S1097T)	56
p.(S1097W)	91
p.(S1097Y)	74
p.(S1097V)	52
p.(L1098A)	62
p.(L1098R)	99
p.(L1098N)	62
p.(L1098D)	47
p.(L1098C)	36
p.(L1098Q)	53
p.(L1098E)	51
p.(L1098G)	53
p.(L1098H)	59
p.(L1098I)	33
p.(L1098K)	57
p.(L1098M)	71
p.(L1098F)	51
p.(L1098P)	69
p.(L1098L)	0
p.(L1098S)	71
p.(L1098T)	66
p.(L1098W)	37
p.(L1098Y)	50
p.(L1098V)	49
p.(F1099A)	56
p.(F1099R)	36
p.(F1099N)	49
p.(F1099D)	47
p.(F1099C)	47
p.(F1099Q)	54
p.(F1099E)	50
p.(F1099G)	64
p.(F1099H)	42
p.(F1099I)	46
p.(F1099K)	28
p.(F1099M)	77
p.(F1099F)	0
p.(F1099P)	43
p.(F1099L)	92
p.(F1099S)	50
p.(F1099T)	46
p.(F1099W)	57
p.(F1099Y)	74
p.(F1099V)	67
p.(A1100A)	0
p.(A1100R)	30
p.(A1100N)	52
p.(A1100D)	59
p.(A1100C)	66
p.(A1100Q)	66
p.(A1100E)	60
p.(A1100G)	83
p.(A1100H)	54
p.(A1100I)	57
p.(A1100K)	85
p.(A1100M)	64
p.(A1100F)	50
p.(A1100P)	80
p.(A1100L)	73
p.(A1100S)	65
p.(A1100T)	69
p.(A1100W)	59
p.(A1100Y)	51
p.(A1100V)	58
p.(F1101A)	54
p.(F1101R)	51
p.(F1101N)	56
p.(F1101D)	25
p.(F1101C)	72
p.(F1101Q)	62
p.(F1101E)	42
p.(F1101G)	52
p.(F1101H)	57
p.(F1101I)	91
p.(F1101K)	10
p.(F1101M)	46
p.(F1101F)	0
p.(F1101P)	64
p.(F1101L)	47
p.(F1101S)	54
p.(F1101T)	94
p.(F1101W)	71
p.(F1101Y)	104
p.(F1101V)	50
p.(D1102A)	49
p.(D1102R)	32
p.(D1102N)	53
p.(D1102D)	0
p.(D1102C)	76
p.(D1102Q)	74
p.(D1102E)	123
p.(D1102G)	72
p.(D1102H)	40
p.(D1102I)	60
p.(D1102K)	53
p.(D1102M)	30
p.(D1102F)	86
p.(D1102P)	71
p.(D1102L)	51
p.(D1102S)	49
p.(D1102T)	1348
p.(D1102W)	74
p.(D1102Y)	332
p.(D1102V)	65
p.(Y1103A)	41
p.(Y1103R)	77
p.(Y1103N)	69
p.(Y1103D)	73
p.(Y1103C)	181
p.(Y1103Q)	69
p.(Y1103E)	76
p.(Y1103G)	70
p.(Y1103H)	74
p.(Y1103I)	44
p.(Y1103K)	49
p.(Y1103M)	86
p.(Y1103F)	78
p.(Y1103P)	58
p.(Y1103L)	39
p.(Y1103S)	80
p.(Y1103T)	49
p.(Y1103W)	54
p.(Y1103Y)	0
p.(Y1103V)	0
p.(S1104A)	73
p.(S1104R)	71
p.(S1104N)	53
p.(S1104D)	39
p.(S1104C)	63
p.(S1104Q)	63
p.(S1104E)	62
p.(S1104G)	57
p.(S1104H)	58
p.(S1104I)	46
p.(S1104K)	35
p.(S1104M)	64
p.(S1104F)	45
p.(S1104P)	70
p.(S1104L)	61
p.(S1104S)	0
p.(S1104T)	136
p.(S1104W)	77
p.(S1104Y)	74
p.(S1104V)	30
p.(G1105A)	79
p.(G1105R)	60
p.(G1105N)	91
p.(G1105D)	73
p.(G1105C)	31
p.(G1105Q)	54
p.(G1105E)	45
p.(G1105G)	0
p.(G1105H)	76
p.(G1105I)	53
p.(G1105K)	69
p.(G1105M)	50
p.(G1105F)	64
p.(G1105P)	39
p.(G1105L)	68
p.(G1105S)	21
p.(G1105T)	53
p.(G1105W)	254
p.(G1105Y)	73
p.(G1105V)	52
p.(Y1106A)	37
p.(Y1106R)	2
p.(Y1106N)	79
p.(Y1106D)	47
p.(Y1106C)	68
p.(Y1106Q)	25
p.(Y1106E)	63
p.(Y1106G)	64
p.(Y1106H)	204
p.(Y1106I)	71
p.(Y1106K)	73
p.(Y1106M)	1232
p.(Y1106F)	84
p.(Y1106P)	104
p.(Y1106L)	70
p.(Y1106S)	60
p.(Y1106T)	67
p.(Y1106W)	34
p.(Y1106Y)	0
p.(Y1106V)	29
p.(D1107A)	77
p.(D1107R)	61
p.(D1107N)	88
p.(D1107D)	0
p.(D1107C)	63
p.(D1107Q)	50
p.(D1107E)	121
p.(D1107G)	310
p.(D1107H)	72
p.(D1107I)	77
p.(D1107K)	48
p.(D1107M)	52
p.(D1107F)	76
p.(D1107P)	54
p.(D1107L)	48
p.(D1107S)	56
p.(D1107T)	56
p.(D1107W)	60
p.(D1107Y)	284
p.(D1107V)	38
p.(A1108A)	0
p.(A1108R)	34
p.(A1108N)	73
p.(A1108D)	73
p.(A1108C)	65
p.(A1108Q)	57
p.(A1108E)	45
p.(A1108G)	49
p.(A1108H)	91
p.(A1108I)	56
p.(A1108K)	71
p.(A1108M)	50
p.(A1108F)	64
p.(A1108P)	57
p.(A1108L)	66
p.(A1108S)	72
p.(A1108T)	92
p.(A1108W)	63
p.(A1108Y)	69
p.(A1108V)	81
p.(S1109A)	63
p.(S1109R)	4
p.(S1109N)	90
p.(S1109D)	67
p.(S1109C)	140
p.(S1109Q)	51
p.(S1109E)	51
p.(S1109G)	38
p.(S1109H)	28
p.(S1109I)	49
p.(S1109K)	65
p.(S1109M)	52
p.(S1109F)	60
p.(S1109P)	60
p.(S1109L)	66
p.(S1109S)	0
p.(S1109T)	36
p.(S1109W)	48
p.(S1109Y)	65
p.(S1109V)	39
p.(L1110A)	75
p.(L1110R)	50
p.(L1110N)	55
p.(L1110D)	42
p.(L1110C)	75
p.(L1110Q)	62
p.(L1110E)	89
p.(L1110G)	70
p.(L1110H)	77
p.(L1110I)	57
p.(L1110K)	61
p.(L1110M)	62
p.(L1110F)	82
p.(L1110P)	45
p.(L1110L)	0
p.(L1110S)	50
p.(L1110T)	48
p.(L1110W)	47
p.(L1110Y)	78
p.(L1110V)	47
p.(S1111A)	1171
p.(S1111R)	47
p.(S1111N)	239
p.(S1111D)	68
p.(S1111C)	108
p.(S1111Q)	49
p.(S1111E)	39
p.(S1111G)	71
p.(S1111H)	72
p.(S1111I)	50
p.(S1111K)	71
p.(S1111M)	91
p.(S1111F)	79
p.(S1111P)	72
p.(S1111L)	69
p.(S1111S)	0
p.(S1111T)	70
p.(S1111W)	56
p.(S1111Y)	86
p.(S1111V)	34
p.(P1112A)	46
p.(P1112R)	45
p.(P1112N)	91
p.(P1112D)	78
p.(P1112C)	74
p.(P1112Q)	1264
p.(P1112E)	34
p.(P1112G)	45
p.(P1112H)	89
p.(P1112I)	48
p.(P1112K)	73
p.(P1112M)	69
p.(P1112F)	61
p.(P1112P)	0
p.(P1112L)	55
p.(P1112S)	405
p.(P1112T)	269
p.(P1112W)	76
p.(P1112Y)	58
p.(P1112V)	56
p.(V1113A)	306
p.(V1113R)	37
p.(V1113N)	45
p.(V1113D)	60
p.(V1113C)	1234
p.(V1113Q)	43
p.(V1113E)	86
p.(V1113G)	53
p.(V1113H)	60
p.(V1113I)	48
p.(V1113K)	52
p.(V1113M)	200
p.(V1113F)	33
p.(V1113P)	63
p.(V1113L)	65
p.(V1113S)	79
p.(V1113T)	39
p.(V1113W)	58
p.(V1113Y)	79
p.(V1113V)	0
p.(W1114A)	41
p.(W1114R)	116
p.(W1114N)	49
p.(W1114D)	50
p.(W1114C)	212
p.(W1114Q)	33
p.(W1114E)	55
p.(W1114G)	45
p.(W1114H)	19
p.(W1114I)	71
p.(W1114K)	148
p.(W1114M)	53
p.(W1114F)	50
p.(W1114P)	20
p.(W1114L)	42
p.(W1114S)	75
p.(W1114T)	35
p.(W1114W)	0
p.(W1114Y)	61
p.(W1114V)	86
p.(F1115A)	87
p.(F1115R)	62
p.(F1115N)	41
p.(F1115D)	61
p.(F1115C)	54
p.(F1115Q)	74
p.(F1115E)	44
p.(F1115G)	53
p.(F1115H)	65
p.(F1115I)	51
p.(F1115K)	73
p.(F1115M)	72
p.(F1115F)	0
p.(F1115P)	47
p.(F1115L)	66
p.(F1115S)	67
p.(F1115T)	23
p.(F1115W)	66
p.(F1115Y)	73
p.(F1115V)	62
p.(R1116A)	54
p.(R1116R)	0
p.(R1116N)	69
p.(R1116D)	69
p.(R1116C)	196
p.(R1116Q)	108
p.(R1116E)	67
p.(R1116G)	1503
p.(R1116H)	66
p.(R1116I)	72
p.(R1116K)	231
p.(R1116M)	300
p.(R1116F)	52
p.(R1116P)	41
p.(R1116L)	103
p.(R1116S)	60
p.(R1116T)	36
p.(R1116W)	121
p.(R1116Y)	84
p.(R1116V)	65
p.(A1117A)	0
p.(A1117R)	1297
p.(A1117N)	37
p.(A1117D)	49
p.(A1117C)	43
p.(A1117Q)	69
p.(A1117E)	41
p.(A1117G)	34
p.(A1117H)	40
p.(A1117I)	47
p.(A1117K)	26
p.(A1117M)	28
p.(A1117F)	63
p.(A1117P)	56
p.(A1117L)	61
p.(A1117S)	44
p.(A1117T)	15
p.(A1117W)	158
p.(A1117Y)	56
p.(A1117V)	35
p.(L1118A)	47
p.(L1118R)	64
p.(L1118N)	85
p.(L1118D)	42
p.(L1118C)	41
p.(L1118Q)	144
p.(L1118E)	43
p.(L1118G)	43
p.(L1118H)	50
p.(L1118I)	53
p.(L1118K)	56
p.(L1118M)	157
p.(L1118F)	58
p.(L1118P)	62
p.(L1118L)	0
p.(L1118S)	39
p.(L1118T)	52
p.(L1118W)	1218
p.(L1118Y)	47
p.(L1118V)	34
p.(E1119A)	75
p.(E1119R)	65
p.(E1119N)	40
p.(E1119D)	119
p.(E1119C)	48
p.(E1119Q)	66
p.(E1119E)	0
p.(E1119G)	182
p.(E1119H)	33
p.(E1119I)	67
p.(E1119K)	238
p.(E1119M)	79
p.(E1119F)	64
p.(E1119P)	71
p.(E1119L)	42
p.(E1119S)	39
p.(E1119T)	43
p.(E1119W)	75
p.(E1119Y)	31
p.(E1119V)	27
p.(I1120A)	81
p.(I1120R)	103
p.(I1120N)	58
p.(I1120D)	164
p.(I1120C)	63
p.(I1120Q)	95
p.(I1120E)	53
p.(I1120G)	71
p.(I1120H)	72
p.(I1120I)	0
p.(I1120K)	116
p.(I1120M)	211
p.(I1120F)	109
p.(I1120P)	85
p.(I1120L)	108
p.(I1120S)	78
p.(I1120T)	75
p.(I1120W)	88
p.(I1120Y)	57
p.(I1120V)	96
p.(V1121A)	69
p.(V1121R)	54
p.(V1121N)	72
p.(V1121D)	110
p.(V1121C)	63
p.(V1121Q)	30
p.(V1121E)	76
p.(V1121G)	97
p.(V1121H)	71
p.(V1121I)	99
p.(V1121K)	62
p.(V1121M)	84
p.(V1121F)	207
p.(V1121P)	73
p.(V1121L)	70
p.(V1121S)	41
p.(V1121T)	78
p.(V1121W)	41
p.(V1121Y)	69
p.(V1121V)	0
p.(L1122A)	165
p.(L1122R)	63
p.(L1122N)	47
p.(L1122D)	56
p.(L1122C)	52
p.(L1122Q)	139
p.(L1122E)	80
p.(L1122G)	69
p.(L1122H)	49
p.(L1122I)	73
p.(L1122K)	50
p.(L1122M)	193
p.(L1122F)	43
p.(L1122P)	34
p.(L1122L)	0
p.(L1122S)	45
p.(L1122T)	58
p.(L1122W)	72
p.(L1122Y)	49
p.(L1122V)	44
p.(R1123A)	97
p.(R1123R)	0
p.(R1123N)	76
p.(R1123D)	67
p.(R1123C)	64
p.(R1123Q)	85
p.(R1123E)	38
p.(R1123G)	153
p.(R1123H)	74
p.(R1123I)	63
p.(R1123K)	61
p.(R1123M)	57
p.(R1123F)	98
p.(R1123P)	94
p.(R1123L)	657
p.(R1123S)	47
p.(R1123T)	53
p.(R1123W)	422
p.(R1123Y)	74
p.(R1123V)	72
p.(E1124A)	107
p.(E1124R)	84
p.(E1124N)	144
p.(E1124D)	97
p.(E1124C)	96
p.(E1124Q)	75
p.(E1124E)	0
p.(E1124G)	71
p.(E1124H)	60
p.(E1124I)	70
p.(E1124K)	339
p.(E1124M)	109
p.(E1124F)	88
p.(E1124P)	58
p.(E1124L)	99
p.(E1124S)	71
p.(E1124T)	78
p.(E1124W)	59
p.(E1124Y)	69
p.(E1124V)	81
p.(I1125A)	31
p.(I1125R)	48
p.(I1125N)	91
p.(I1125D)	78
p.(I1125C)	49
p.(I1125Q)	60
p.(I1125E)	62
p.(I1125G)	117
p.(I1125H)	98
p.(I1125I)	0
p.(I1125K)	65
p.(I1125M)	106
p.(I1125F)	97
p.(I1125P)	60
p.(I1125L)	75
p.(I1125S)	77
p.(I1125T)	178
p.(I1125W)	154
p.(I1125Y)	86
p.(I1125V)	59
p.(G1126A)	75
p.(G1126R)	55
p.(G1126N)	84
p.(G1126D)	323
p.(G1126C)	64
p.(G1126Q)	66
p.(G1126E)	216
p.(G1126G)	0
p.(G1126H)	73
p.(G1126I)	65
p.(G1126K)	85
p.(G1126M)	68
p.(G1126F)	87
p.(G1126P)	68
p.(G1126L)	87
p.(G1126S)	64
p.(G1126T)	78
p.(G1126W)	245
p.(G1126Y)	50
p.(G1126V)	71
p.(Y1127A)	71
p.(Y1127R)	69
p.(Y1127N)	65
p.(Y1127D)	96
p.(Y1127C)	186
p.(Y1127Q)	65
p.(Y1127E)	97
p.(Y1127G)	78
p.(Y1127H)	180
p.(Y1127I)	257
p.(Y1127K)	87
p.(Y1127M)	84
p.(Y1127F)	119
p.(Y1127P)	64
p.(Y1127L)	86
p.(Y1127S)	92
p.(Y1127T)	52
p.(Y1127W)	56
p.(Y1127Y)	0
p.(Y1127V)	66
p.(S1128A)	92
p.(S1128R)	68
p.(S1128N)	88
p.(S1128D)	90
p.(S1128C)	55
p.(S1128Q)	53
p.(S1128E)	73
p.(S1128G)	65
p.(S1128H)	56
p.(S1128I)	78
p.(S1128K)	58
p.(S1128M)	61
p.(S1128F)	200
p.(S1128P)	304
p.(S1128L)	71
p.(S1128S)	0
p.(S1128T)	105
p.(S1128W)	61
p.(S1128Y)	74
p.(S1128V)	85
p.(E1129A)	106
p.(E1129R)	109
p.(E1129N)	87
p.(E1129D)	110
p.(E1129C)	62
p.(E1129Q)	74
p.(E1129E)	0
p.(E1129G)	130
p.(E1129H)	75
p.(E1129I)	85
p.(E1129K)	373
p.(E1129M)	94
p.(E1129F)	65
p.(E1129P)	92
p.(E1129L)	78
p.(E1129S)	80
p.(E1129T)	65
p.(E1129W)	49
p.(E1129Y)	78
p.(E1129V)	111
p.(D1130A)	64
p.(D1130R)	300
p.(D1130N)	71
p.(D1130D)	0
p.(D1130C)	97
p.(D1130Q)	74
p.(D1130E)	126
p.(D1130G)	169
p.(D1130H)	69
p.(D1130I)	68
p.(D1130K)	46
p.(D1130M)	99
p.(D1130F)	102
p.(D1130P)	84
p.(D1130L)	93
p.(D1130S)	86
p.(D1130T)	59
p.(D1130W)	82
p.(D1130Y)	275
p.(D1130V)	106
p.(A1131A)	0
p.(A1131R)	235
p.(A1131N)	70
p.(A1131D)	68
p.(A1131C)	73
p.(A1131Q)	402
p.(A1131E)	159
p.(A1131G)	84
p.(A1131H)	64
p.(A1131I)	59
p.(A1131K)	50
p.(A1131M)	96
p.(A1131F)	44
p.(A1131P)	76
p.(A1131L)	69
p.(A1131S)	97
p.(A1131T)	67
p.(A1131W)	85
p.(A1131Y)	78
p.(A1131V)	232
p.(V1132A)	71
p.(V1132R)	72
p.(V1132N)	81
p.(V1132D)	70
p.(V1132C)	428
p.(V1132Q)	54
p.(V1132E)	131
p.(V1132G)	78
p.(V1132H)	73
p.(V1132I)	55
p.(V1132K)	90
p.(V1132M)	174
p.(V1132F)	68
p.(V1132P)	38
p.(V1132L)	78
p.(V1132S)	73
p.(V1132T)	2
p.(V1132W)	55
p.(V1132Y)	56
p.(V1132V)	0
p.(S1133A)	36
p.(S1133R)	2
p.(S1133N)	71
p.(S1133D)	70
p.(S1133C)	84
p.(S1133Q)	81
p.(S1133E)	46
p.(S1133G)	97
p.(S1133H)	86
p.(S1133I)	74
p.(S1133K)	69
p.(S1133M)	94
p.(S1133F)	227
p.(S1133P)	100
p.(S1133L)	69
p.(S1133S)	0
p.(S1133T)	81
p.(S1133W)	79
p.(S1133Y)	64
p.(S1133V)	94
p.(L1134A)	92
p.(L1134R)	82
p.(L1134N)	84
p.(L1134D)	62
p.(L1134C)	73
p.(L1134Q)	119
p.(L1134E)	62
p.(L1134G)	72
p.(L1134H)	161
p.(L1134I)	94
p.(L1134K)	67
p.(L1134M)	106
p.(L1134F)	77
p.(L1134P)	44
p.(L1134L)	0
p.(L1134S)	432
p.(L1134T)	67
p.(L1134W)	76
p.(L1134Y)	81
p.(L1134V)	63
p.(I1135A)	56
p.(I1135R)	64
p.(I1135N)	74
p.(I1135D)	55
p.(I1135C)	73
p.(I1135Q)	80
p.(I1135E)	59
p.(I1135G)	26
p.(I1135H)	92
p.(I1135I)	0
p.(I1135K)	57
p.(I1135M)	216
p.(I1135F)	78
p.(I1135P)	53
p.(I1135L)	71
p.(I1135S)	71
p.(I1135T)	76
p.(I1135W)	70
p.(I1135Y)	40
p.(I1135V)	31
p.(E1136A)	76
p.(E1136R)	62
p.(E1136N)	75
p.(E1136D)	88
p.(E1136C)	108
p.(E1136Q)	59
p.(E1136E)	0
p.(E1136G)	61
p.(E1136H)	60
p.(E1136I)	80
p.(E1136K)	531
p.(E1136M)	63
p.(E1136F)	68
p.(E1136P)	99
p.(E1136L)	55
p.(E1136S)	71
p.(E1136T)	68
p.(E1136W)	72
p.(E1136Y)	69
p.(E1136V)	53
p.(G1137A)	60
p.(G1137R)	73
p.(G1137N)	74
p.(G1137D)	265
p.(G1137C)	74
p.(G1137Q)	80
p.(G1137E)	65
p.(G1137G)	0
p.(G1137H)	58
p.(G1137I)	67
p.(G1137K)	53
p.(G1137M)	99
p.(G1137F)	75
p.(G1137P)	62
p.(G1137L)	75
p.(G1137S)	70
p.(G1137T)	58
p.(G1137W)	335
p.(G1137Y)	65
p.(G1137V)	42
p.(I1138A)	57
p.(I1138R)	79
p.(I1138N)	70
p.(I1138D)	287
p.(I1138C)	62
p.(I1138Q)	61
p.(I1138E)	43
p.(I1138G)	81
p.(I1138H)	70
p.(I1138I)	0
p.(I1138K)	90
p.(I1138M)	60
p.(I1138F)	74
p.(I1138P)	74
p.(I1138L)	43
p.(I1138S)	185
p.(I1138T)	184
p.(I1138W)	100
p.(I1138Y)	75
p.(I1138V)	44
p.(N1139A)	94
p.(N1139R)	59
p.(N1139N)	0
p.(N1139D)	209
p.(N1139C)	50
p.(N1139Q)	278
p.(N1139E)	57
p.(N1139G)	82
p.(N1139H)	82
p.(N1139I)	83
p.(N1139K)	113
p.(N1139M)	71
p.(N1139F)	88
p.(N1139P)	44
p.(N1139L)	62
p.(N1139S)	62
p.(N1139T)	62
p.(N1139W)	51
p.(N1139Y)	77
p.(N1139V)	66
p.(H1140A)	56
p.(H1140R)	86
p.(H1140N)	69
p.(H1140D)	83
p.(H1140C)	90
p.(H1140Q)	112
p.(H1140E)	82
p.(H1140G)	68
p.(H1140H)	0
p.(H1140I)	89
p.(H1140K)	43
p.(H1140M)	45
p.(H1140F)	106
p.(H1140P)	54
p.(H1140L)	66
p.(H1140S)	82
p.(H1140T)	268
p.(H1140W)	94
p.(H1140Y)	101
p.(H1140V)	67
p.(T1141A)	58
p.(T1141R)	76
p.(T1141N)	112
p.(T1141D)	43
p.(T1141C)	93
p.(T1141Q)	66
p.(T1141E)	85
p.(T1141G)	71
p.(T1141H)	101
p.(T1141I)	220
p.(T1141K)	72
p.(T1141M)	67
p.(T1141F)	63
p.(T1141P)	271
p.(T1141L)	59
p.(T1141S)	74
p.(T1141T)	0
p.(T1141W)	100
p.(T1141Y)	89
p.(T1141V)	51
p.(H1142A)	81
p.(H1142R)	63
p.(H1142N)	181
p.(H1142D)	38
p.(H1142C)	68
p.(H1142Q)	68
p.(H1142E)	58
p.(H1142G)	83
p.(H1142H)	0
p.(H1142I)	46
p.(H1142K)	79
p.(H1142M)	42
p.(H1142F)	78
p.(H1142P)	61
p.(H1142L)	54
p.(H1142S)	273
p.(H1142T)	52
p.(H1142W)	66
p.(H1142Y)	430
p.(H1142V)	59
p.(H1143A)	56
p.(H1143R)	84
p.(H1143N)	194
p.(H1143D)	66
p.(H1143C)	72
p.(H1143Q)	72
p.(H1143E)	46
p.(H1143G)	57
p.(H1143H)	0
p.(H1143I)	28
p.(H1143K)	54
p.(H1143M)	380
p.(H1143F)	66
p.(H1143P)	95
p.(H1143L)	100
p.(H1143S)	298
p.(H1143T)	78
p.(H1143W)	77
p.(H1143Y)	60
p.(H1143V)	76
p.(V1144A)	76
p.(V1144R)	95
p.(V1144N)	78
p.(V1144D)	76
p.(V1144C)	66
p.(V1144Q)	69
p.(V1144E)	75
p.(V1144G)	38
p.(V1144H)	91
p.(V1144I)	90
p.(V1144K)	77
p.(V1144M)	279
p.(V1144F)	77
p.(V1144P)	79
p.(V1144L)	57
p.(V1144S)	33
p.(V1144T)	55
p.(V1144W)	75
p.(V1144Y)	63
p.(V1144V)	0
p.(Y1145A)	68
p.(Y1145R)	79
p.(Y1145N)	132
p.(Y1145D)	116
p.(Y1145C)	210
p.(Y1145Q)	75
p.(Y1145E)	99
p.(Y1145G)	77
p.(Y1145H)	75
p.(Y1145I)	59
p.(Y1145K)	60
p.(Y1145M)	71
p.(Y1145F)	79
p.(Y1145P)	292
p.(Y1145L)	76
p.(Y1145S)	87
p.(Y1145T)	47
p.(Y1145W)	85
p.(Y1145Y)	0
p.(Y1145V)	67
p.(R1146A)	82
p.(R1146R)	0
p.(R1146N)	90
p.(R1146D)	72
p.(R1146C)	63
p.(R1146Q)	89
p.(R1146E)	53
p.(R1146G)	59
p.(R1146H)	74
p.(R1146I)	59
p.(R1146K)	89
p.(R1146M)	75
p.(R1146F)	82
p.(R1146P)	331
p.(R1146L)	62
p.(R1146S)	59
p.(R1146T)	77
p.(R1146W)	77
p.(R1146Y)	42
p.(R1146V)	94
p.(N1147A)	64
p.(N1147R)	65
p.(N1147N)	0
p.(N1147D)	87
p.(N1147C)	67
p.(N1147Q)	55
p.(N1147E)	59
p.(N1147G)	46
p.(N1147H)	81
p.(N1147I)	80
p.(N1147K)	152
p.(N1147M)	43
p.(N1147F)	55
p.(N1147P)	90
p.(N1147L)	60
p.(N1147S)	70
p.(N1147T)	81
p.(N1147W)	86
p.(N1147Y)	120
p.(N1147V)	59
p.(K1148A)	63
p.(K1148R)	30
p.(K1148N)	98
p.(K1148D)	65
p.(K1148C)	99
p.(K1148Q)	69
p.(K1148E)	92
p.(K1148G)	86
p.(K1148H)	103
p.(K1148I)	29
p.(K1148K)	0
p.(K1148M)	67
p.(K1148F)	78
p.(K1148P)	79
p.(K1148L)	62
p.(K1148S)	96
p.(K1148T)	91
p.(K1148W)	84
p.(K1148Y)	60
p.(K1148V)	86
p.(T1149A)	47
p.(T1149R)	79
p.(T1149N)	122
p.(T1149D)	67
p.(T1149C)	47
p.(T1149Q)	59
p.(T1149E)	58
p.(T1149G)	74
p.(T1149H)	77
p.(T1149I)	76
p.(T1149K)	86
p.(T1149M)	92
p.(T1149F)	144
p.(T1149P)	94
p.(T1149L)	79
p.(T1149S)	85
p.(T1149T)	0
p.(T1149W)	41
p.(T1149Y)	55
p.(T1149V)	46
p.(Y1150A)	59
p.(Y1150R)	62
p.(Y1150N)	113
p.(Y1150D)	48
p.(Y1150C)	102
p.(Y1150Q)	71
p.(Y1150E)	76
p.(Y1150G)	90
p.(Y1150H)	171
p.(Y1150I)	85
p.(Y1150K)	72
p.(Y1150M)	65
p.(Y1150F)	71
p.(Y1150P)	67
p.(Y1150L)	106
p.(Y1150S)	69
p.(Y1150T)	46
p.(Y1150W)	73
p.(Y1150Y)	0
p.(Y1150V)	83
p.(C1151A)	35
p.(C1151R)	49
p.(C1151N)	67
p.(C1151D)	74
p.(C1151C)	0
p.(C1151Q)	73
p.(C1151E)	57
p.(C1151G)	53
p.(C1151H)	28
p.(C1151I)	77
p.(C1151K)	50
p.(C1151M)	37
p.(C1151F)	87
p.(C1151P)	74
p.(C1151L)	108
p.(C1151S)	83
p.(C1151T)	36
p.(C1151W)	88
p.(C1151Y)	73
p.(C1151V)	628
p.(V1152A)	93
p.(V1152R)	83
p.(V1152N)	84
p.(V1152D)	54
p.(V1152C)	112
p.(V1152Q)	72
p.(V1152E)	75
p.(V1152G)	66
p.(V1152H)	40
p.(V1152I)	250
p.(V1152K)	41
p.(V1152M)	42
p.(V1152F)	676
p.(V1152P)	75
p.(V1152L)	49
p.(V1152S)	95
p.(V1152T)	66
p.(V1152W)	67
p.(V1152Y)	84
p.(V1152V)	0
p.(L1153A)	73
p.(L1153R)	104
p.(L1153N)	44
p.(L1153D)	77
p.(L1153C)	73
p.(L1153Q)	46
p.(L1153E)	77
p.(L1153G)	28
p.(L1153H)	66
p.(L1153I)	90
p.(L1153K)	58
p.(L1153M)	56
p.(L1153F)	346
p.(L1153P)	59
p.(L1153L)	0
p.(L1153S)	41
p.(L1153T)	74
p.(L1153W)	105
p.(L1153Y)	61
p.(L1153V)	53
p.(G1154A)	120
p.(G1154R)	354
p.(G1154N)	75
p.(G1154D)	91
p.(G1154C)	67
p.(G1154Q)	59
p.(G1154E)	67
p.(G1154G)	0
p.(G1154H)	67
p.(G1154I)	83
p.(G1154K)	87
p.(G1154M)	83
p.(G1154F)	105
p.(G1154P)	41
p.(G1154L)	79
p.(G1154S)	47
p.(G1154T)	54
p.(G1154W)	431
p.(G1154Y)	95
p.(G1154V)	55
p.(G1155A)	103
p.(G1155R)	94
p.(G1155N)	76
p.(G1155D)	112
p.(G1155C)	64
p.(G1155Q)	72
p.(G1155E)	1227
p.(G1155G)	0
p.(G1155H)	77
p.(G1155I)	70
p.(G1155K)	85
p.(G1155M)	53
p.(G1155F)	55
p.(G1155P)	86
p.(G1155L)	77
p.(G1155S)	61
p.(G1155T)	80
p.(G1155W)	101
p.(G1155Y)	79
p.(G1155V)	74
p.(M1156A)	85
p.(M1156R)	75
p.(M1156N)	102
p.(M1156D)	64
p.(M1156C)	1035
p.(M1156Q)	79
p.(M1156E)	76
p.(M1156G)	61
p.(M1156H)	89
p.(M1156I)	262
p.(M1156K)	43
p.(M1156M)	0
p.(M1156F)	34
p.(M1156P)	67
p.(M1156L)	84
p.(M1156S)	99
p.(M1156T)	67
p.(M1156W)	70
p.(M1156Y)	39
p.(M1156V)	73
p.(P1157A)	99
p.(P1157R)	90
p.(P1157N)	92
p.(P1157D)	75
p.(P1157C)	93
p.(P1157Q)	72
p.(P1157E)	51
p.(P1157G)	128
p.(P1157H)	100
p.(P1157I)	66
p.(P1157K)	84
p.(P1157M)	111
p.(P1157F)	94
p.(P1157P)	0
p.(P1157L)	85
p.(P1157S)	77
p.(P1157T)	82
p.(P1157W)	67
p.(P1157Y)	88
p.(P1157V)	78
p.(S1158A)	72
p.(S1158R)	94
p.(S1158N)	72
p.(S1158D)	62
p.(S1158C)	99
p.(S1158Q)	80
p.(S1158E)	71
p.(S1158G)	111
p.(S1158H)	73
p.(S1158I)	81
p.(S1158K)	75
p.(S1158M)	65
p.(S1158F)	56
p.(S1158P)	41
p.(S1158L)	50
p.(S1158S)	0
p.(S1158T)	86
p.(S1158W)	39
p.(S1158Y)	87
p.(S1158V)	72
p.(G1159A)	85
p.(G1159R)	106
p.(G1159N)	89
p.(G1159D)	236
p.(G1159C)	68
p.(G1159Q)	91
p.(G1159E)	74
p.(G1159G)	0
p.(G1159H)	106
p.(G1159I)	62
p.(G1159K)	87
p.(G1159M)	82
p.(G1159F)	80
p.(G1159P)	75
p.(G1159L)	100
p.(G1159S)	105
p.(G1159T)	85
p.(G1159W)	89
p.(G1159Y)	88
p.(G1159V)	82
p.(C1160A)	62
p.(C1160R)	76
p.(C1160N)	119
p.(C1160D)	96
p.(C1160C)	0
p.(C1160Q)	41
p.(C1160E)	61
p.(C1160G)	118
p.(C1160H)	81
p.(C1160I)	57
p.(C1160K)	83
p.(C1160M)	45
p.(C1160F)	241
p.(C1160P)	94
p.(C1160L)	46
p.(C1160S)	107
p.(C1160T)	84
p.(C1160W)	111
p.(C1160Y)	412
p.(C1160V)	86
p.(S1161A)	69
p.(S1161R)	82
p.(S1161N)	82
p.(S1161D)	68
p.(S1161C)	71
p.(S1161Q)	110
p.(S1161E)	86
p.(S1161G)	70
p.(S1161H)	70
p.(S1161I)	87
p.(S1161K)	48
p.(S1161M)	24
p.(S1161F)	109
p.(S1161P)	63
p.(S1161L)	67
p.(S1161S)	0
p.(S1161T)	29
p.(S1161W)	51
p.(S1161Y)	76
p.(S1161V)	96
p.(G1162A)	1129
p.(G1162R)	120
p.(G1162N)	72
p.(G1162D)	85
p.(G1162C)	322
p.(G1162Q)	76
p.(G1162E)	72
p.(G1162G)	0
p.(G1162H)	210
p.(G1162I)	72
p.(G1162K)	89
p.(G1162M)	57
p.(G1162F)	77
p.(G1162P)	81
p.(G1162L)	78
p.(G1162S)	406
p.(G1162T)	76
p.(G1162W)	107
p.(G1162Y)	53
p.(G1162V)	157
p.(T1163A)	72
p.(T1163R)	104
p.(T1163N)	119
p.(T1163D)	105
p.(T1163C)	33
p.(T1163Q)	101
p.(T1163E)	82
p.(T1163G)	74
p.(T1163H)	727
p.(T1163I)	107
p.(T1163K)	76
p.(T1163M)	63
p.(T1163F)	52
p.(T1163P)	1109
p.(T1163L)	204
p.(T1163S)	87
p.(T1163T)	0
p.(T1163W)	51
p.(T1163Y)	56
p.(T1163V)	101
p.(S1164A)	102
p.(S1164R)	72
p.(S1164N)	92
p.(S1164D)	101
p.(S1164C)	71
p.(S1164Q)	39
p.(S1164E)	66
p.(S1164G)	67
p.(S1164H)	78
p.(S1164I)	45
p.(S1164K)	74
p.(S1164M)	100
p.(S1164F)	77
p.(S1164P)	421
p.(S1164L)	117
p.(S1164S)	0
p.(S1164T)	148
p.(S1164W)	114
p.(S1164Y)	100
p.(S1164V)	84
p.(I1165A)	57
p.(I1165R)	81
p.(I1165N)	63
p.(I1165D)	28
p.(I1165C)	64
p.(I1165Q)	67
p.(I1165E)	71
p.(I1165G)	78
p.(I1165H)	721
p.(I1165I)	0
p.(I1165K)	46
p.(I1165M)	120
p.(I1165F)	78
p.(I1165P)	86
p.(I1165L)	78
p.(I1165S)	51
p.(I1165T)	188
p.(I1165W)	52
p.(I1165Y)	47
p.(I1165V)	58
p.(F1166A)	32
p.(F1166R)	76
p.(F1166N)	70
p.(F1166D)	94
p.(F1166C)	76
p.(F1166Q)	216
p.(F1166E)	61
p.(F1166G)	78
p.(F1166H)	73
p.(F1166I)	75
p.(F1166K)	58
p.(F1166M)	52
p.(F1166F)	0
p.(F1166P)	71
p.(F1166L)	301
p.(F1166S)	242
p.(F1166T)	71
p.(F1166W)	73
p.(F1166Y)	87
p.(F1166V)	77
p.(N1167A)	66
p.(N1167R)	74
p.(N1167N)	0
p.(N1167D)	333
p.(N1167C)	78
p.(N1167Q)	734
p.(N1167E)	73
p.(N1167G)	99
p.(N1167H)	93
p.(N1167I)	57
p.(N1167K)	142
p.(N1167M)	83
p.(N1167F)	74
p.(N1167P)	97
p.(N1167L)	85
p.(N1167S)	53
p.(N1167T)	1566
p.(N1167W)	57
p.(N1167Y)	122
p.(N1167V)	2
p.(S1168A)	127
p.(S1168R)	1633
p.(S1168N)	69
p.(S1168D)	76
p.(S1168C)	100
p.(S1168Q)	45
p.(S1168E)	22
p.(S1168G)	101
p.(S1168H)	74
p.(S1168I)	76
p.(S1168K)	81
p.(S1168M)	73
p.(S1168F)	23
p.(S1168P)	186
p.(S1168L)	84
p.(S1168S)	0
p.(S1168T)	143
p.(S1168W)	93
p.(S1168Y)	62
p.(S1168V)	43
p.(M1169A)	67
p.(M1169R)	84
p.(M1169N)	67
p.(M1169D)	880
p.(M1169C)	37
p.(M1169Q)	85
p.(M1169E)	68
p.(M1169G)	57
p.(M1169H)	51
p.(M1169I)	551
p.(M1169K)	61
p.(M1169M)	0
p.(M1169F)	63
p.(M1169P)	39
p.(M1169L)	39
p.(M1169S)	59
p.(M1169T)	79
p.(M1169W)	66
p.(M1169Y)	50
p.(M1169V)	28
p.(I1170A)	39
p.(I1170R)	63
p.(I1170N)	66
p.(I1170D)	690
p.(I1170C)	76
p.(I1170Q)	60
p.(I1170E)	65
p.(I1170G)	60
p.(I1170H)	48
p.(I1170I)	0
p.(I1170K)	73
p.(I1170M)	67
p.(I1170F)	106
p.(I1170P)	51
p.(I1170L)	63
p.(I1170S)	73
p.(I1170T)	73
p.(I1170W)	85
p.(I1170Y)	57
p.(I1170V)	90
p.(N1171A)	71
p.(N1171R)	78
p.(N1171N)	0
p.(N1171D)	84
p.(N1171C)	80
p.(N1171Q)	74
p.(N1171E)	91
p.(N1171G)	124
p.(N1171H)	109
p.(N1171I)	69
p.(N1171K)	174
p.(N1171M)	89
p.(N1171F)	57
p.(N1171P)	44
p.(N1171L)	115
p.(N1171S)	66
p.(N1171T)	86
p.(N1171W)	80
p.(N1171Y)	123
p.(N1171V)	93
p.(N1172A)	78
p.(N1172R)	66
p.(N1172N)	0
p.(N1172D)	178
p.(N1172C)	84
p.(N1172Q)	36
p.(N1172E)	74
p.(N1172G)	90
p.(N1172H)	72
p.(N1172I)	316
p.(N1172K)	92
p.(N1172M)	85
p.(N1172F)	89
p.(N1172P)	91
p.(N1172L)	73
p.(N1172S)	57
p.(N1172T)	96
p.(N1172W)	103
p.(N1172Y)	64
p.(N1172V)	76
p.(I1173A)	108
p.(I1173R)	90
p.(I1173N)	106
p.(I1173D)	104
p.(I1173C)	50
p.(I1173Q)	81
p.(I1173E)	84
p.(I1173G)	70
p.(I1173H)	285
p.(I1173I)	0
p.(I1173K)	83
p.(I1173M)	118
p.(I1173F)	92
p.(I1173P)	60
p.(I1173L)	88
p.(I1173S)	87
p.(I1173T)	187
p.(I1173W)	71
p.(I1173Y)	74
p.(I1173V)	144
p.(I1174A)	90
p.(I1174R)	71
p.(I1174N)	62
p.(I1174D)	74
p.(I1174C)	105
p.(I1174Q)	80
p.(I1174E)	92
p.(I1174G)	79
p.(I1174H)	734
p.(I1174I)	0
p.(I1174K)	75
p.(I1174M)	50
p.(I1174F)	65
p.(I1174P)	50
p.(I1174L)	36
p.(I1174S)	39
p.(I1174T)	48
p.(I1174W)	85
p.(I1174Y)	87
p.(I1174V)	102
p.(I1175A)	61
p.(I1175R)	80
p.(I1175N)	124
p.(I1175D)	105
p.(I1175C)	52
p.(I1175Q)	81
p.(I1175E)	78
p.(I1175G)	99
p.(I1175H)	58
p.(I1175I)	0
p.(I1175K)	59
p.(I1175M)	71
p.(I1175F)	109
p.(I1175P)	84
p.(I1175L)	96
p.(I1175S)	61
p.(I1175T)	88
p.(I1175W)	99
p.(I1175Y)	65
p.(I1175V)	66
p.(R1176A)	115
p.(R1176R)	0
p.(R1176N)	74
p.(R1176D)	53
p.(R1176C)	120
p.(R1176Q)	56
p.(R1176E)	648
p.(R1176G)	56
p.(R1176H)	83
p.(R1176I)	53
p.(R1176K)	69
p.(R1176M)	75
p.(R1176F)	73
p.(R1176P)	76
p.(R1176L)	67
p.(R1176S)	120
p.(R1176T)	91
p.(R1176W)	52
p.(R1176Y)	49
p.(R1176V)	30
p.(T1177A)	106
p.(T1177R)	63
p.(T1177N)	75
p.(T1177D)	76
p.(T1177C)	86
p.(T1177Q)	55
p.(T1177E)	94
p.(T1177G)	99
p.(T1177H)	47
p.(T1177I)	249
p.(T1177K)	46
p.(T1177M)	73
p.(T1177F)	85
p.(T1177P)	83
p.(T1177L)	62
p.(T1177S)	87
p.(T1177T)	0
p.(T1177W)	76
p.(T1177Y)	72
p.(T1177V)	117
p.(L1178A)	63
p.(L1178R)	101
p.(L1178N)	66
p.(L1178D)	70
p.(L1178C)	96
p.(L1178Q)	62
p.(L1178E)	86
p.(L1178G)	64
p.(L1178H)	68
p.(L1178I)	149
p.(L1178K)	66
p.(L1178M)	93
p.(L1178F)	67
p.(L1178P)	68
p.(L1178L)	0
p.(L1178S)	60
p.(L1178T)	77
p.(L1178W)	71
p.(L1178Y)	94
p.(L1178V)	53
p.(L1179A)	98
p.(L1179R)	107
p.(L1179N)	50
p.(L1179D)	109
p.(L1179C)	51
p.(L1179Q)	66
p.(L1179E)	70
p.(L1179G)	71
p.(L1179H)	119
p.(L1179I)	127
p.(L1179K)	95
p.(L1179M)	323
p.(L1179F)	80
p.(L1179P)	302
p.(L1179L)	0
p.(L1179S)	116
p.(L1179T)	74
p.(L1179W)	92
p.(L1179Y)	50
p.(L1179V)	56
p.(I1180A)	47
p.(I1180R)	73
p.(I1180N)	72
p.(I1180D)	73
p.(I1180C)	66
p.(I1180Q)	113
p.(I1180E)	38
p.(I1180G)	78
p.(I1180H)	108
p.(I1180I)	0
p.(I1180K)	80
p.(I1180M)	129
p.(I1180F)	140
p.(I1180P)	87
p.(I1180L)	67
p.(I1180S)	99
p.(I1180T)	83
p.(I1180W)	90
p.(I1180Y)	68
p.(I1180V)	100
p.(K1181A)	48
p.(K1181R)	78
p.(K1181N)	100
p.(K1181D)	97
p.(K1181C)	108
p.(K1181Q)	95
p.(K1181E)	30
p.(K1181G)	89
p.(K1181H)	86
p.(K1181I)	70
p.(K1181K)	0
p.(K1181M)	97
p.(K1181F)	112
p.(K1181P)	77
p.(K1181L)	54
p.(K1181S)	124
p.(K1181T)	114
p.(K1181W)	91
p.(K1181Y)	59
p.(K1181V)	89
p.(T1182A)	89
p.(T1182R)	79
p.(T1182N)	95
p.(T1182D)	48
p.(T1182C)	104
p.(T1182Q)	32
p.(T1182E)	82
p.(T1182G)	45
p.(T1182H)	62
p.(T1182I)	165
p.(T1182K)	95
p.(T1182M)	100
p.(T1182F)	66
p.(T1182P)	120
p.(T1182L)	108
p.(T1182S)	78
p.(T1182T)	0
p.(T1182W)	57
p.(T1182Y)	90
p.(T1182V)	66
p.(F1183A)	118
p.(F1183R)	105
p.(F1183N)	135
p.(F1183D)	83
p.(F1183C)	68
p.(F1183Q)	182
p.(F1183E)	93
p.(F1183G)	96
p.(F1183H)	59
p.(F1183I)	92
p.(F1183K)	87
p.(F1183M)	75
p.(F1183F)	0
p.(F1183P)	56
p.(F1183L)	76
p.(F1183S)	66
p.(F1183T)	63
p.(F1183W)	102
p.(F1183Y)	62
p.(F1183V)	137
p.(K1184A)	52
p.(K1184R)	164
p.(K1184N)	105
p.(K1184D)	101
p.(K1184C)	88
p.(K1184Q)	126
p.(K1184E)	401
p.(K1184G)	65
p.(K1184H)	78
p.(K1184I)	57
p.(K1184K)	0
p.(K1184M)	86
p.(K1184F)	33
p.(K1184P)	41
p.(K1184L)	70
p.(K1184S)	91
p.(K1184T)	98
p.(K1184W)	63
p.(K1184Y)	86
p.(K1184V)	84
p.(G1185A)	90
p.(G1185R)	103
p.(G1185N)	99
p.(G1185D)	176
p.(G1185C)	81
p.(G1185Q)	69
p.(G1185E)	73
p.(G1185G)	0
p.(G1185H)	104
p.(G1185I)	108
p.(G1185K)	71
p.(G1185M)	113
p.(G1185F)	65
p.(G1185P)	54
p.(G1185L)	87
p.(G1185S)	95
p.(G1185T)	72
p.(G1185W)	869
p.(G1185Y)	78
p.(G1185V)	81
p.(I1186A)	88
p.(I1186R)	55
p.(I1186N)	109
p.(I1186D)	86
p.(I1186C)	121
p.(I1186Q)	125
p.(I1186E)	113
p.(I1186G)	74
p.(I1186H)	69
p.(I1186I)	0
p.(I1186K)	146
p.(I1186M)	290
p.(I1186F)	56
p.(I1186P)	81
p.(I1186L)	71
p.(I1186S)	101
p.(I1186T)	162
p.(I1186W)	81
p.(I1186Y)	67
p.(I1186V)	134
p.(D1187A)	98
p.(D1187R)	75
p.(D1187N)	53
p.(D1187D)	0
p.(D1187C)	94
p.(D1187Q)	80
p.(D1187E)	126
p.(D1187G)	175
p.(D1187H)	89
p.(D1187I)	105
p.(D1187K)	96
p.(D1187M)	78
p.(D1187F)	57
p.(D1187P)	97
p.(D1187L)	89
p.(D1187S)	89
p.(D1187T)	88
p.(D1187W)	60
p.(D1187Y)	198
p.(D1187V)	125
p.(L1188A)	86
p.(L1188R)	63
p.(L1188N)	76
p.(L1188D)	79
p.(L1188C)	48
p.(L1188Q)	86
p.(L1188E)	92
p.(L1188G)	74
p.(L1188H)	84
p.(L1188I)	94
p.(L1188K)	78
p.(L1188M)	82
p.(L1188F)	81
p.(L1188P)	262
p.(L1188L)	0
p.(L1188S)	150
p.(L1188T)	82
p.(L1188W)	96
p.(L1188Y)	57
p.(L1188V)	87
p.(D1189A)	95
p.(D1189R)	143
p.(D1189N)	92
p.(D1189D)	0
p.(D1189C)	78
p.(D1189Q)	79
p.(D1189E)	105
p.(D1189G)	222
p.(D1189H)	98
p.(D1189I)	116
p.(D1189K)	86
p.(D1189M)	122
p.(D1189F)	42
p.(D1189P)	59
p.(D1189L)	53
p.(D1189S)	92
p.(D1189T)	95
p.(D1189W)	82
p.(D1189Y)	61
p.(D1189V)	49
p.(E1190A)	84
p.(E1190R)	100
p.(E1190N)	94
p.(E1190D)	109
p.(E1190C)	112
p.(E1190Q)	141
p.(E1190E)	0
p.(E1190G)	49
p.(E1190H)	90
p.(E1190I)	78
p.(E1190K)	1062
p.(E1190M)	107
p.(E1190F)	121
p.(E1190P)	83
p.(E1190L)	95
p.(E1190S)	82
p.(E1190T)	62
p.(E1190W)	128
p.(E1190Y)	42
p.(E1190V)	95
p.(L1191A)	78
p.(L1191R)	87
p.(L1191N)	71
p.(L1191D)	103
p.(L1191C)	69
p.(L1191Q)	170
p.(L1191E)	119
p.(L1191G)	40
p.(L1191H)	94
p.(L1191I)	82
p.(L1191K)	97
p.(L1191M)	137
p.(L1191F)	78
p.(L1191P)	71
p.(L1191L)	0
p.(L1191S)	66
p.(L1191T)	63
p.(L1191W)	85
p.(L1191Y)	111
p.(L1191V)	65
p.(N1192A)	81
p.(N1192R)	114
p.(N1192N)	0
p.(N1192D)	70
p.(N1192C)	69
p.(N1192Q)	76
p.(N1192E)	52
p.(N1192G)	30
p.(N1192H)	135
p.(N1192I)	166
p.(N1192K)	171
p.(N1192M)	53
p.(N1192F)	73
p.(N1192P)	73
p.(N1192L)	82
p.(N1192S)	320
p.(N1192T)	159
p.(N1192W)	68
p.(N1192Y)	65
p.(N1192V)	109
p.(M1193A)	87
p.(M1193R)	72
p.(M1193N)	101
p.(M1193D)	61
p.(M1193C)	77
p.(M1193Q)	42
p.(M1193E)	56
p.(M1193G)	134
p.(M1193H)	82
p.(M1193I)	508
p.(M1193K)	111
p.(M1193M)	0
p.(M1193F)	76
p.(M1193P)	65
p.(M1193L)	115
p.(M1193S)	90
p.(M1193T)	117
p.(M1193W)	130
p.(M1193Y)	97
p.(M1193V)	90
p.(V1194A)	78
p.(V1194R)	75
p.(V1194N)	61
p.(V1194D)	97
p.(V1194C)	69
p.(V1194Q)	94
p.(V1194E)	136
p.(V1194G)	131
p.(V1194H)	72
p.(V1194I)	81
p.(V1194K)	78
p.(V1194M)	236
p.(V1194F)	81
p.(V1194P)	97
p.(V1194L)	75
p.(V1194S)	87
p.(V1194T)	44
p.(V1194W)	317
p.(V1194Y)	48
p.(V1194V)	0
p.(A1195A)	0
p.(A1195R)	77
p.(A1195N)	54
p.(A1195D)	169
p.(A1195C)	104
p.(A1195Q)	102
p.(A1195E)	38
p.(A1195G)	67
p.(A1195H)	114
p.(A1195I)	72
p.(A1195K)	64
p.(A1195M)	74
p.(A1195F)	104
p.(A1195P)	317
p.(A1195L)	99
p.(A1195S)	64
p.(A1195T)	46
p.(A1195W)	103
p.(A1195Y)	67
p.(A1195V)	74
p.(Y1196A)	121
p.(Y1196R)	61
p.(Y1196N)	146
p.(Y1196D)	113
p.(Y1196C)	127
p.(Y1196Q)	78
p.(Y1196E)	36
p.(Y1196G)	95
p.(Y1196H)	334
p.(Y1196I)	67
p.(Y1196K)	119
p.(Y1196M)	81
p.(Y1196F)	84
p.(Y1196P)	48
p.(Y1196L)	79
p.(Y1196S)	77
p.(Y1196T)	90
p.(Y1196W)	88
p.(Y1196Y)	0
p.(Y1196V)	65
p.(G1197A)	107
p.(G1197R)	68
p.(G1197N)	66
p.(G1197D)	132
p.(G1197C)	50
p.(G1197Q)	128
p.(G1197E)	271
p.(G1197G)	0
p.(G1197H)	131
p.(G1197I)	86
p.(G1197K)	72
p.(G1197M)	101
p.(G1197F)	121
p.(G1197P)	90
p.(G1197L)	103
p.(G1197S)	82
p.(G1197T)	91
p.(G1197W)	432
p.(G1197Y)	141
p.(G1197V)	107
p.(D1198A)	121
p.(D1198R)	52
p.(D1198N)	99
p.(D1198D)	0
p.(D1198C)	68
p.(D1198Q)	86
p.(D1198E)	116
p.(D1198G)	162
p.(D1198H)	79
p.(D1198I)	79
p.(D1198K)	114
p.(D1198M)	581
p.(D1198F)	117
p.(D1198P)	92
p.(D1198L)	81
p.(D1198S)	69
p.(D1198T)	92
p.(D1198W)	80
p.(D1198Y)	82
p.(D1198V)	80
p.(D1199A)	77
p.(D1199R)	89
p.(D1199N)	90
p.(D1199D)	0
p.(D1199C)	104
p.(D1199Q)	130
p.(D1199E)	110
p.(D1199G)	83
p.(D1199H)	91
p.(D1199I)	56
p.(D1199K)	94
p.(D1199M)	600
p.(D1199F)	106
p.(D1199P)	103
p.(D1199L)	62
p.(D1199S)	83
p.(D1199T)	101
p.(D1199W)	121
p.(D1199Y)	101
p.(D1199V)	76
p.(V1200A)	284
p.(V1200R)	77
p.(V1200N)	58
p.(V1200D)	66
p.(V1200C)	623
p.(V1200Q)	71
p.(V1200E)	74
p.(V1200G)	54
p.(V1200H)	69
p.(V1200I)	109
p.(V1200K)	89
p.(V1200M)	258
p.(V1200F)	111
p.(V1200P)	55
p.(V1200L)	223
p.(V1200S)	41
p.(V1200T)	66
p.(V1200W)	110
p.(V1200Y)	95
p.(V1200V)	0
p.(L1201A)	97
p.(L1201R)	70
p.(L1201N)	63
p.(L1201D)	71
p.(L1201C)	91
p.(L1201Q)	84
p.(L1201E)	62
p.(L1201G)	95
p.(L1201H)	62
p.(L1201I)	141
p.(L1201K)	64
p.(L1201M)	126
p.(L1201F)	146
p.(L1201P)	91
p.(L1201L)	0
p.(L1201S)	79
p.(L1201T)	93
p.(L1201W)	651
p.(L1201Y)	88
p.(L1201V)	74
p.(A1202A)	0
p.(A1202R)	56
p.(A1202N)	108
p.(A1202D)	143
p.(A1202C)	80
p.(A1202Q)	92
p.(A1202E)	49
p.(A1202G)	118
p.(A1202H)	60
p.(A1202I)	61
p.(A1202K)	72
p.(A1202M)	108
p.(A1202F)	53
p.(A1202P)	61
p.(A1202L)	44
p.(A1202S)	107
p.(A1202T)	74
p.(A1202W)	65
p.(A1202Y)	160
p.(A1202V)	298
p.(S1203A)	89
p.(S1203R)	51
p.(S1203N)	186
p.(S1203D)	70
p.(S1203C)	158
p.(S1203Q)	96
p.(S1203E)	75
p.(S1203G)	35
p.(S1203H)	81
p.(S1203I)	161
p.(S1203K)	71
p.(S1203M)	77
p.(S1203F)	91
p.(S1203P)	115
p.(S1203L)	122
p.(S1203S)	0
p.(S1203T)	74
p.(S1203W)	93
p.(S1203Y)	80
p.(S1203V)	767
p.(Y1204A)	72
p.(Y1204R)	91
p.(Y1204N)	85
p.(Y1204D)	122
p.(Y1204C)	110
p.(Y1204Q)	76
p.(Y1204E)	95
p.(Y1204G)	82
p.(Y1204H)	70
p.(Y1204I)	54
p.(Y1204K)	84
p.(Y1204M)	42
p.(Y1204F)	83
p.(Y1204P)	76
p.(Y1204L)	85
p.(Y1204S)	79
p.(Y1204T)	53
p.(Y1204W)	54
p.(Y1204Y)	0
p.(Y1204V)	96
p.(P1205A)	99
p.(P1205R)	75
p.(P1205N)	41
p.(P1205D)	78
p.(P1205C)	104
p.(P1205Q)	60
p.(P1205E)	59
p.(P1205G)	83
p.(P1205H)	75
p.(P1205I)	92
p.(P1205K)	75
p.(P1205M)	65
p.(P1205F)	117
p.(P1205P)	0
p.(P1205L)	332
p.(P1205S)	381
p.(P1205T)	89
p.(P1205W)	99
p.(P1205Y)	119
p.(P1205V)	94
p.(F1206A)	79
p.(F1206R)	68
p.(F1206N)	66
p.(F1206D)	102
p.(F1206C)	71
p.(F1206Q)	61
p.(F1206E)	94
p.(F1206G)	73
p.(F1206H)	76
p.(F1206I)	157
p.(F1206K)	92
p.(F1206M)	67
p.(F1206F)	0
p.(F1206P)	62
p.(F1206L)	89
p.(F1206S)	37
p.(F1206T)	65
p.(F1206W)	104
p.(F1206Y)	121
p.(F1206V)	108
p.(P1207A)	91
p.(P1207R)	97
p.(P1207N)	52
p.(P1207D)	91
p.(P1207C)	97
p.(P1207Q)	57
p.(P1207E)	103
p.(P1207G)	81
p.(P1207H)	71
p.(P1207I)	116
p.(P1207K)	125
p.(P1207M)	104
p.(P1207F)	91
p.(P1207P)	0
p.(P1207L)	129
p.(P1207S)	99
p.(P1207T)	35
p.(P1207W)	94
p.(P1207Y)	77
p.(P1207V)	114
p.(I1208A)	79
p.(I1208R)	36
p.(I1208N)	171
p.(I1208D)	72
p.(I1208C)	114
p.(I1208Q)	112
p.(I1208E)	82
p.(I1208G)	49
p.(I1208H)	47
p.(I1208I)	0
p.(I1208K)	84
p.(I1208M)	118
p.(I1208F)	97
p.(I1208P)	81
p.(I1208L)	91
p.(I1208S)	89
p.(I1208T)	77
p.(I1208W)	47
p.(I1208Y)	78
p.(I1208V)	122
p.(D1209A)	84
p.(D1209R)	70
p.(D1209N)	254
p.(D1209D)	0
p.(D1209C)	81
p.(D1209Q)	88
p.(D1209E)	142
p.(D1209G)	239
p.(D1209H)	93
p.(D1209I)	42
p.(D1209K)	63
p.(D1209M)	77
p.(D1209F)	101
p.(D1209P)	126
p.(D1209L)	92
p.(D1209S)	102
p.(D1209T)	1057
p.(D1209W)	96
p.(D1209Y)	101
p.(D1209V)	157
p.(C1210A)	74
p.(C1210R)	97
p.(C1210N)	70
p.(C1210D)	97
p.(C1210C)	0
p.(C1210Q)	86
p.(C1210E)	80
p.(C1210G)	46
p.(C1210H)	100
p.(C1210I)	90
p.(C1210K)	76
p.(C1210M)	54
p.(C1210F)	109
p.(C1210P)	122
p.(C1210L)	83
p.(C1210S)	155
p.(C1210T)	95
p.(C1210W)	104
p.(C1210Y)	258
p.(C1210V)	66
p.(L1211A)	87
p.(L1211R)	112
p.(L1211N)	99
p.(L1211D)	105
p.(L1211C)	90
p.(L1211Q)	160
p.(L1211E)	93
p.(L1211G)	96
p.(L1211H)	81
p.(L1211I)	74
p.(L1211K)	88
p.(L1211M)	226
p.(L1211F)	100
p.(L1211P)	120
p.(L1211L)	0
p.(L1211S)	81
p.(L1211T)	62
p.(L1211W)	1115
p.(L1211Y)	86
p.(L1211V)	67
p.(E1212A)	99
p.(E1212R)	100
p.(E1212N)	101
p.(E1212D)	114
p.(E1212C)	108
p.(E1212Q)	100
p.(E1212E)	0
p.(E1212G)	163
p.(E1212H)	128
p.(E1212I)	93
p.(E1212K)	229
p.(E1212M)	130
p.(E1212F)	118
p.(E1212P)	101
p.(E1212L)	75
p.(E1212S)	101
p.(E1212T)	109
p.(E1212W)	79
p.(E1212Y)	91
p.(E1212V)	86
p.(L1213A)	89
p.(L1213R)	84
p.(L1213N)	55
p.(L1213D)	94
p.(L1213C)	82
p.(L1213Q)	92
p.(L1213E)	65
p.(L1213G)	147
p.(L1213H)	63
p.(L1213I)	93
p.(L1213K)	69
p.(L1213M)	120
p.(L1213F)	120
p.(L1213P)	120
p.(L1213L)	0
p.(L1213S)	83
p.(L1213T)	88
p.(L1213W)	1267
p.(L1213Y)	93
p.(L1213V)	127
p.(A1214A)	0
p.(A1214R)	69
p.(A1214N)	100
p.(A1214D)	111
p.(A1214C)	89
p.(A1214Q)	62
p.(A1214E)	206
p.(A1214G)	114
p.(A1214H)	79
p.(A1214I)	92
p.(A1214K)	169
p.(A1214M)	105
p.(A1214F)	71
p.(A1214P)	77
p.(A1214L)	70
p.(A1214S)	76
p.(A1214T)	97
p.(A1214W)	100
p.(A1214Y)	100
p.(A1214V)	79
p.(R1215A)	109
p.(R1215R)	0
p.(R1215N)	125
p.(R1215D)	71
p.(R1215C)	59
p.(R1215Q)	115
p.(R1215E)	37
p.(R1215G)	51
p.(R1215H)	106
p.(R1215I)	110
p.(R1215K)	607
p.(R1215M)	154
p.(R1215F)	120
p.(R1215P)	125
p.(R1215L)	127
p.(R1215S)	44
p.(R1215T)	110
p.(R1215W)	87
p.(R1215Y)	128
p.(R1215V)	99
p.(T1216A)	250
p.(T1216R)	99
p.(T1216N)	96
p.(T1216D)	4
p.(T1216C)	97
p.(T1216Q)	141
p.(T1216E)	94
p.(T1216G)	68
p.(T1216H)	69
p.(T1216I)	393
p.(T1216K)	132
p.(T1216M)	51
p.(T1216F)	162
p.(T1216P)	107
p.(T1216L)	94
p.(T1216S)	137
p.(T1216T)	0
p.(T1216W)	88
p.(T1216Y)	82
p.(T1216V)	117
p.(G1217A)	107
p.(G1217R)	100
p.(G1217N)	107
p.(G1217D)	70
p.(G1217C)	344
p.(G1217Q)	103
p.(G1217E)	71
p.(G1217G)	0
p.(G1217H)	103
p.(G1217I)	112
p.(G1217K)	114
p.(G1217M)	86
p.(G1217F)	80
p.(G1217P)	96
p.(G1217L)	97
p.(G1217S)	38
p.(G1217T)	150
p.(G1217W)	44
p.(G1217Y)	93
p.(G1217V)	86
p.(K1218A)	83
p.(K1218R)	94
p.(K1218N)	78
p.(K1218D)	95
p.(K1218C)	80
p.(K1218Q)	82
p.(K1218E)	278
p.(K1218G)	92
p.(K1218H)	84
p.(K1218I)	95
p.(K1218K)	0
p.(K1218M)	124
p.(K1218F)	107
p.(K1218P)	75
p.(K1218L)	111
p.(K1218S)	108
p.(K1218T)	64
p.(K1218W)	118
p.(K1218Y)	77
p.(K1218V)	87
p.(E1219A)	102
p.(E1219R)	94
p.(E1219N)	121
p.(E1219D)	216
p.(E1219C)	85
p.(E1219Q)	106
p.(E1219E)	0
p.(E1219G)	197
p.(E1219H)	82
p.(E1219I)	51
p.(E1219K)	293
p.(E1219M)	83
p.(E1219F)	90
p.(E1219P)	99
p.(E1219L)	120
p.(E1219S)	104
p.(E1219T)	80
p.(E1219W)	74
p.(E1219Y)	112
p.(E1219V)	109
p.(Y1220A)	69
p.(Y1220R)	78
p.(Y1220N)	84
p.(Y1220D)	59
p.(Y1220C)	244
p.(Y1220Q)	84
p.(Y1220E)	51
p.(Y1220G)	49
p.(Y1220H)	246
p.(Y1220I)	83
p.(Y1220K)	99
p.(Y1220M)	1519
p.(Y1220F)	173
p.(Y1220P)	93
p.(Y1220L)	88
p.(Y1220S)	113
p.(Y1220T)	100
p.(Y1220W)	231
p.(Y1220Y)	0
p.(Y1220V)	81
p.(G1221A)	106
p.(G1221R)	57
p.(G1221N)	93
p.(G1221D)	184
p.(G1221C)	58
p.(G1221Q)	93
p.(G1221E)	58
p.(G1221G)	0
p.(G1221H)	56
p.(G1221I)	85
p.(G1221K)	61
p.(G1221M)	91
p.(G1221F)	64
p.(G1221P)	82
p.(G1221L)	56
p.(G1221S)	616
p.(G1221T)	83
p.(G1221W)	205
p.(G1221Y)	40
p.(G1221V)	86
p.(L1222A)	94
p.(L1222R)	161
p.(L1222N)	80
p.(L1222D)	64
p.(L1222C)	67
p.(L1222Q)	231
p.(L1222E)	64
p.(L1222G)	37
p.(L1222H)	131
p.(L1222I)	95
p.(L1222K)	74
p.(L1222M)	103
p.(L1222F)	59
p.(L1222P)	78
p.(L1222L)	0
p.(L1222S)	71
p.(L1222T)	99
p.(L1222W)	83
p.(L1222Y)	85
p.(L1222V)	94
p.(T1223A)	84
p.(T1223R)	81
p.(T1223N)	246
p.(T1223D)	82
p.(T1223C)	86
p.(T1223Q)	117
p.(T1223E)	62
p.(T1223G)	77
p.(T1223H)	63
p.(T1223I)	162
p.(T1223K)	90
p.(T1223M)	141
p.(T1223F)	70
p.(T1223P)	57
p.(T1223L)	114
p.(T1223S)	105
p.(T1223T)	0
p.(T1223W)	100
p.(T1223Y)	84
p.(T1223V)	105
p.(M1224A)	79
p.(M1224R)	82
p.(M1224N)	55
p.(M1224D)	86
p.(M1224C)	52
p.(M1224Q)	61
p.(M1224E)	93
p.(M1224G)	108
p.(M1224H)	86
p.(M1224I)	298
p.(M1224K)	86
p.(M1224M)	0
p.(M1224F)	45
p.(M1224P)	63
p.(M1224L)	89
p.(M1224S)	60
p.(M1224T)	54
p.(M1224W)	88
p.(M1224Y)	175
p.(M1224V)	107
p.(T1225A)	66
p.(T1225R)	39
p.(T1225N)	56
p.(T1225D)	60
p.(T1225C)	71
p.(T1225Q)	72
p.(T1225E)	81
p.(T1225G)	70
p.(T1225H)	64
p.(T1225I)	83
p.(T1225K)	57
p.(T1225M)	84
p.(T1225F)	121
p.(T1225P)	71
p.(T1225L)	31
p.(T1225S)	93
p.(T1225T)	0
p.(T1225W)	53
p.(T1225Y)	84
p.(T1225V)	94
p.(P1226A)	51
p.(P1226R)	40
p.(P1226N)	59
p.(P1226D)	46
p.(P1226C)	259
p.(P1226Q)	52
p.(P1226E)	34
p.(P1226G)	46
p.(P1226H)	248
p.(P1226I)	45
p.(P1226K)	67
p.(P1226M)	49
p.(P1226F)	40
p.(P1226P)	0
p.(P1226L)	27
p.(P1226S)	43
p.(P1226T)	240
p.(P1226W)	45
p.(P1226Y)	33
p.(P1226V)	51
p.(A1227A)	0
p.(A1227R)	251
p.(A1227N)	48
p.(A1227D)	125
p.(A1227C)	29
p.(A1227Q)	45
p.(A1227E)	65
p.(A1227G)	46
p.(A1227H)	58
p.(A1227I)	26
p.(A1227K)	41
p.(A1227M)	58
p.(A1227F)	72
p.(A1227P)	45
p.(A1227L)	34
p.(A1227S)	38
p.(A1227T)	36
p.(A1227W)	48
p.(A1227Y)	31
p.(A1227V)	534
p.(D1228A)	82
p.(D1228R)	44
p.(D1228N)	584
p.(D1228D)	0
p.(D1228C)	54
p.(D1228Q)	272
p.(D1228E)	59
p.(D1228G)	180
p.(D1228H)	88
p.(D1228I)	50
p.(D1228K)	40
p.(D1228M)	53
p.(D1228F)	44
p.(D1228P)	44
p.(D1228L)	59
p.(D1228S)	39
p.(D1228T)	37
p.(D1228W)	50
p.(D1228Y)	410
p.(D1228V)	58
p.(K1229A)	46
p.(K1229R)	53
p.(K1229N)	69
p.(K1229D)	50
p.(K1229C)	56
p.(K1229Q)	246
p.(K1229E)	287
p.(K1229G)	59
p.(K1229H)	19
p.(K1229I)	37
p.(K1229K)	0
p.(K1229M)	109
p.(K1229F)	43
p.(K1229P)	55
p.(K1229L)	45
p.(K1229S)	40
p.(K1229T)	36
p.(K1229W)	56
p.(K1229Y)	65
p.(K1229V)	233
p.(S1230A)	70
p.(S1230R)	42
p.(S1230N)	35
p.(S1230D)	48
p.(S1230C)	53
p.(S1230Q)	49
p.(S1230E)	55
p.(S1230G)	49
p.(S1230H)	379
p.(S1230I)	48
p.(S1230K)	69
p.(S1230M)	51
p.(S1230F)	45
p.(S1230P)	34
p.(S1230L)	45
p.(S1230S)	0
p.(S1230T)	262
p.(S1230W)	42
p.(S1230Y)	44
p.(S1230V)	240
p.(P1231A)	65
p.(P1231R)	62
p.(P1231N)	57
p.(P1231D)	41
p.(P1231C)	58
p.(P1231Q)	55
p.(P1231E)	61
p.(P1231G)	61
p.(P1231H)	199
p.(P1231I)	64
p.(P1231K)	45
p.(P1231M)	57
p.(P1231F)	53
p.(P1231P)	0
p.(P1231L)	316
p.(P1231S)	73
p.(P1231T)	38
p.(P1231W)	49
p.(P1231Y)	37
p.(P1231V)	37
p.(C1232A)	56
p.(C1232R)	59
p.(C1232N)	44
p.(C1232D)	59
p.(C1232C)	0
p.(C1232Q)	51
p.(C1232E)	54
p.(C1232G)	78
p.(C1232H)	52
p.(C1232I)	48
p.(C1232K)	56
p.(C1232M)	33
p.(C1232F)	73
p.(C1232P)	25
p.(C1232L)	58
p.(C1232S)	74
p.(C1232T)	60
p.(C1232W)	76
p.(C1232Y)	35
p.(C1232V)	41
p.(F1233A)	49
p.(F1233R)	40
p.(F1233N)	67
p.(F1233D)	55
p.(F1233C)	35
p.(F1233Q)	27
p.(F1233E)	49
p.(F1233G)	48
p.(F1233H)	25
p.(F1233I)	58
p.(F1233K)	59
p.(F1233M)	57
p.(F1233F)	0
p.(F1233P)	37
p.(F1233L)	27
p.(F1233S)	56
p.(F1233T)	44
p.(F1233W)	83
p.(F1233Y)	49
p.(F1233V)	71
p.(N1234A)	63
p.(N1234R)	53
p.(N1234N)	0
p.(N1234D)	142
p.(N1234C)	53
p.(N1234Q)	61
p.(N1234E)	44
p.(N1234G)	63
p.(N1234H)	67
p.(N1234I)	80
p.(N1234K)	70
p.(N1234M)	554
p.(N1234F)	47
p.(N1234P)	23
p.(N1234L)	46
p.(N1234S)	191
p.(N1234T)	46
p.(N1234W)	31
p.(N1234Y)	122
p.(N1234V)	62
p.(E1235A)	67
p.(E1235R)	27
p.(E1235N)	43
p.(E1235D)	70
p.(E1235C)	47
p.(E1235Q)	45
p.(E1235E)	0
p.(E1235G)	335
p.(E1235H)	39
p.(E1235I)	52
p.(E1235K)	25
p.(E1235M)	47
p.(E1235F)	50
p.(E1235P)	40
p.(E1235L)	33
p.(E1235S)	47
p.(E1235T)	29
p.(E1235W)	48
p.(E1235Y)	40
p.(E1235V)	47
p.(V1236A)	38
p.(V1236R)	56
p.(V1236N)	59
p.(V1236D)	72
p.(V1236C)	27
p.(V1236Q)	38
p.(V1236E)	44
p.(V1236G)	43
p.(V1236H)	64
p.(V1236I)	45
p.(V1236K)	56
p.(V1236M)	47
p.(V1236F)	168
p.(V1236P)	16
p.(V1236L)	37
p.(V1236S)	40
p.(V1236T)	42
p.(V1236W)	63
p.(V1236Y)	62
p.(V1236V)	0
p.(T1237A)	54
p.(T1237R)	43
p.(T1237N)	62
p.(T1237D)	35
p.(T1237C)	46
p.(T1237Q)	37
p.(T1237E)	39
p.(T1237G)	50
p.(T1237H)	34
p.(T1237I)	52
p.(T1237K)	57
p.(T1237M)	57
p.(T1237F)	54
p.(T1237P)	48
p.(T1237L)	39
p.(T1237S)	52
p.(T1237T)	0
p.(T1237W)	54
p.(T1237Y)	49
p.(T1237V)	35
p.(W1238A)	56
p.(W1238R)	37
p.(W1238N)	50
p.(W1238D)	74
p.(W1238C)	284
p.(W1238Q)	30
p.(W1238E)	52
p.(W1238G)	34
p.(W1238H)	23
p.(W1238I)	43
p.(W1238K)	27
p.(W1238M)	73
p.(W1238F)	48
p.(W1238P)	43
p.(W1238L)	40
p.(W1238S)	64
p.(W1238T)	43
p.(W1238W)	0
p.(W1238Y)	59
p.(W1238V)	40
p.(E1239A)	51
p.(E1239R)	792
p.(E1239N)	65
p.(E1239D)	49
p.(E1239C)	53
p.(E1239Q)	49
p.(E1239E)	0
p.(E1239G)	59
p.(E1239H)	54
p.(E1239I)	36
p.(E1239K)	35
p.(E1239M)	31
p.(E1239F)	59
p.(E1239P)	58
p.(E1239L)	43
p.(E1239S)	44
p.(E1239T)	53
p.(E1239W)	60
p.(E1239Y)	52
p.(E1239V)	53
p.(N1240A)	36
p.(N1240R)	34
p.(N1240N)	0
p.(N1240D)	184
p.(N1240C)	67
p.(N1240Q)	51
p.(N1240E)	46
p.(N1240G)	56
p.(N1240H)	64
p.(N1240I)	63
p.(N1240K)	63
p.(N1240M)	820
p.(N1240F)	44
p.(N1240P)	41
p.(N1240L)	51
p.(N1240S)	42
p.(N1240T)	59
p.(N1240W)	75
p.(N1240Y)	82
p.(N1240V)	58
p.(A1241A)	0
p.(A1241R)	36
p.(A1241N)	77
p.(A1241D)	55
p.(A1241C)	81
p.(A1241Q)	67
p.(A1241E)	55
p.(A1241G)	48
p.(A1241H)	52
p.(A1241I)	42
p.(A1241K)	36
p.(A1241M)	30
p.(A1241F)	28
p.(A1241P)	44
p.(A1241L)	58
p.(A1241S)	46
p.(A1241T)	44
p.(A1241W)	25
p.(A1241Y)	53
p.(A1241V)	348
p.(T1242A)	38
p.(T1242R)	69
p.(T1242N)	236
p.(T1242D)	46
p.(T1242C)	45
p.(T1242Q)	43
p.(T1242E)	51
p.(T1242G)	46
p.(T1242H)	72
p.(T1242I)	47
p.(T1242K)	52
p.(T1242M)	58
p.(T1242F)	68
p.(T1242P)	20
p.(T1242L)	46
p.(T1242S)	34
p.(T1242T)	0
p.(T1242W)	42
p.(T1242Y)	59
p.(T1242V)	49
p.(F1243A)	46
p.(F1243R)	46
p.(F1243N)	37
p.(F1243D)	46
p.(F1243C)	52
p.(F1243Q)	45
p.(F1243E)	57
p.(F1243G)	50
p.(F1243H)	41
p.(F1243I)	83
p.(F1243K)	61
p.(F1243M)	47
p.(F1243F)	0
p.(F1243P)	40
p.(F1243L)	33
p.(F1243S)	25
p.(F1243T)	52
p.(F1243W)	34
p.(F1243Y)	85
p.(F1243V)	49
p.(L1244A)	54
p.(L1244R)	30
p.(L1244N)	38
p.(L1244D)	59
p.(L1244C)	53
p.(L1244Q)	42
p.(L1244E)	34
p.(L1244G)	64
p.(L1244H)	27
p.(L1244I)	42
p.(L1244K)	29
p.(L1244M)	81
p.(L1244F)	55
p.(L1244P)	46
p.(L1244L)	0
p.(L1244S)	31
p.(L1244T)	48
p.(L1244W)	63
p.(L1244Y)	49
p.(L1244V)	59
p.(K1245A)	38
p.(K1245R)	34
p.(K1245N)	69
p.(K1245D)	47
p.(K1245C)	53
p.(K1245Q)	63
p.(K1245E)	92
p.(K1245G)	44
p.(K1245H)	46
p.(K1245I)	32
p.(K1245K)	0
p.(K1245M)	79
p.(K1245F)	48
p.(K1245P)	49
p.(K1245L)	50
p.(K1245S)	31
p.(K1245T)	93
p.(K1245W)	37
p.(K1245Y)	41
p.(K1245V)	25
p.(R1246A)	26
p.(R1246R)	0
p.(R1246N)	70
p.(R1246D)	49
p.(R1246C)	46
p.(R1246Q)	45
p.(R1246E)	21
p.(R1246G)	56
p.(R1246H)	53
p.(R1246I)	226
p.(R1246K)	49
p.(R1246M)	34
p.(R1246F)	67
p.(R1246P)	38
p.(R1246L)	43
p.(R1246S)	83
p.(R1246T)	66
p.(R1246W)	60
p.(R1246Y)	59
p.(R1246V)	27
p.(G1247A)	38
p.(G1247R)	3
p.(G1247N)	76
p.(G1247D)	76
p.(G1247C)	35
p.(G1247Q)	56
p.(G1247E)	67
p.(G1247G)	0
p.(G1247H)	61
p.(G1247I)	72
p.(G1247K)	51
p.(G1247M)	60
p.(G1247F)	60
p.(G1247P)	86
p.(G1247L)	63
p.(G1247S)	66
p.(G1247T)	88
p.(G1247W)	43
p.(G1247Y)	56
p.(G1247V)	48
p.(F1248A)	39
p.(F1248R)	50
p.(F1248N)	50
p.(F1248D)	52
p.(F1248C)	63
p.(F1248Q)	52
p.(F1248E)	58
p.(F1248G)	30
p.(F1248H)	31
p.(F1248I)	84
p.(F1248K)	43
p.(F1248M)	67
p.(F1248F)	0
p.(F1248P)	44
p.(F1248L)	61
p.(F1248S)	58
p.(F1248T)	25
p.(F1248W)	56
p.(F1248Y)	48
p.(F1248V)	46
p.(L1249A)	47
p.(L1249R)	60
p.(L1249N)	57
p.(L1249D)	55
p.(L1249C)	221
p.(L1249Q)	56
p.(L1249E)	38
p.(L1249G)	54
p.(L1249H)	28
p.(L1249I)	47
p.(L1249K)	53
p.(L1249M)	91
p.(L1249F)	213
p.(L1249P)	39
p.(L1249L)	0
p.(L1249S)	92
p.(L1249T)	68
p.(L1249W)	74
p.(L1249Y)	55
p.(L1249V)	29
p.(P1250A)	116
p.(P1250R)	44
p.(P1250N)	50
p.(P1250D)	41
p.(P1250C)	67
p.(P1250Q)	42
p.(P1250E)	37
p.(P1250G)	60
p.(P1250H)	243
p.(P1250I)	35
p.(P1250K)	56
p.(P1250M)	86
p.(P1250F)	48
p.(P1250P)	0
p.(P1250L)	20
p.(P1250S)	65
p.(P1250T)	164
p.(P1250W)	49
p.(P1250Y)	24
p.(P1250V)	65
p.(D1251A)	37
p.(D1251R)	35
p.(D1251N)	56
p.(D1251D)	0
p.(D1251C)	45
p.(D1251Q)	30
p.(D1251E)	79
p.(D1251G)	49
p.(D1251H)	50
p.(D1251I)	291
p.(D1251K)	30
p.(D1251M)	32
p.(D1251F)	41
p.(D1251P)	26
p.(D1251L)	31
p.(D1251S)	32
p.(D1251T)	50
p.(D1251W)	68
p.(D1251Y)	44
p.(D1251V)	65
p.(H1252A)	46
p.(H1252R)	46
p.(H1252N)	149
p.(H1252D)	35
p.(H1252C)	39
p.(H1252Q)	90
p.(H1252E)	51
p.(H1252G)	38
p.(H1252H)	0
p.(H1252I)	25
p.(H1252K)	53
p.(H1252M)	42
p.(H1252F)	35
p.(H1252P)	55
p.(H1252L)	91
p.(H1252S)	46
p.(H1252T)	34
p.(H1252W)	79
p.(H1252Y)	25
p.(H1252V)	45
p.(Q1253A)	51
p.(Q1253R)	73
p.(Q1253N)	53
p.(Q1253D)	36
p.(Q1253C)	32
p.(Q1253Q)	0
p.(Q1253E)	57
p.(Q1253G)	61
p.(Q1253H)	117
p.(Q1253I)	38
p.(Q1253K)	277
p.(Q1253M)	51
p.(Q1253F)	34
p.(Q1253P)	36
p.(Q1253L)	15
p.(Q1253S)	61
p.(Q1253T)	82
p.(Q1253W)	65
p.(Q1253Y)	35
p.(Q1253V)	43
p.(F1254A)	63
p.(F1254R)	58
p.(F1254N)	73
p.(F1254D)	49
p.(F1254C)	70
p.(F1254Q)	46
p.(F1254E)	34
p.(F1254G)	46
p.(F1254H)	69
p.(F1254I)	44
p.(F1254K)	32
p.(F1254M)	60
p.(F1254F)	0
p.(F1254P)	79
p.(F1254L)	216
p.(F1254S)	59
p.(F1254T)	45
p.(F1254W)	70
p.(F1254Y)	84
p.(F1254V)	38
p.(P1255A)	50
p.(P1255R)	81
p.(P1255N)	50
p.(P1255D)	42
p.(P1255C)	36
p.(P1255Q)	75
p.(P1255E)	79
p.(P1255G)	67
p.(P1255H)	59
p.(P1255I)	67
p.(P1255K)	60
p.(P1255M)	60
p.(P1255F)	30
p.(P1255P)	0
p.(P1255L)	56
p.(P1255S)	27
p.(P1255T)	198
p.(P1255W)	48
p.(P1255Y)	53
p.(P1255V)	76
p.(F1256A)	43
p.(F1256R)	78
p.(F1256N)	65
p.(F1256D)	67
p.(F1256C)	64
p.(F1256Q)	63
p.(F1256E)	34
p.(F1256G)	58
p.(F1256H)	54
p.(F1256I)	68
p.(F1256K)	59
p.(F1256M)	63
p.(F1256F)	0
p.(F1256P)	59
p.(F1256L)	66
p.(F1256S)	57
p.(F1256T)	82
p.(F1256W)	45
p.(F1256Y)	47
p.(F1256V)	44
p.(L1257A)	52
p.(L1257R)	61
p.(L1257N)	84
p.(L1257D)	61
p.(L1257C)	76
p.(L1257Q)	43
p.(L1257E)	50
p.(L1257G)	80
p.(L1257H)	72
p.(L1257I)	4
p.(L1257K)	229
p.(L1257M)	291
p.(L1257F)	320
p.(L1257P)	77
p.(L1257L)	0
p.(L1257S)	422
p.(L1257T)	66
p.(L1257W)	77
p.(L1257Y)	67
p.(L1257V)	64
p.(I1258A)	46
p.(I1258R)	63
p.(I1258N)	43
p.(I1258D)	38
p.(I1258C)	60
p.(I1258Q)	61
p.(I1258E)	62
p.(I1258G)	62
p.(I1258H)	80
p.(I1258I)	0
p.(I1258K)	167
p.(I1258M)	71
p.(I1258F)	56
p.(I1258P)	74
p.(I1258L)	66
p.(I1258S)	60
p.(I1258T)	284
p.(I1258W)	42
p.(I1258Y)	42
p.(I1258V)	58
p.(H1259A)	161
p.(H1259R)	59
p.(H1259N)	62
p.(H1259D)	75
p.(H1259C)	45
p.(H1259Q)	131
p.(H1259E)	72
p.(H1259G)	78
p.(H1259H)	0
p.(H1259I)	50
p.(H1259K)	53
p.(H1259M)	58
p.(H1259F)	71
p.(H1259P)	62
p.(H1259L)	30
p.(H1259S)	57
p.(H1259T)	38
p.(H1259W)	75
p.(H1259Y)	537
p.(H1259V)	78
p.(P1260A)	98
p.(P1260R)	77
p.(P1260N)	40
p.(P1260D)	61
p.(P1260C)	57
p.(P1260Q)	48
p.(P1260E)	64
p.(P1260G)	57
p.(P1260H)	238
p.(P1260I)	86
p.(P1260K)	52
p.(P1260M)	69
p.(P1260F)	59
p.(P1260P)	0
p.(P1260L)	67
p.(P1260S)	37
p.(P1260T)	56
p.(P1260W)	65
p.(P1260Y)	129
p.(P1260V)	61
p.(T1261A)	40
p.(T1261R)	25
p.(T1261N)	45
p.(T1261D)	41
p.(T1261C)	76
p.(T1261Q)	31
p.(T1261E)	41
p.(T1261G)	76
p.(T1261H)	52
p.(T1261I)	44
p.(T1261K)	56
p.(T1261M)	461
p.(T1261F)	26
p.(T1261P)	61
p.(T1261L)	42
p.(T1261S)	36
p.(T1261T)	0
p.(T1261W)	51
p.(T1261Y)	58
p.(T1261V)	50
p.(M1262A)	44
p.(M1262R)	44
p.(M1262N)	47
p.(M1262D)	91
p.(M1262C)	50
p.(M1262Q)	40
p.(M1262E)	41
p.(M1262G)	33
p.(M1262H)	50
p.(M1262I)	465
p.(M1262K)	49
p.(M1262M)	0
p.(M1262F)	50
p.(M1262P)	63
p.(M1262L)	49
p.(M1262S)	33
p.(M1262T)	276
p.(M1262W)	55
p.(M1262Y)	41
p.(M1262V)	31
p.(P1263A)	72
p.(P1263R)	58
p.(P1263N)	55
p.(P1263D)	41
p.(P1263C)	44
p.(P1263Q)	1015
p.(P1263E)	45
p.(P1263G)	44
p.(P1263H)	34
p.(P1263I)	58
p.(P1263K)	56
p.(P1263M)	48
p.(P1263F)	42
p.(P1263P)	0
p.(P1263L)	85
p.(P1263S)	534
p.(P1263T)	29
p.(P1263W)	78
p.(P1263Y)	53
p.(P1263V)	65
p.(M1264A)	48
p.(M1264R)	48
p.(M1264N)	64
p.(M1264D)	48
p.(M1264C)	50
p.(M1264Q)	33
p.(M1264E)	160
p.(M1264G)	52
p.(M1264H)	40
p.(M1264I)	473
p.(M1264K)	96
p.(M1264M)	0
p.(M1264F)	55
p.(M1264P)	25
p.(M1264L)	58
p.(M1264S)	49
p.(M1264T)	53
p.(M1264W)	42
p.(M1264Y)	30
p.(M1264V)	46
p.(R1265A)	48
p.(R1265R)	0
p.(R1265N)	89
p.(R1265D)	61
p.(R1265C)	25
p.(R1265Q)	56
p.(R1265E)	132
p.(R1265G)	183
p.(R1265H)	61
p.(R1265I)	56
p.(R1265K)	286
p.(R1265M)	379
p.(R1265F)	58
p.(R1265P)	50
p.(R1265L)	114
p.(R1265S)	56
p.(R1265T)	49
p.(R1265W)	146
p.(R1265Y)	55
p.(R1265V)	55
p.(E1266A)	61
p.(E1266R)	121
p.(E1266N)	50
p.(E1266D)	83
p.(E1266C)	49
p.(E1266Q)	82
p.(E1266E)	0
p.(E1266G)	61
p.(E1266H)	56
p.(E1266I)	53
p.(E1266K)	303
p.(E1266M)	72
p.(E1266F)	68
p.(E1266P)	56
p.(E1266L)	55
p.(E1266S)	32
p.(E1266T)	71
p.(E1266W)	64
p.(E1266Y)	66
p.(E1266V)	89
p.(I1267A)	19
p.(I1267R)	40
p.(I1267N)	52
p.(I1267D)	32
p.(I1267C)	47
p.(I1267Q)	25
p.(I1267E)	56
p.(I1267G)	50
p.(I1267H)	59
p.(I1267I)	0
p.(I1267K)	56
p.(I1267M)	71
p.(I1267F)	211
p.(I1267P)	26
p.(I1267L)	68
p.(I1267S)	33
p.(I1267T)	4
p.(I1267W)	70
p.(I1267Y)	56
p.(I1267V)	31
p.(H1268A)	47
p.(H1268R)	48
p.(H1268N)	291
p.(H1268D)	55
p.(H1268C)	42
p.(H1268Q)	113
p.(H1268E)	42
p.(H1268G)	63
p.(H1268H)	0
p.(H1268I)	180
p.(H1268K)	60
p.(H1268M)	50
p.(H1268F)	74
p.(H1268P)	76
p.(H1268L)	94
p.(H1268S)	19
p.(H1268T)	217
p.(H1268W)	56
p.(H1268Y)	685
p.(H1268V)	29
p.(E1269A)	55
p.(E1269R)	52
p.(E1269N)	262
p.(E1269D)	108
p.(E1269C)	36
p.(E1269Q)	64
p.(E1269E)	0
p.(E1269G)	159
p.(E1269H)	38
p.(E1269I)	77
p.(E1269K)	47
p.(E1269M)	55
p.(E1269F)	86
p.(E1269P)	60
p.(E1269L)	65
p.(E1269S)	78
p.(E1269T)	40
p.(E1269W)	55
p.(E1269Y)	47
p.(E1269V)	30
p.(S1270A)	78
p.(S1270R)	67
p.(S1270N)	50
p.(S1270D)	58
p.(S1270C)	101
p.(S1270Q)	40
p.(S1270E)	55
p.(S1270G)	72
p.(S1270H)	39
p.(S1270I)	162
p.(S1270K)	43
p.(S1270M)	49
p.(S1270F)	79
p.(S1270P)	377
p.(S1270L)	89
p.(S1270S)	0
p.(S1270T)	71
p.(S1270W)	183
p.(S1270Y)	44
p.(S1270V)	50
p.(I1271A)	82
p.(I1271R)	34
p.(I1271N)	99
p.(I1271D)	62
p.(I1271C)	33
p.(I1271Q)	62
p.(I1271E)	33
p.(I1271G)	49
p.(I1271H)	183
p.(I1271I)	0
p.(I1271K)	238
p.(I1271M)	71
p.(I1271F)	98
p.(I1271P)	48
p.(I1271L)	44
p.(I1271S)	50
p.(I1271T)	42
p.(I1271W)	59
p.(I1271Y)	37
p.(I1271V)	55
p.(R1272A)	36
p.(R1272R)	0
p.(R1272N)	48
p.(R1272D)	44
p.(R1272C)	49
p.(R1272Q)	138
p.(R1272E)	57
p.(R1272G)	49
p.(R1272H)	35
p.(R1272I)	50
p.(R1272K)	53
p.(R1272M)	48
p.(R1272F)	53
p.(R1272P)	69
p.(R1272L)	186
p.(R1272S)	306
p.(R1272T)	53
p.(R1272W)	28
p.(R1272Y)	56
p.(R1272V)	354
p.(W1273A)	51
p.(W1273R)	50
p.(W1273N)	204
p.(W1273D)	205
p.(W1273C)	76
p.(W1273Q)	63
p.(W1273E)	37
p.(W1273G)	76
p.(W1273H)	61
p.(W1273I)	51
p.(W1273K)	78
p.(W1273M)	53
p.(W1273F)	61
p.(W1273P)	31
p.(W1273L)	73
p.(W1273S)	49
p.(W1273T)	24
p.(W1273W)	0
p.(W1273Y)	79
p.(W1273V)	34
p.(T1274A)	65
p.(T1274R)	41
p.(T1274N)	122
p.(T1274D)	182
p.(T1274C)	57
p.(T1274Q)	341
p.(T1274E)	62
p.(T1274G)	62
p.(T1274H)	45
p.(T1274I)	41
p.(T1274K)	86
p.(T1274M)	40
p.(T1274F)	79
p.(T1274P)	565
p.(T1274L)	52
p.(T1274S)	80
p.(T1274T)	0
p.(T1274W)	52
p.(T1274Y)	57
p.(T1274V)	54
p.(K1275A)	57
p.(K1275R)	402
p.(K1275N)	99
p.(K1275D)	47
p.(K1275C)	68
p.(K1275Q)	220
p.(K1275E)	59
p.(K1275G)	44
p.(K1275H)	67
p.(K1275I)	76
p.(K1275K)	0
p.(K1275M)	85
p.(K1275F)	74
p.(K1275P)	119
p.(K1275L)	67
p.(K1275S)	40
p.(K1275T)	48
p.(K1275W)	82
p.(K1275Y)	44
p.(K1275V)	40
p.(D1276A)	46
p.(D1276R)	53
p.(D1276N)	335
p.(D1276D)	0
p.(D1276C)	230
p.(D1276Q)	51
p.(D1276E)	67
p.(D1276G)	62
p.(D1276H)	41
p.(D1276I)	61
p.(D1276K)	51
p.(D1276M)	635
p.(D1276F)	82
p.(D1276P)	42
p.(D1276L)	76
p.(D1276S)	55
p.(D1276T)	36
p.(D1276W)	63
p.(D1276Y)	48
p.(D1276V)	21
p.(A1277A)	0
p.(A1277R)	64
p.(A1277N)	52
p.(A1277D)	35
p.(A1277C)	43
p.(A1277Q)	70
p.(A1277E)	230
p.(A1277G)	84
p.(A1277H)	35
p.(A1277I)	64
p.(A1277K)	75
p.(A1277M)	31
p.(A1277F)	52
p.(A1277P)	73
p.(A1277L)	49
p.(A1277S)	63
p.(A1277T)	40
p.(A1277W)	42
p.(A1277Y)	68
p.(A1277V)	51
p.(R1278A)	42
p.(R1278R)	0
p.(R1278N)	49
p.(R1278D)	57
p.(R1278C)	65
p.(R1278Q)	2104
p.(R1278E)	40
p.(R1278G)	56
p.(R1278H)	35
p.(R1278I)	78
p.(R1278K)	248
p.(R1278M)	46
p.(R1278F)	65
p.(R1278P)	47
p.(R1278L)	110
p.(R1278S)	44
p.(R1278T)	44
p.(R1278W)	57
p.(R1278Y)	40
p.(R1278V)	45
p.(S1279A)	69
p.(S1279R)	70
p.(S1279N)	210
p.(S1279D)	59
p.(S1279C)	45
p.(S1279Q)	80
p.(S1279E)	38
p.(S1279G)	43
p.(S1279H)	71
p.(S1279I)	35
p.(S1279K)	216
p.(S1279M)	74
p.(S1279F)	35
p.(S1279P)	84
p.(S1279L)	66
p.(S1279S)	0
p.(S1279T)	48
p.(S1279W)	192
p.(S1279Y)	54
p.(S1279V)	57
p.(T1280A)	39
p.(T1280R)	46
p.(T1280N)	107
p.(T1280D)	21
p.(T1280C)	44
p.(T1280Q)	32
p.(T1280E)	68
p.(T1280G)	44
p.(T1280H)	46
p.(T1280I)	160
p.(T1280K)	57
p.(T1280M)	46
p.(T1280F)	79
p.(T1280P)	66
p.(T1280L)	21
p.(T1280S)	274
p.(T1280T)	0
p.(T1280W)	40
p.(T1280Y)	33
p.(T1280V)	48
p.(Q1281A)	68
p.(Q1281R)	35
p.(Q1281N)	68
p.(Q1281D)	29
p.(Q1281C)	67
p.(Q1281Q)	0
p.(Q1281E)	55
p.(Q1281G)	40
p.(Q1281H)	68
p.(Q1281I)	78
p.(Q1281K)	805
p.(Q1281M)	59
p.(Q1281F)	68
p.(Q1281P)	46
p.(Q1281L)	40
p.(Q1281S)	41
p.(Q1281T)	48
p.(Q1281W)	48
p.(Q1281Y)	39
p.(Q1281V)	63
p.(D1282A)	62
p.(D1282R)	65
p.(D1282N)	68
p.(D1282D)	0
p.(D1282C)	45
p.(D1282Q)	57
p.(D1282E)	98
p.(D1282G)	189
p.(D1282H)	38
p.(D1282I)	847
p.(D1282K)	71
p.(D1282M)	46
p.(D1282F)	52
p.(D1282P)	61
p.(D1282L)	59
p.(D1282S)	43
p.(D1282T)	55
p.(D1282W)	38
p.(D1282Y)	159
p.(D1282V)	30
p.(H1283A)	48
p.(H1283R)	40
p.(H1283N)	49
p.(H1283D)	67
p.(H1283C)	54
p.(H1283Q)	1192
p.(H1283E)	28
p.(H1283G)	73
p.(H1283H)	0
p.(H1283I)	66
p.(H1283K)	60
p.(H1283M)	50
p.(H1283F)	134
p.(H1283P)	66
p.(H1283L)	87
p.(H1283S)	54
p.(H1283T)	47
p.(H1283W)	40
p.(H1283Y)	367
p.(H1283V)	42
p.(V1284A)	59
p.(V1284R)	39
p.(V1284N)	53
p.(V1284D)	24
p.(V1284C)	950
p.(V1284Q)	61
p.(V1284E)	91
p.(V1284G)	59
p.(V1284H)	25
p.(V1284I)	42
p.(V1284K)	49
p.(V1284M)	443
p.(V1284F)	44
p.(V1284P)	35
p.(V1284L)	33
p.(V1284S)	59
p.(V1284T)	59
p.(V1284W)	42
p.(V1284Y)	72
p.(V1284V)	0
p.(R1285A)	45
p.(R1285R)	0
p.(R1285N)	26
p.(R1285D)	24
p.(R1285C)	679
p.(R1285Q)	45
p.(R1285E)	60
p.(R1285G)	56
p.(R1285H)	666
p.(R1285I)	61
p.(R1285K)	35
p.(R1285M)	47
p.(R1285F)	43
p.(R1285P)	49
p.(R1285L)	55
p.(R1285S)	72
p.(R1285T)	67
p.(R1285W)	62
p.(R1285Y)	113
p.(R1285V)	59
p.(S1286A)	44
p.(S1286R)	45
p.(S1286N)	70
p.(S1286D)	66
p.(S1286C)	78
p.(S1286Q)	73
p.(S1286E)	85
p.(S1286G)	23
p.(S1286H)	37
p.(S1286I)	45
p.(S1286K)	50
p.(S1286M)	43
p.(S1286F)	57
p.(S1286P)	57
p.(S1286L)	61
p.(S1286S)	0
p.(S1286T)	64
p.(S1286W)	77
p.(S1286Y)	280
p.(S1286V)	92
p.(L1287A)	72
p.(L1287R)	89
p.(L1287N)	55
p.(L1287D)	13
p.(L1287C)	87
p.(L1287Q)	24
p.(L1287E)	72
p.(L1287G)	54
p.(L1287H)	44
p.(L1287I)	87
p.(L1287K)	45
p.(L1287M)	66
p.(L1287F)	278
p.(L1287P)	343
p.(L1287L)	0
p.(L1287S)	57
p.(L1287T)	26
p.(L1287W)	43
p.(L1287Y)	58
p.(L1287V)	70
p.(C1288A)	59
p.(C1288R)	89
p.(C1288N)	63
p.(C1288D)	51
p.(C1288C)	0
p.(C1288Q)	48
p.(C1288E)	47
p.(C1288G)	45
p.(C1288H)	31
p.(C1288I)	55
p.(C1288K)	33
p.(C1288M)	62
p.(C1288F)	209
p.(C1288P)	56
p.(C1288L)	58
p.(C1288S)	45
p.(C1288T)	49
p.(C1288W)	80
p.(C1288Y)	393
p.(C1288V)	49
p.(L1289A)	65
p.(L1289R)	45
p.(L1289N)	62
p.(L1289D)	76
p.(L1289C)	53
p.(L1289Q)	59
p.(L1289E)	70
p.(L1289G)	73
p.(L1289H)	68
p.(L1289I)	281
p.(L1289K)	33
p.(L1289M)	50
p.(L1289F)	70
p.(L1289P)	72
p.(L1289L)	0
p.(L1289S)	70
p.(L1289T)	33
p.(L1289W)	57
p.(L1289Y)	48
p.(L1289V)	41
p.(L1290A)	67
p.(L1290R)	57
p.(L1290N)	85
p.(L1290D)	48
p.(L1290C)	47
p.(L1290Q)	32
p.(L1290E)	36
p.(L1290G)	49
p.(L1290H)	92
p.(L1290I)	68
p.(L1290K)	98
p.(L1290M)	86
p.(L1290F)	111
p.(L1290P)	54
p.(L1290L)	0
p.(L1290S)	41
p.(L1290T)	31
p.(L1290W)	42
p.(L1290Y)	52
p.(L1290V)	51
p.(A1291A)	0
p.(A1291R)	39
p.(A1291N)	53
p.(A1291D)	54
p.(A1291C)	33
p.(A1291Q)	38
p.(A1291E)	102
p.(A1291G)	42
p.(A1291H)	29
p.(A1291I)	58
p.(A1291K)	65
p.(A1291M)	272
p.(A1291F)	23
p.(A1291P)	43
p.(A1291L)	39
p.(A1291S)	257
p.(A1291T)	59
p.(A1291W)	48
p.(A1291Y)	34
p.(A1291V)	473
p.(W1292A)	58
p.(W1292R)	40
p.(W1292N)	45
p.(W1292D)	67
p.(W1292C)	190
p.(W1292Q)	68
p.(W1292E)	48
p.(W1292G)	69
p.(W1292H)	47
p.(W1292I)	75
p.(W1292K)	49
p.(W1292M)	233
p.(W1292F)	51
p.(W1292P)	43
p.(W1292L)	28
p.(W1292S)	29
p.(W1292T)	35
p.(W1292W)	0
p.(W1292Y)	36
p.(W1292V)	44
p.(H1293A)	68
p.(H1293R)	101
p.(H1293N)	91
p.(H1293D)	74
p.(H1293C)	26
p.(H1293Q)	365
p.(H1293E)	57
p.(H1293G)	42
p.(H1293H)	0
p.(H1293I)	64
p.(H1293K)	81
p.(H1293M)	25
p.(H1293F)	58
p.(H1293P)	51
p.(H1293L)	57
p.(H1293S)	48
p.(H1293T)	54
p.(H1293W)	60
p.(H1293Y)	524
p.(H1293V)	46
p.(N1294A)	66
p.(N1294R)	74
p.(N1294N)	0
p.(N1294D)	67
p.(N1294C)	62
p.(N1294Q)	226
p.(N1294E)	60
p.(N1294G)	46
p.(N1294H)	56
p.(N1294I)	92
p.(N1294K)	100
p.(N1294M)	47
p.(N1294F)	44
p.(N1294P)	30
p.(N1294L)	43
p.(N1294S)	74
p.(N1294T)	76
p.(N1294W)	24
p.(N1294Y)	69
p.(N1294V)	40
p.(G1295A)	50
p.(G1295R)	26
p.(G1295N)	43
p.(G1295D)	46
p.(G1295C)	55
p.(G1295Q)	27
p.(G1295E)	380
p.(G1295G)	0
p.(G1295H)	60
p.(G1295I)	45
p.(G1295K)	34
p.(G1295M)	70
p.(G1295F)	39
p.(G1295P)	29
p.(G1295L)	41
p.(G1295S)	49
p.(G1295T)	43
p.(G1295W)	491
p.(G1295Y)	54
p.(G1295V)	51
p.(K1296A)	83
p.(K1296R)	59
p.(K1296N)	114
p.(K1296D)	68
p.(K1296C)	38
p.(K1296Q)	53
p.(K1296E)	489
p.(K1296G)	54
p.(K1296H)	41
p.(K1296I)	82
p.(K1296K)	0
p.(K1296M)	47
p.(K1296F)	67
p.(K1296P)	39
p.(K1296L)	77
p.(K1296S)	47
p.(K1296T)	66
p.(K1296W)	71
p.(K1296Y)	55
p.(K1296V)	63
p.(E1297A)	59
p.(E1297R)	51
p.(E1297N)	40
p.(E1297D)	73
p.(E1297C)	44
p.(E1297Q)	125
p.(E1297E)	0
p.(E1297G)	57
p.(E1297H)	32
p.(E1297I)	55
p.(E1297K)	300
p.(E1297M)	67
p.(E1297F)	84
p.(E1297P)	46
p.(E1297L)	80
p.(E1297S)	81
p.(E1297T)	45
p.(E1297W)	43
p.(E1297Y)	59
p.(E1297V)	102
p.(E1298A)	44
p.(E1298R)	69
p.(E1298N)	76
p.(E1298D)	46
p.(E1298C)	66
p.(E1298Q)	58
p.(E1298E)	0
p.(E1298G)	132
p.(E1298H)	52
p.(E1298I)	65
p.(E1298K)	401
p.(E1298M)	67
p.(E1298F)	67
p.(E1298P)	22
p.(E1298L)	50
p.(E1298S)	43
p.(E1298T)	55
p.(E1298W)	76
p.(E1298Y)	57
p.(E1298V)	58
p.(Y1299A)	43
p.(Y1299R)	45
p.(Y1299N)	116
p.(Y1299D)	65
p.(Y1299C)	156
p.(Y1299Q)	53
p.(Y1299E)	22
p.(Y1299G)	73
p.(Y1299H)	192
p.(Y1299I)	57
p.(Y1299K)	52
p.(Y1299M)	564
p.(Y1299F)	51
p.(Y1299P)	27
p.(Y1299L)	49
p.(Y1299S)	88
p.(Y1299T)	65
p.(Y1299W)	44
p.(Y1299Y)	0
p.(Y1299V)	240
p.(E1300A)	39
p.(E1300R)	62
p.(E1300N)	32
p.(E1300D)	52
p.(E1300C)	61
p.(E1300Q)	52
p.(E1300E)	0
p.(E1300G)	79
p.(E1300H)	42
p.(E1300I)	51
p.(E1300K)	2098
p.(E1300M)	68
p.(E1300F)	73
p.(E1300P)	31
p.(E1300L)	49
p.(E1300S)	69
p.(E1300T)	50
p.(E1300W)	63
p.(E1300Y)	62
p.(E1300V)	40
p.(K1301A)	78
p.(K1301R)	64
p.(K1301N)	67
p.(K1301D)	44
p.(K1301C)	65
p.(K1301Q)	98
p.(K1301E)	230
p.(K1301G)	58
p.(K1301H)	45
p.(K1301I)	90
p.(K1301K)	0
p.(K1301M)	73
p.(K1301F)	66
p.(K1301P)	38
p.(K1301L)	100
p.(K1301S)	55
p.(K1301T)	54
p.(K1301W)	38
p.(K1301Y)	62
p.(K1301V)	41
p.(F1302A)	55
p.(F1302R)	28
p.(F1302N)	43
p.(F1302D)	63
p.(F1302C)	102
p.(F1302Q)	44
p.(F1302E)	53
p.(F1302G)	43
p.(F1302H)	73
p.(F1302I)	46
p.(F1302K)	36
p.(F1302M)	30
p.(F1302F)	0
p.(F1302P)	69
p.(F1302L)	30
p.(F1302S)	65
p.(F1302T)	40
p.(F1302W)	71
p.(F1302Y)	97
p.(F1302V)	82
p.(V1303A)	59
p.(V1303R)	34
p.(V1303N)	53
p.(V1303D)	74
p.(V1303C)	114
p.(V1303Q)	53
p.(V1303E)	171
p.(V1303G)	82
p.(V1303H)	25
p.(V1303I)	61
p.(V1303K)	15
p.(V1303M)	210
p.(V1303F)	29
p.(V1303P)	28
p.(V1303L)	62
p.(V1303S)	81
p.(V1303T)	51
p.(V1303W)	112
p.(V1303Y)	37
p.(V1303V)	0
p.(S1304A)	74
p.(S1304R)	86
p.(S1304N)	81
p.(S1304D)	53
p.(S1304C)	289
p.(S1304Q)	53
p.(S1304E)	137
p.(S1304G)	64
p.(S1304H)	42
p.(S1304I)	42
p.(S1304K)	67
p.(S1304M)	69
p.(S1304F)	75
p.(S1304P)	39
p.(S1304L)	63
p.(S1304S)	0
p.(S1304T)	34
p.(S1304W)	74
p.(S1304Y)	95
p.(S1304V)	80
p.(A1305A)	0
p.(A1305R)	72
p.(A1305N)	112
p.(A1305D)	101
p.(A1305C)	20
p.(A1305Q)	40
p.(A1305E)	75
p.(A1305G)	49
p.(A1305H)	39
p.(A1305I)	64
p.(A1305K)	74
p.(A1305M)	67
p.(A1305F)	73
p.(A1305P)	66
p.(A1305L)	68
p.(A1305S)	63
p.(A1305T)	60
p.(A1305W)	73
p.(A1305Y)	42
p.(A1305V)	60
p.(I1306A)	77
p.(I1306R)	43
p.(I1306N)	180
p.(I1306D)	37
p.(I1306C)	84
p.(I1306Q)	117
p.(I1306E)	60
p.(I1306G)	59
p.(I1306H)	29
p.(I1306I)	0
p.(I1306K)	27
p.(I1306M)	93
p.(I1306F)	54
p.(I1306P)	18
p.(I1306L)	68
p.(I1306S)	70
p.(I1306T)	61
p.(I1306W)	54
p.(I1306Y)	99
p.(I1306V)	89
p.(R1307A)	60
p.(R1307R)	0
p.(R1307N)	31
p.(R1307D)	40
p.(R1307C)	39
p.(R1307Q)	75
p.(R1307E)	67
p.(R1307G)	45
p.(R1307H)	54
p.(R1307I)	281
p.(R1307K)	92
p.(R1307M)	88
p.(R1307F)	60
p.(R1307P)	55
p.(R1307L)	53
p.(R1307S)	53
p.(R1307T)	65
p.(R1307W)	56
p.(R1307Y)	67
p.(R1307V)	1
p.(S1308A)	44
p.(S1308R)	89
p.(S1308N)	66
p.(S1308D)	7
p.(S1308C)	16
p.(S1308Q)	239
p.(S1308E)	90
p.(S1308G)	63
p.(S1308H)	61
p.(S1308I)	106
p.(S1308K)	57
p.(S1308M)	72
p.(S1308F)	53
p.(S1308P)	99
p.(S1308L)	82
p.(S1308S)	0
p.(S1308T)	140
p.(S1308W)	62
p.(S1308Y)	40
p.(S1308V)	112
p.(V1309A)	78
p.(V1309R)	80
p.(V1309N)	54
p.(V1309D)	227
p.(V1309C)	82
p.(V1309Q)	48
p.(V1309E)	61
p.(V1309G)	57
p.(V1309H)	57
p.(V1309I)	69
p.(V1309K)	49
p.(V1309M)	87
p.(V1309F)	310
p.(V1309P)	54
p.(V1309L)	57
p.(V1309S)	71
p.(V1309T)	89
p.(V1309W)	157
p.(V1309Y)	45
p.(V1309V)	0
p.(P1310A)	151
p.(P1310R)	77
p.(P1310N)	196
p.(P1310D)	70
p.(P1310C)	101
p.(P1310Q)	78
p.(P1310E)	87
p.(P1310G)	55
p.(P1310H)	48
p.(P1310I)	92
p.(P1310K)	43
p.(P1310M)	67
p.(P1310F)	76
p.(P1310P)	0
p.(P1310L)	63
p.(P1310S)	204
p.(P1310T)	376
p.(P1310W)	64
p.(P1310Y)	72
p.(P1310V)	27
p.(I1311A)	86
p.(I1311R)	103
p.(I1311N)	37
p.(I1311D)	48
p.(I1311C)	52
p.(I1311Q)	67
p.(I1311E)	39
p.(I1311G)	27
p.(I1311H)	76
p.(I1311I)	0
p.(I1311K)	63
p.(I1311M)	138
p.(I1311F)	77
p.(I1311P)	38
p.(I1311L)	397
p.(I1311S)	78
p.(I1311T)	181
p.(I1311W)	181
p.(I1311Y)	102
p.(I1311V)	170
p.(G1312A)	61
p.(G1312R)	59
p.(G1312N)	66
p.(G1312D)	94
p.(G1312C)	80
p.(G1312Q)	66
p.(G1312E)	96
p.(G1312G)	0
p.(G1312H)	119
p.(G1312I)	55
p.(G1312K)	180
p.(G1312M)	100
p.(G1312F)	32
p.(G1312P)	83
p.(G1312L)	55
p.(G1312S)	95
p.(G1312T)	64
p.(G1312W)	223
p.(G1312Y)	64
p.(G1312V)	60
p.(K1313A)	71
p.(K1313R)	271
p.(K1313N)	90
p.(K1313D)	47
p.(K1313C)	57
p.(K1313Q)	94
p.(K1313E)	34
p.(K1313G)	55
p.(K1313H)	60
p.(K1313I)	276
p.(K1313K)	0
p.(K1313M)	78
p.(K1313F)	101
p.(K1313P)	73
p.(K1313L)	135
p.(K1313S)	64
p.(K1313T)	95
p.(K1313W)	74
p.(K1313Y)	65
p.(K1313V)	81
p.(A1314A)	0
p.(A1314R)	52
p.(A1314N)	75
p.(A1314D)	74
p.(A1314C)	27
p.(A1314Q)	52
p.(A1314E)	139
p.(A1314G)	141
p.(A1314H)	969
p.(A1314I)	71
p.(A1314K)	92
p.(A1314M)	51
p.(A1314F)	64
p.(A1314P)	59
p.(A1314L)	23
p.(A1314S)	60
p.(A1314T)	86
p.(A1314W)	104
p.(A1314Y)	45
p.(A1314V)	355
p.(L1315A)	87
p.(L1315R)	67
p.(L1315N)	237
p.(L1315D)	49
p.(L1315C)	55
p.(L1315Q)	38
p.(L1315E)	64
p.(L1315G)	26
p.(L1315H)	100
p.(L1315I)	32
p.(L1315K)	60
p.(L1315M)	121
p.(L1315F)	66
p.(L1315P)	51
p.(L1315L)	0
p.(L1315S)	42
p.(L1315T)	107
p.(L1315W)	1066
p.(L1315Y)	73
p.(L1315V)	80
p.(A1316A)	0
p.(A1316R)	57
p.(A1316N)	36
p.(A1316D)	42
p.(A1316C)	26
p.(A1316Q)	67
p.(A1316E)	53
p.(A1316G)	79
p.(A1316H)	59
p.(A1316I)	68
p.(A1316K)	50
p.(A1316M)	108
p.(A1316F)	113
p.(A1316P)	59
p.(A1316L)	105
p.(A1316S)	69
p.(A1316T)	453
p.(A1316W)	99
p.(A1316Y)	41
p.(A1316V)	25
p.(I1317A)	52
p.(I1317R)	94
p.(I1317N)	83
p.(I1317D)	25
p.(I1317C)	65
p.(I1317Q)	52
p.(I1317E)	90
p.(I1317G)	41
p.(I1317H)	72
p.(I1317I)	0
p.(I1317K)	161
p.(I1317M)	199
p.(I1317F)	199
p.(I1317P)	91
p.(I1317L)	124
p.(I1317S)	89
p.(I1317T)	61
p.(I1317W)	46
p.(I1317Y)	244
p.(I1317V)	66
p.(P1318A)	122
p.(P1318R)	57
p.(P1318N)	43
p.(P1318D)	47
p.(P1318C)	69
p.(P1318Q)	1591
p.(P1318E)	69
p.(P1318G)	63
p.(P1318H)	55
p.(P1318I)	58
p.(P1318K)	204
p.(P1318M)	78
p.(P1318F)	62
p.(P1318P)	0
p.(P1318L)	65
p.(P1318S)	82
p.(P1318T)	244
p.(P1318W)	38
p.(P1318Y)	82
p.(P1318V)	38
p.(N1319A)	68
p.(N1319R)	79
p.(N1319N)	0
p.(N1319D)	17
p.(N1319C)	47
p.(N1319Q)	60
p.(N1319E)	96
p.(N1319G)	160
p.(N1319H)	104
p.(N1319I)	1356
p.(N1319K)	97
p.(N1319M)	78
p.(N1319F)	53
p.(N1319P)	37
p.(N1319L)	54
p.(N1319S)	33
p.(N1319T)	48
p.(N1319W)	65
p.(N1319Y)	134
p.(N1319V)	59
p.(Y1320A)	61
p.(Y1320R)	34
p.(Y1320N)	118
p.(Y1320D)	91
p.(Y1320C)	169
p.(Y1320Q)	48
p.(Y1320E)	49
p.(Y1320G)	29
p.(Y1320H)	64
p.(Y1320I)	35
p.(Y1320K)	76
p.(Y1320M)	1229
p.(Y1320F)	116
p.(Y1320P)	65
p.(Y1320L)	173
p.(Y1320S)	49
p.(Y1320T)	59
p.(Y1320W)	69
p.(Y1320Y)	0
p.(Y1320V)	48
p.(E1321A)	71
p.(E1321R)	80
p.(E1321N)	53
p.(E1321D)	310
p.(E1321C)	30
p.(E1321Q)	77
p.(E1321E)	0
p.(E1321G)	570
p.(E1321H)	65
p.(E1321I)	58
p.(E1321K)	66
p.(E1321M)	46
p.(E1321F)	78
p.(E1321P)	97
p.(E1321L)	37
p.(E1321S)	34
p.(E1321T)	67
p.(E1321W)	54
p.(E1321Y)	54
p.(E1321V)	34
p.(N1322A)	27
p.(N1322R)	81
p.(N1322N)	0
p.(N1322D)	294
p.(N1322C)	44
p.(N1322Q)	96
p.(N1322E)	76
p.(N1322G)	66
p.(N1322H)	50
p.(N1322I)	1432
p.(N1322K)	129
p.(N1322M)	51
p.(N1322F)	73
p.(N1322P)	23
p.(N1322L)	54
p.(N1322S)	99
p.(N1322T)	45
p.(N1322W)	52
p.(N1322Y)	31
p.(N1322V)	84
p.(L1323A)	71
p.(L1323R)	89
p.(L1323N)	42
p.(L1323D)	53
p.(L1323C)	62
p.(L1323Q)	46
p.(L1323E)	74
p.(L1323G)	84
p.(L1323H)	22
p.(L1323I)	49
p.(L1323K)	50
p.(L1323M)	183
p.(L1323F)	54
p.(L1323P)	482
p.(L1323L)	0
p.(L1323S)	73
p.(L1323T)	44
p.(L1323W)	63
p.(L1323Y)	53
p.(L1323V)	74
p.(R1324A)	64
p.(R1324R)	0
p.(R1324N)	61
p.(R1324D)	27
p.(R1324C)	72
p.(R1324Q)	41
p.(R1324E)	145
p.(R1324G)	61
p.(R1324H)	47
p.(R1324I)	101
p.(R1324K)	649
p.(R1324M)	56
p.(R1324F)	62
p.(R1324P)	108
p.(R1324L)	81
p.(R1324S)	75
p.(R1324T)	64
p.(R1324W)	29
p.(R1324Y)	57
p.(R1324V)	55
p.(R1325A)	62
p.(R1325R)	0
p.(R1325N)	59
p.(R1325D)	23
p.(R1325C)	46
p.(R1325Q)	49
p.(R1325E)	40
p.(R1325G)	88
p.(R1325H)	73
p.(R1325I)	291
p.(R1325K)	96
p.(R1325M)	90
p.(R1325F)	79
p.(R1325P)	68
p.(R1325L)	83
p.(R1325S)	105
p.(R1325T)	55
p.(R1325W)	55
p.(R1325Y)	103
p.(R1325V)	55
p.(N1326A)	71
p.(N1326R)	31
p.(N1326N)	0
p.(N1326D)	90
p.(N1326C)	70
p.(N1326Q)	43
p.(N1326E)	43
p.(N1326G)	49
p.(N1326H)	55
p.(N1326I)	401
p.(N1326K)	181
p.(N1326M)	124
p.(N1326F)	66
p.(N1326P)	72
p.(N1326L)	119
p.(N1326S)	58
p.(N1326T)	74
p.(N1326W)	68
p.(N1326Y)	75
p.(N1326V)	65
p.(W1327A)	59
p.(W1327R)	0
p.(W1327N)	52
p.(W1327D)	29
p.(W1327C)	110
p.(W1327Q)	34
p.(W1327E)	49
p.(W1327G)	69
p.(W1327H)	32
p.(W1327I)	65
p.(W1327K)	71
p.(W1327M)	52
p.(W1327F)	49
p.(W1327P)	42
p.(W1327L)	27
p.(W1327S)	62
p.(W1327T)	53
p.(W1327W)	0
p.(W1327Y)	23
p.(W1327V)	50
p.(L1328A)	194
p.(L1328R)	80
p.(L1328N)	49
p.(L1328D)	44
p.(L1328C)	86
p.(L1328Q)	24
p.(L1328E)	60
p.(L1328G)	63
p.(L1328H)	196
p.(L1328I)	198
p.(L1328K)	80
p.(L1328M)	64
p.(L1328F)	28
p.(L1328P)	30
p.(L1328L)	0
p.(L1328S)	44
p.(L1328T)	92
p.(L1328W)	75
p.(L1328Y)	37
p.(L1328V)	57
p.(E1329A)	68
p.(E1329R)	54
p.(E1329N)	42
p.(E1329D)	168
p.(E1329C)	46
p.(E1329Q)	45
p.(E1329E)	0
p.(E1329G)	74
p.(E1329H)	65
p.(E1329I)	61
p.(E1329K)	63
p.(E1329M)	66
p.(E1329F)	102
p.(E1329P)	27
p.(E1329L)	31
p.(E1329S)	50
p.(E1329T)	29
p.(E1329W)	33
p.(E1329Y)	100
p.(E1329V)	54
p.(L1330A)	29
p.(L1330R)	71
p.(L1330N)	74
p.(L1330D)	62
p.(L1330C)	446
p.(L1330Q)	54
p.(L1330E)	51
p.(L1330G)	53
p.(L1330H)	74
p.(L1330I)	193
p.(L1330K)	74
p.(L1330M)	84
p.(L1330F)	84
p.(L1330P)	64
p.(L1330L)	0
p.(L1330S)	211
p.(L1330T)	40
p.(L1330W)	76
p.(L1330Y)	81
p.(L1330V)	43
p.(F1331A)	70
p.(F1331R)	39
p.(F1331N)	51
p.(F1331D)	65
p.(F1331C)	57
p.(F1331Q)	65
p.(F1331E)	30
p.(F1331G)	67
p.(F1331H)	44
p.(F1331I)	48
p.(F1331K)	41
p.(F1331M)	67
p.(F1331F)	0
p.(F1331P)	60
p.(F1331L)	43
p.(F1331S)	69
p.(F1331T)	60
p.(F1331W)	71
p.(F1331Y)	75
p.(F1331V)	214
