{
  "aggregate_score": 0.9408974647521973,
  "ptm": 0.9826730489730835,
  "iptm": 0.9304535388946533,
  "per_chain_ptm": [
    [
      0.9776439070701599,
      0.9074093103408813
    ]
  ],
  "per_chain_pair_iptm": [
    [
      [
        0.9776439070701599,
        0.9304535388946533
      ],
      [
        0.9025151133537292,
        0.9074093103408813
      ]
    ]
  ],
  "has_inter_chain_clashes": false,
  "chain_intra_clashes": [
    [
      0,
      0
    ]
  ],
  "chain_chain_inter_clashes": [
    [
      [
        0,
        0
      ],
      [
        0,
        0
      ]
    ]
  ]
}