{
  "aggregate_score": 0.9422054290771484,
  "ptm": 0.98272705078125,
  "iptm": 0.9320749640464783,
  "per_chain_ptm": [
    [
      0.9776061773300171,
      0.907400369644165
    ]
  ],
  "per_chain_pair_iptm": [
    [
      [
        0.9776061773300171,
        0.9320749640464783
      ],
      [
        0.9027068018913269,
        0.907400369644165
      ]
    ]
  ],
  "has_inter_chain_clashes": false,
  "chain_intra_clashes": [
    [
      0,
      0
    ]
  ],
  "chain_chain_inter_clashes": [
    [
      [
        0,
        0
      ],
      [
        0,
        0
      ]
    ]
  ]
}