{
  "aggregate_score": 0.93856281042099,
  "ptm": 0.9826579689979553,
  "iptm": 0.9275389909744263,
  "per_chain_ptm": [
    [
      0.9778082370758057,
      0.8979723453521729
    ]
  ],
  "per_chain_pair_iptm": [
    [
      [
        0.9778082370758057,
        0.9275389909744263
      ],
      [
        0.9025411605834961,
        0.8979723453521729
      ]
    ]
  ],
  "has_inter_chain_clashes": false,
  "chain_intra_clashes": [
    [
      0,
      0
    ]
  ],
  "chain_chain_inter_clashes": [
    [
      [
        0,
        0
      ],
      [
        0,
        0
      ]
    ]
  ]
}